Distance (km),OrderVolume,TrafficLevel,Weather,DeliveryTime
2.1,9,Medium,Clear,21
45.5,4,High,Clear,219
37.88,9,Low,Rainy,130
24.17,1,Low,Rainy,81
47.2,9,Low,Clear,105
15.38,8,Low,Clear,37
34.06,2,Medium,Clear,96
15.95,7,Medium,Rainy,82
16.41,7,Low,Clear,42
42.39,2,Low,Rainy,142
39.56,8,Medium,Rainy,180
15.41,6,Medium,Rainy,81
4.99,6,Medium,Clear,31
18.52,5,Medium,Rainy,91
38.24,8,Low,Clear,93
5.93,10,Low,Rainy,41
33.93,9,Medium,Clear,106
44.6,5,Low,Clear,98
9.78,1,High,Rainy,84
43.25,6,Medium,Rainy,194
3.52,1,Medium,Clear,15
33.68,5,Medium,Clear,100
39.76,6,Low,Clear,91
22.79,3,Medium,Rainy,106
10.98,1,Medium,Clear,32
46.31,2,Medium,Clear,130
1.98,3,Medium,Clear,14
28.2,3,Medium,Clear,82
19.27,2,High,Rainy,155
23.59,6,Medium,Clear,69
27.29,7,Low,Rainy,102
27.2,5,Low,Clear,61
10.98,7,Medium,Rainy,62
34.31,3,Medium,Clear,99
1.94,5,Medium,Clear,25
2.04,3,High,Rainy,40
24.45,4,High,Clear,131
27.55,6,Medium,Rainy,124
14.47,4,Low,Clear,38
28.03,4,Medium,Clear,84
26.29,7,Low,Rainy,88
18.11,6,Low,Clear,50
32.94,1,High,Rainy,234
47.94,8,Medium,Rainy,217
25.05,1,High,Clear,119
39.52,9,High,Clear,209
13.13,4,Medium,Clear,48
38.34,7,High,Clear,203
32.8,5,Medium,Clear,101
32.35,10,Low,Clear,79
44.76,3,Medium,Clear,132
12.43,8,Medium,Rainy,73
19.05,10,Medium,Clear,63
5.07,2,High,Clear,35
36.58,10,Medium,Clear,113
42.35,3,Low,Rainy,142
20.89,5,Low,Clear,52
18.48,5,Medium,Clear,63
33.27,5,Low,Rainy,115
4.7,7,Low,Clear,23
15.4,8,Medium,Clear,55
18.94,8,Medium,Rainy,96
26.41,3,Medium,Clear,79
24.35,8,Medium,Clear,83
11.23,10,Low,Clear,37
27.5,2,Medium,Clear,79
46.37,4,Low,Clear,102
2.33,2,High,Clear,24
34.34,5,Medium,Clear,105
31.61,3,Low,Clear,71
46.3,10,Medium,Clear,143
32.62,10,Low,Clear,81
31.62,3,Medium,Clear,90
38.72,5,Low,Rainy,128
14.12,4,Medium,Rainy,66
30.19,6,Medium,Clear,94
26.45,5,Medium,Clear,81
22.49,10,Low,Clear,59
4.89,5,Medium,Rainy,36
15.34,3,Medium,Clear,50
14.72,4,Medium,Clear,45
36.49,3,High,Rainy,270
46.11,3,Low,Clear,100
12.31,10,Medium,Clear,49
4.66,9,Low,Clear,25
50.0,10,Low,Rainy,171
34.87,6,Low,Rainy,111
44.44,10,Medium,Clear,144
8.05,2,Medium,Clear,33
40.24,1,Medium,Clear,117
40.85,3,Medium,Rainy,172
8.42,3,Medium,Clear,34
8.91,4,Low,Rainy,39
15.48,4,Medium,Clear,54
11.62,5,Low,Clear,31
48.8,4,Low,Rainy,165
18.78,2,Medium,Clear,59
38.3,1,High,Clear,182
40.45,10,Low,Rainy,144
19.91,7,Medium,Clear,66
34.45,9,Low,Clear,81
6.28,9,High,Clear,65
20.45,1,Medium,Clear,56
48.4,9,Medium,Clear,148
9.26,1,Low,Rainy,33
19.9,1,High,Clear,98
39.74,2,Medium,Rainy,171
33.61,10,Low,Clear,80
31.94,6,Medium,Clear,97
42.81,9,Low,Clear,97
2.43,5,Low,Clear,17
38.79,9,Low,Clear,87
44.24,9,Low,Rainy,155
1.79,8,Medium,Clear,27
28.39,7,Medium,Rainy,140
18.08,3,Medium,Clear,63
3.49,10,High,Clear,43
21.47,3,Medium,Clear,68
32.56,4,Medium,Rainy,149
46.03,9,Low,Clear,109
31.41,3,Low,Clear,64
42.98,8,Medium,Rainy,188
6.96,8,Medium,Clear,36
11.32,6,High,Rainy,113
48.54,2,Low,Rainy,158
44.48,6,High,Clear,220
12.53,4,Low,Rainy,49
31.43,7,Medium,Clear,93
18.77,1,High,Rainy,144
23.96,3,Medium,Rainy,118
43.18,8,Medium,Clear,135
37.05,1,Medium,Rainy,158
12.68,10,High,Clear,93
16.48,3,Low,Clear,46
15.2,3,Low,Rainy,61
39.25,8,Medium,Clear,122
25.01,1,Low,Clear,59
47.59,10,Medium,Clear,139
41.02,5,Low,Clear,97
11.35,7,High,Rainy,119
39.51,4,Medium,Clear,111
25.8,10,Medium,Rainy,126
13.43,3,High,Clear,74
18.8,10,High,Rainy,179
48.63,6,High,Rainy,356
24.71,5,Medium,Clear,75
36.26,2,Low,Rainy,121
24.38,6,Medium,Clear,77
19.21,3,Medium,Rainy,88
40.02,9,Medium,Clear,113
42.57,3,High,Rainy,313
4.52,9,High,Clear,49
14.67,6,Medium,Clear,57
25.89,8,Medium,Clear,83
16.51,9,Medium,Clear,55
39.4,8,Medium,Clear,119
6.62,2,Medium,Clear,18
40.09,3,Medium,Clear,109
31.28,8,Medium,Rainy,145
15.18,5,Medium,Clear,51
17.88,10,Low,Clear,51
9.96,4,Low,Clear,34
13.38,6,High,Clear,81
36.15,6,Low,Clear,77
19.42,7,Medium,Clear,72
34.69,5,Medium,Clear,106
26.19,1,High,Clear,123
8.12,8,Medium,Rainy,59
25.45,1,Low,Clear,56
38.07,4,Low,Rainy,125
15.59,3,Low,Clear,39
32.76,3,Low,Clear,73
10.75,6,High,Clear,72
7.65,8,Medium,Clear,36
18.65,5,Low,Clear,43
20.07,6,Medium,Clear,67
38.29,6,Medium,Clear,111
23.54,1,Medium,Clear,65
4.98,7,High,Clear,46
32.07,1,Medium,Clear,87
23.99,7,Medium,Rainy,114
17.25,8,Medium,Clear,58
40.31,4,Low,Clear,81
8.56,8,Medium,Rainy,60
45.75,6,Medium,Clear,131
17.37,6,Medium,Clear,59
23.59,9,Low,Clear,62
46.53,6,Medium,Rainy,203
38.3,5,Medium,Clear,114
4.64,10,Medium,Clear,31
29.34,10,Medium,Rainy,144
16.21,6,Low,Rainy,59
25.92,8,Low,Rainy,97
37.41,9,High,Rainy,293
25.31,10,Medium,Clear,84
4.48,10,Low,Clear,24
26.97,8,Low,Clear,62
2.18,8,High,Clear,37
18.07,7,Low,Rainy,72
24.42,1,Medium,Rainy,112
32.59,4,Medium,Rainy,144
25.8,4,Medium,Clear,76
8.45,3,Low,Clear,17
46.68,4,Low,Clear,102
32.86,2,High,Rainy,241
16.53,3,Low,Clear,41
48.33,3,Medium,Clear,139
44.25,10,High,Clear,223
8.03,1,Medium,Rainy,39
33.12,7,Medium,Clear,109
28.44,4,Medium,Clear,86
10.45,8,High,Rainy,110
12.44,9,High,Rainy,127
28.62,2,Low,Clear,62
16.74,2,Low,Clear,44
41.91,2,High,Clear,197
5.79,8,High,Clear,53
45.79,2,Low,Clear,95
42.19,6,High,Rainy,304
37.19,5,Low,Clear,83
13.87,10,Low,Clear,42
36.03,9,Medium,Clear,111
22.5,2,Medium,Clear,73
32.05,1,Low,Rainy,106
16.32,2,High,Rainy,133
41.96,10,Medium,Clear,136
2.99,5,Medium,Clear,24
34.88,8,Medium,Clear,104
41.6,8,Low,Clear,93
32.67,2,Medium,Rainy,136
10.41,5,Medium,Clear,44
14.96,2,Medium,Rainy,81
26.23,7,Low,Rainy,98
17.14,10,Low,Rainy,73
1.24,8,Low,Clear,21
2.99,5,High,Rainy,57
38.62,1,High,Rainy,271
5.1,7,High,Clear,49
46.47,3,Medium,Rainy,198
22.69,2,Medium,Clear,67
38.15,6,Low,Rainy,129
7.15,2,Medium,Clear,31
46.4,10,Medium,Clear,145
2.66,8,Low,Clear,23
3.06,3,Low,Clear,17
3.67,2,Low,Clear,21
6.07,8,Low,Clear,23
24.85,6,Low,Clear,59
39.63,4,Low,Clear,90
14.96,5,Medium,Rainy,80
37.54,10,Low,Clear,88
38.93,7,High,Clear,197
45.51,4,High,Clear,219
8.32,7,High,Clear,62
7.64,6,Medium,Clear,36
6.98,5,Medium,Clear,31
18.61,3,Medium,Clear,51
24.98,1,Low,Clear,57
23.62,8,Medium,Clear,79
13.6,7,High,Clear,89
31.48,6,Medium,Clear,97
17.58,4,Medium,Clear,59
18.94,5,Medium,Clear,55
6.17,5,Medium,Clear,29
30.02,2,High,Clear,148
33.11,6,Low,Rainy,119
38.14,5,High,Clear,194
45.3,1,Medium,Clear,124
38.53,9,High,Clear,207
12.55,7,Medium,Rainy,73
12.55,2,Medium,Clear,43
45.84,6,High,Clear,226
39.72,1,High,Clear,185
39.33,2,Low,Clear,85
36.27,7,Medium,Rainy,167
14.09,3,Low,Clear,38
42.52,7,Low,Rainy,146
8.0,6,Medium,Clear,31
18.15,5,Low,Clear,43
17.98,10,Medium,Clear,73
28.45,9,Medium,Clear,93
23.71,10,High,Clear,142
23.53,5,Low,Clear,66
28.13,5,Low,Clear,61
21.36,8,Medium,Clear,69
13.25,7,Low,Clear,39
33.54,1,Low,Rainy,107
39.74,10,Low,Rainy,142
24.47,2,High,Clear,120
32.82,4,High,Clear,163
27.23,9,High,Clear,151
3.89,7,Medium,Clear,22
21.73,2,Medium,Rainy,99
1.48,8,High,Rainy,50
33.43,1,Medium,Clear,93
25.9,8,Medium,Clear,86
7.21,5,Medium,Clear,33
27.57,1,Medium,Clear,82
45.02,3,Medium,Clear,129
17.68,7,Medium,Clear,57
49.14,7,Low,Clear,109
48.01,8,Low,Clear,107
39.48,4,High,Clear,193
40.88,6,Medium,Clear,119
21.12,7,Low,Clear,56
20.72,8,Medium,Clear,74
47.77,3,Medium,Clear,132
18.94,5,High,Clear,103
5.75,8,Medium,Clear,36
8.48,6,Low,Clear,33
35.81,1,Medium,Clear,103
19.77,2,Medium,Rainy,87
10.77,3,High,Clear,68
40.88,7,Low,Rainy,144
24.95,10,Low,Clear,70
28.81,3,High,Clear,143
8.54,9,Medium,Clear,47
10.44,9,Medium,Clear,41
7.17,8,High,Clear,63
26.21,9,Low,Clear,70
39.01,8,Medium,Clear,122
36.88,9,Medium,Clear,107
13.8,4,Medium,Rainy,66
42.73,4,Medium,Clear,125
6.18,5,Medium,Rainy,47
6.59,7,Low,Clear,24
42.62,9,High,Clear,218
12.98,4,Medium,Clear,45
35.7,7,Low,Rainy,123
1.44,6,Medium,Rainy,36
5.59,9,Low,Clear,29
30.86,9,Medium,Clear,95
9.94,9,High,Clear,77
2.38,5,Low,Clear,10
23.88,3,Low,Clear,55
17.2,6,Medium,Clear,55
40.31,2,Medium,Clear,107
41.12,7,Medium,Clear,124
31.11,7,Medium,Clear,96
15.36,2,Low,Clear,39
23.62,6,Low,Clear,53
35.41,4,Low,Rainy,129
4.4,7,Medium,Clear,26
17.29,8,Low,Rainy,75
41.3,10,Medium,Clear,127
20.9,1,Low,Rainy,72
31.61,5,High,Rainy,238
5.72,9,High,Clear,64
39.08,2,Medium,Clear,120
5.92,4,High,Clear,44
43.21,8,High,Clear,220
6.22,5,Medium,Clear,29
44.65,8,High,Rainy,343
18.82,10,High,Rainy,181
31.6,10,Medium,Clear,96
42.48,1,High,Rainy,292
1.5,7,High,Rainy,48
14.02,6,Low,Clear,35
45.51,2,High,Clear,214
20.02,7,Medium,Clear,70
35.61,3,High,Clear,179
7.86,4,Low,Clear,25
34.24,6,Low,Clear,83
4.58,3,High,Clear,37
36.15,1,Medium,Clear,107
16.87,10,Medium,Clear,58
23.83,1,Medium,Clear,70
9.15,6,Medium,Clear,31
31.76,4,Medium,Clear,95
17.54,7,High,Clear,105
19.79,9,Medium,Rainy,98
32.96,8,Medium,Clear,103
9.76,3,High,Rainy,93
42.75,7,Medium,Clear,131
37.23,1,Medium,Clear,110
29.31,2,High,Clear,145
7.29,9,High,Clear,64
34.67,10,High,Clear,180
1.89,8,Medium,Clear,22
40.42,7,Medium,Clear,122
15.89,10,Medium,Rainy,90
6.74,2,Low,Rainy,31
9.06,2,Low,Clear,27
48.19,7,Low,Rainy,158
38.92,7,High,Rainy,299
12.66,6,High,Rainy,121
48.21,10,Medium,Clear,143
7.87,5,Medium,Clear,37
36.94,6,Low,Clear,83
33.18,9,Low,Rainy,128
41.25,4,Medium,Clear,122
19.7,10,High,Clear,120
20.69,1,Low,Clear,50
31.6,9,Low,Clear,81
20.51,8,High,Clear,115
3.03,2,Medium,Clear,16
36.76,4,Low,Clear,80
32.41,3,Low,Rainy,118
21.76,3,Medium,Clear,61
15.84,6,Medium,Clear,58
16.72,7,Medium,Clear,57
37.31,8,High,Clear,190
36.73,7,Low,Clear,87
41.13,9,Medium,Rainy,188
38.35,2,Low,Clear,87
38.14,10,Medium,Rainy,179
13.34,4,Medium,Rainy,66
5.98,2,Low,Clear,23
38.33,3,Medium,Clear,110
5.83,10,Low,Clear,23
49.12,1,Low,Clear,101
43.88,8,Low,Rainy,150
27.14,5,Medium,Rainy,132
18.26,5,High,Clear,92
26.82,8,Medium,Clear,89
36.98,9,High,Clear,196
38.06,9,Medium,Clear,120
4.61,10,Medium,Clear,31
40.44,9,High,Clear,207
32.43,2,Low,Clear,77
2.99,7,Medium,Clear,18
16.34,7,Medium,Clear,54
26.02,4,Low,Clear,53
10.23,5,Low,Clear,29
8.61,6,Medium,Clear,47
1.7,7,Medium,Clear,16
45.67,2,Medium,Clear,130
3.75,10,Medium,Clear,27
18.93,2,Medium,Clear,57
11.08,2,Medium,Rainy,53
37.31,5,High,Rainy,277
35.65,6,Medium,Rainy,157
40.5,6,Low,Clear,99
31.22,3,High,Clear,154
29.99,4,Low,Clear,63
20.95,7,Medium,Clear,75
32.18,7,Medium,Clear,93
6.65,6,Medium,Clear,35
34.54,1,Medium,Rainy,146
6.09,10,Medium,Clear,40
43.23,6,Low,Clear,94
25.78,1,Medium,Clear,79
26.99,5,High,Clear,143
29.66,6,Medium,Clear,92
39.03,7,Medium,Rainy,176
24.45,8,Medium,Clear,77
21.95,9,Low,Rainy,99
15.13,6,Medium,Clear,54
7.27,7,Medium,Clear,34
10.33,4,High,Clear,64
1.03,10,Medium,Clear,24
43.6,7,High,Clear,220
38.48,10,Medium,Clear,122
11.72,1,Low,Clear,29
1.12,3,Low,Clear,13
25.11,1,Medium,Clear,77
21.22,8,Medium,Clear,79
39.02,3,High,Clear,190
20.74,7,Low,Clear,57
43.34,2,Medium,Clear,118
5.7,5,Medium,Rainy,41
18.93,3,Medium,Clear,54
46.76,10,Medium,Rainy,207
1.57,3,Medium,Clear,15
20.15,5,Low,Clear,53
13.73,8,Medium,Rainy,81
27.06,2,Medium,Clear,77
14.66,4,Medium,Clear,53
43.63,4,High,Clear,207
46.92,5,Medium,Clear,133
42.61,6,Medium,Rainy,187
20.53,9,Medium,Clear,68
49.51,5,High,Clear,237
37.02,10,Low,Clear,90
18.42,8,Medium,Clear,63
5.59,5,Medium,Rainy,41
33.69,3,Low,Rainy,119
36.7,6,Medium,Clear,113
7.0,4,Low,Clear,23
27.94,5,High,Clear,143
49.37,8,Medium,Clear,150
16.99,4,High,Clear,90
15.79,7,High,Clear,94
45.26,3,High,Rainy,325
6.75,4,Low,Clear,22
46.74,8,Medium,Rainy,201
39.19,8,Medium,Rainy,179
20.15,9,High,Clear,123
5.09,4,Low,Clear,21
1.94,10,Medium,Clear,28
19.42,4,Medium,Clear,62
35.56,5,High,Clear,182
24.89,5,High,Clear,126
37.19,3,Medium,Clear,113
33.86,1,Medium,Rainy,150
29.07,10,Medium,Rainy,146
48.41,1,Medium,Clear,136
36.69,8,Low,Clear,78
45.82,4,Low,Clear,96
12.87,10,Medium,Rainy,81
35.97,2,Low,Rainy,115
30.29,6,Medium,Clear,96
46.29,9,Low,Clear,106
26.01,5,Medium,Clear,78
14.7,3,Medium,Rainy,73
19.86,4,Low,Clear,42
11.72,2,Medium,Rainy,53
11.78,7,Medium,Clear,45
24.05,4,High,Rainy,187
44.74,4,Medium,Clear,127
10.4,8,High,Clear,73
15.11,10,Medium,Clear,47
42.8,5,Medium,Clear,125
17.62,3,Medium,Rainy,89
48.16,6,Medium,Clear,136
14.18,8,Low,Clear,42
22.67,10,Medium,Clear,83
5.68,1,Medium,Clear,20
49.62,9,Medium,Clear,140
44.62,4,Medium,Clear,133
41.06,5,Medium,Clear,116
8.71,10,Low,Clear,32
48.5,3,Low,Clear,101
46.53,9,Medium,Clear,135
22.35,6,Medium,Clear,69
34.4,1,High,Clear,167
49.63,9,Medium,Clear,150
21.08,5,Medium,Clear,72
6.54,3,Medium,Clear,29
43.52,4,High,Rainy,313
24.35,5,High,Rainy,191
49.36,1,High,Rainy,344
27.99,10,Medium,Clear,97
2.44,3,Medium,Clear,19
25.09,7,Medium,Clear,81
36.19,9,Low,Clear,89
2.28,6,High,Clear,29
21.26,4,Low,Clear,61
8.62,4,High,Rainy,83
32.51,9,Low,Rainy,117
47.91,1,Medium,Clear,128
31.6,6,Medium,Clear,91
35.05,4,Medium,Clear,100
20.43,3,Medium,Clear,65
28.59,1,High,Rainy,209
27.65,5,Low,Clear,61
38.22,4,High,Clear,182
42.99,10,High,Clear,216
33.48,4,Medium,Clear,103
49.01,8,Medium,Rainy,222
41.59,2,High,Clear,199
7.11,10,Medium,Clear,39
25.87,10,High,Clear,142
45.26,4,Medium,Clear,131
47.25,1,Medium,Clear,129
19.63,2,High,Clear,88
36.56,10,Low,Rainy,127
21.12,10,Medium,Clear,80
7.06,3,Medium,Rainy,47
44.35,1,Medium,Clear,123
46.67,2,Low,Clear,101
25.73,7,Medium,Clear,81
1.9,10,Medium,Clear,23
40.99,10,Low,Rainy,145
24.37,6,Medium,Clear,73
4.68,2,Low,Clear,19
10.28,1,Low,Clear,31
8.45,10,Medium,Clear,44
34.63,9,Medium,Clear,112
15.67,1,Medium,Clear,48
7.26,10,Low,Clear,24
45.96,5,Low,Clear,102
47.87,9,Low,Rainy,169
7.79,9,Medium,Clear,43
12.28,6,High,Clear,82
30.01,3,Medium,Clear,90
8.37,2,Medium,Rainy,54
8.77,3,High,Rainy,85
17.49,1,Medium,Clear,48
47.51,3,Medium,Clear,132
48.16,2,High,Clear,228
42.25,8,High,Rainy,314
35.09,10,Medium,Clear,109
36.31,7,Medium,Clear,114
24.01,1,Low,Clear,59
26.98,1,Medium,Clear,79
32.09,5,Low,Clear,73
36.83,4,Medium,Clear,110
5.75,8,Medium,Clear,33
12.02,8,Low,Clear,32
48.18,3,Low,Clear,103
17.42,5,Medium,Clear,60
14.16,7,Low,Clear,25
21.67,8,High,Clear,123
15.26,3,High,Clear,84
5.47,8,High,Rainy,82
11.19,10,Medium,Clear,44
32.37,9,Medium,Clear,103
11.94,3,High,Rainy,97
32.74,2,Low,Clear,70
5.9,2,Medium,Clear,25
3.05,5,Low,Clear,10
43.22,10,Low,Clear,99
38.24,1,Medium,Rainy,163
33.64,6,High,Clear,175
2.51,7,Low,Clear,20
12.73,5,Low,Clear,29
40.8,8,Low,Clear,90
8.09,6,High,Rainy,89
40.83,1,High,Clear,191
29.63,9,Medium,Clear,94
37.28,5,Medium,Clear,107
32.58,5,Medium,Clear,105
21.43,1,Medium,Clear,59
15.31,5,Low,Rainy,64
33.96,3,High,Clear,172
40.54,10,Medium,Clear,121
3.19,3,Medium,Clear,24
19.62,10,Low,Clear,61
18.19,8,Low,Rainy,73
28.41,9,Low,Clear,73
6.58,6,Medium,Clear,28
46.74,3,High,Clear,229
27.88,8,High,Rainy,220
46.26,3,Low,Clear,97
41.03,7,Medium,Rainy,187
10.39,2,Low,Clear,31
7.48,6,Medium,Rainy,51
43.2,8,Medium,Clear,133
27.27,3,High,Clear,130
1.97,9,Low,Clear,21
46.78,9,High,Clear,238
24.18,3,Medium,Rainy,113
15.75,3,Medium,Clear,50
26.31,5,Low,Clear,67
41.32,9,Medium,Clear,129
6.4,1,Low,Clear,18
18.59,1,Medium,Clear,54
16.62,1,Medium,Clear,52
42.14,4,Low,Clear,89
39.14,7,Medium,Clear,116
20.61,2,Medium,Clear,67
33.56,3,High,Clear,162
20.33,4,Medium,Clear,60
28.99,1,Medium,Clear,89
49.57,2,High,Rainy,352
27.24,2,Medium,Clear,81
49.44,6,High,Rainy,363
37.61,4,Medium,Clear,106
6.92,7,Medium,Clear,40
40.0,8,Low,Clear,92
8.9,2,Medium,Clear,24
27.08,2,High,Clear,133
31.05,5,Low,Clear,78
44.72,4,Medium,Rainy,191
11.31,10,Medium,Clear,54
43.92,2,High,Clear,209
46.79,9,High,Clear,234
5.38,9,Medium,Clear,29
44.38,10,Medium,Clear,139
13.7,4,Medium,Clear,50
4.97,2,High,Clear,32
47.97,3,Low,Clear,107
20.22,8,High,Clear,117
31.53,8,Low,Clear,75
28.09,7,Low,Clear,74
11.45,4,Medium,Clear,49
33.81,1,Medium,Rainy,141
3.26,10,Medium,Clear,19
10.95,9,Medium,Clear,47
47.29,7,Medium,Rainy,212
47.72,1,Medium,Clear,131
24.65,5,Low,Clear,57
9.28,3,Medium,Rainy,48
21.66,2,High,Clear,111
43.98,3,Medium,Clear,119
4.44,6,Medium,Clear,25
7.27,7,Medium,Clear,33
44.89,10,High,Rainy,348
21.35,9,Medium,Rainy,114
5.09,10,High,Clear,54
7.82,7,Low,Rainy,37
44.24,1,Low,Clear,89
25.02,7,Medium,Clear,84
8.99,1,Low,Clear,30
44.81,8,Medium,Rainy,195
42.42,2,Medium,Clear,127
2.13,2,Medium,Rainy,29
29.47,1,Medium,Clear,81
12.97,9,High,Clear,87
27.12,8,Low,Rainy,104
14.68,9,High,Clear,95
16.48,8,Medium,Clear,58
30.49,4,Low,Clear,74
27.4,9,Low,Clear,72
20.36,8,Low,Clear,50
6.27,1,High,Clear,43
48.5,10,Low,Clear,113
9.56,5,Medium,Clear,37
32.02,9,Medium,Clear,100
5.05,8,Low,Rainy,31
34.73,1,Medium,Clear,97
5.65,6,Medium,Rainy,42
12.25,6,Medium,Clear,48
32.7,2,Low,Clear,78
14.86,2,Medium,Rainy,70
27.11,1,Low,Clear,61
7.1,6,High,Clear,52
10.92,9,Medium,Clear,46
36.96,8,Low,Clear,90
2.72,5,Medium,Clear,20
6.48,8,Medium,Clear,32
11.53,2,High,Clear,65
1.99,6,Low,Clear,16
5.67,2,Medium,Clear,24
14.79,8,Medium,Clear,52
5.55,2,Low,Clear,22
43.44,5,Low,Clear,94
4.24,7,Medium,Clear,32
43.19,7,High,Clear,212
41.32,4,Medium,Rainy,187
5.94,8,Medium,Clear,37
2.23,7,Medium,Clear,17
3.45,10,Medium,Clear,29
29.93,5,High,Clear,154
33.85,4,High,Clear,166
31.41,2,Medium,Rainy,141
27.53,2,Medium,Clear,84
9.56,4,Medium,Rainy,59
42.21,8,Low,Rainy,150
17.05,6,Medium,Rainy,86
49.32,9,Medium,Clear,148
19.86,2,High,Clear,105
13.89,7,Medium,Rainy,73
44.82,1,Medium,Rainy,185
28.8,2,High,Clear,144
36.37,9,High,Rainy,281
21.01,8,High,Clear,122
44.46,9,Medium,Rainy,200
45.97,7,Low,Clear,98
22.4,10,Medium,Clear,81
12.8,9,Medium,Clear,59
32.74,4,High,Clear,163
47.77,3,Medium,Clear,133
31.5,4,Medium,Clear,94
47.76,5,Medium,Rainy,208
17.85,10,Medium,Clear,61
45.84,4,Medium,Clear,133
6.52,4,Medium,Rainy,43
18.58,7,Low,Clear,42
25.23,4,Medium,Clear,75
33.0,4,Medium,Clear,97
15.41,9,Low,Clear,43
46.29,9,Low,Clear,108
45.27,5,Low,Rainy,151
40.17,9,Medium,Clear,120
6.6,2,Low,Clear,26
4.84,5,Low,Rainy,23
25.41,7,Medium,Clear,79
38.5,8,Low,Clear,94
7.04,5,High,Clear,55
32.43,9,Medium,Clear,102
26.86,3,Low,Clear,68
36.57,8,Low,Clear,83
22.33,9,Low,Clear,62
34.97,7,Medium,Rainy,154
8.82,5,Low,Clear,27
11.52,9,Low,Clear,39
45.26,8,Medium,Clear,137
17.14,8,Medium,Clear,59
49.29,6,High,Rainy,357
3.26,2,Medium,Clear,25
25.3,4,Low,Rainy,89
16.92,1,Low,Clear,36
49.8,10,Medium,Clear,147
49.51,5,Low,Clear,113
12.53,10,Medium,Clear,57
14.1,1,Low,Clear,32
37.73,6,High,Clear,198
44.59,10,High,Clear,227
33.52,8,High,Rainy,262
43.37,10,Medium,Rainy,195
4.1,1,Medium,Rainy,24
32.39,6,High,Clear,168
35.31,4,Medium,Rainy,153
10.33,9,Medium,Clear,41
39.12,8,Low,Clear,89
47.27,4,Medium,Clear,138
45.0,2,Low,Clear,89
13.0,6,Medium,Clear,51
16.88,3,Medium,Clear,50
25.48,1,Medium,Clear,80
8.76,7,Medium,Rainy,65
47.74,4,Medium,Rainy,203
8.92,9,Low,Rainy,55
38.31,10,Medium,Clear,116
17.73,10,Medium,Clear,60
29.11,3,High,Clear,139
3.31,10,High,Clear,41
11.05,10,Low,Clear,37
22.78,10,Medium,Rainy,113
34.18,1,Medium,Clear,107
39.1,2,Low,Clear,83
2.48,4,Low,Clear,11
8.47,7,Low,Rainy,41
36.76,8,Medium,Clear,114
40.84,4,High,Clear,202
12.59,3,Low,Clear,37
12.25,10,Low,Rainy,60
5.31,9,Medium,Clear,37
8.36,8,Medium,Clear,39
1.39,6,Low,Clear,15
29.9,9,Medium,Clear,98
45.29,8,Low,Clear,103
8.33,7,Medium,Rainy,56
37.82,6,Medium,Clear,109
29.11,10,Medium,Clear,89
47.06,3,Medium,Rainy,204
40.11,6,Medium,Clear,118
42.78,4,Medium,Clear,120
32.32,5,Low,Clear,76
40.76,7,Medium,Clear,127
18.19,7,Medium,Clear,66
11.24,9,High,Clear,84
45.71,9,Low,Rainy,154
36.98,6,Low,Rainy,124
5.44,6,Medium,Rainy,41
43.48,2,Medium,Rainy,185
18.1,8,Medium,Rainy,98
15.62,3,Low,Clear,40
31.54,1,Medium,Clear,95
28.86,4,Medium,Clear,87
27.37,5,Medium,Clear,88
13.49,3,High,Clear,69
48.03,7,Low,Clear,110
47.56,5,Low,Clear,114
1.2,10,Medium,Rainy,35
17.55,5,Medium,Clear,58
3.23,6,Low,Clear,18
42.66,6,High,Rainy,318
44.44,9,Medium,Clear,129
26.4,3,Medium,Clear,80
42.14,8,High,Clear,212
35.46,7,Medium,Clear,107
25.48,9,Medium,Rainy,124
18.83,5,Medium,Rainy,96
14.05,7,Low,Rainy,55
13.71,8,High,Clear,87
28.54,9,Low,Rainy,111
9.17,8,High,Clear,73
9.56,2,Medium,Clear,33
1.51,6,Low,Rainy,14
31.05,4,Low,Clear,77
49.72,4,Medium,Clear,140
44.57,9,Medium,Clear,132
35.58,7,High,Rainy,275
39.49,6,Low,Clear,91
21.43,2,Medium,Rainy,96
15.61,1,High,Clear,82
19.06,10,Medium,Clear,70
4.99,4,Medium,Rainy,32
32.06,9,Low,Clear,76
9.57,4,High,Rainy,96
38.38,2,Medium,Clear,114
10.31,8,Medium,Clear,48
12.18,6,Low,Clear,33
47.91,1,Medium,Clear,136
6.16,4,High,Clear,44
25.44,10,Medium,Rainy,127
4.07,5,Low,Clear,14
5.43,1,Medium,Rainy,32
32.04,2,Medium,Clear,90
31.91,9,Medium,Clear,106
10.46,1,High,Clear,54
43.75,8,Medium,Clear,133
35.41,9,Medium,Clear,117
15.73,2,Medium,Clear,49
13.17,2,Low,Clear,39
37.96,7,High,Rainy,284
36.95,10,Medium,Clear,121
8.29,9,Medium,Clear,35
18.11,10,Low,Clear,51
11.62,9,Medium,Clear,43
15.41,3,Low,Clear,41
15.09,7,Medium,Clear,63
48.83,6,Medium,Rainy,210
37.76,8,Medium,Clear,109
39.22,8,Low,Rainy,136
14.59,8,Low,Rainy,67
1.03,8,Low,Clear,17
3.85,10,Medium,Clear,41
28.1,6,Medium,Clear,87
14.99,9,Medium,Clear,63
10.45,5,Medium,Clear,33
3.43,4,Low,Rainy,31
43.92,7,Low,Rainy,150
30.41,3,Medium,Clear,89
6.26,8,Medium,Clear,27
38.55,8,Medium,Clear,115
38.04,5,Low,Rainy,128
15.18,10,Medium,Clear,61
10.23,8,Low,Clear,33
40.89,3,Medium,Clear,126
17.15,3,High,Clear,85
42.52,4,Medium,Clear,124
3.14,9,Medium,Rainy,29
25.47,5,Low,Rainy,91
9.8,6,Low,Clear,32
33.93,4,Medium,Clear,99
49.86,9,Medium,Clear,154
21.21,4,Medium,Clear,70
5.92,3,Medium,Rainy,40
16.57,2,High,Clear,90
44.68,3,High,Clear,212
38.52,1,High,Clear,182
12.38,8,Medium,Clear,58
47.73,1,Medium,Clear,131
31.49,6,High,Clear,158
9.23,2,Medium,Clear,39
29.04,3,Medium,Clear,90
23.11,9,Low,Clear,60
41.17,9,High,Clear,208
17.86,6,High,Rainy,160
43.87,7,Medium,Clear,128
40.79,5,Medium,Rainy,181
34.06,7,High,Clear,180
13.67,6,High,Clear,84
48.55,5,Medium,Clear,143
27.88,3,Medium,Rainy,123
45.47,2,Medium,Clear,125
11.57,5,Low,Clear,27
49.19,8,Medium,Clear,149
40.99,5,Medium,Clear,118
47.51,3,High,Clear,227
11.41,10,Low,Clear,39
22.1,3,Low,Rainy,79
5.78,5,Medium,Rainy,40
7.71,9,Low,Clear,28
14.91,8,Medium,Clear,56
47.63,7,Low,Clear,98
33.69,5,Medium,Rainy,142
16.42,9,Low,Rainy,73
47.77,2,Medium,Rainy,206
37.25,6,Medium,Rainy,169
45.44,7,Low,Clear,109
46.43,7,Medium,Clear,139
37.79,4,Low,Rainy,129
12.91,2,High,Clear,67
49.83,1,Medium,Clear,139
16.93,1,High,Clear,85
33.91,3,Low,Clear,70
42.4,7,Low,Clear,99
9.58,5,Medium,Clear,39
30.84,7,Medium,Clear,97
19.38,9,Low,Clear,52
12.97,8,Medium,Clear,57
1.58,1,Medium,Rainy,21
43.73,4,Low,Clear,94
7.66,5,Medium,Clear,33
44.03,7,High,Clear,214
30.43,8,Medium,Clear,91
31.43,8,High,Clear,165
41.6,4,Low,Clear,93
25.96,7,Low,Rainy,96
18.51,2,Low,Rainy,66
7.8,9,Medium,Clear,25
28.95,6,Medium,Rainy,129
28.11,4,Low,Clear,63
15.4,6,Medium,Clear,57
30.4,7,Medium,Clear,93
22.53,10,High,Clear,132
40.47,8,Medium,Clear,121
28.41,4,Low,Clear,72
46.75,9,Medium,Rainy,211
26.38,6,Low,Rainy,94
44.49,1,Medium,Rainy,191
26.51,3,Medium,Clear,77
28.34,1,High,Clear,137
18.97,6,High,Clear,102
20.61,6,High,Rainy,175
46.72,7,Medium,Rainy,206
11.94,1,High,Clear,68
6.95,1,Medium,Clear,32
41.68,5,Medium,Rainy,189
29.27,5,Medium,Clear,88
14.95,1,Medium,Clear,48
22.19,7,Low,Rainy,85
26.72,7,Medium,Clear,86
30.01,6,High,Clear,156
41.23,7,Low,Clear,99
20.32,6,Medium,Clear,66
34.15,10,Medium,Clear,116
41.9,2,High,Clear,198
42.34,5,Medium,Clear,120
13.46,7,Medium,Clear,47
18.16,2,Medium,Rainy,82
30.15,5,High,Clear,155
44.4,3,Low,Clear,90
39.73,9,Medium,Clear,114
29.61,10,Low,Clear,71
49.2,1,Medium,Clear,136
22.51,7,Low,Clear,58
42.28,10,High,Clear,218
41.1,4,High,Clear,201
45.49,5,Medium,Rainy,196
49.4,1,Medium,Clear,134
25.29,5,High,Clear,136
10.59,8,Medium,Clear,45
23.58,6,Medium,Clear,77
42.84,2,High,Clear,204
41.97,2,Medium,Clear,119
17.46,9,Low,Clear,51
3.32,1,High,Clear,36
25.98,2,Low,Clear,57
24.23,8,High,Clear,133
5.2,6,High,Clear,53
39.95,3,Medium,Clear,112
14.9,3,Low,Clear,38
32.64,9,High,Rainy,259
5.97,2,High,Clear,46
43.17,10,Low,Clear,100
37.22,5,Medium,Clear,106
20.03,7,Medium,Clear,66
31.84,6,Medium,Clear,100
10.19,1,Medium,Clear,34
49.29,10,Medium,Clear,148
40.01,3,Low,Clear,90
39.66,5,Low,Clear,85
8.52,3,High,Clear,57
1.87,3,Medium,Clear,21
29.68,5,Medium,Rainy,139
8.06,8,High,Clear,62
39.24,10,Low,Clear,92
21.39,8,Medium,Clear,67
17.59,8,Medium,Clear,62
4.61,6,Medium,Clear,19
49.81,9,Medium,Clear,143
47.84,5,Medium,Rainy,204
7.45,10,High,Clear,63
17.31,7,Medium,Clear,63
20.15,1,Medium,Clear,66
15.54,4,Low,Rainy,61
46.79,1,Medium,Clear,133
36.35,10,High,Clear,193
47.84,2,Medium,Clear,135
43.85,6,High,Clear,217
37.97,1,Medium,Clear,110
35.15,9,High,Clear,192
43.44,6,Medium,Clear,131
34.52,8,Medium,Clear,100
10.25,10,High,Clear,74
32.76,10,Medium,Clear,106
26.24,8,Low,Clear,66
49.11,2,Medium,Rainy,209
25.99,2,High,Clear,129
2.88,3,Low,Clear,11
13.95,8,High,Clear,88
45.95,8,Medium,Clear,134
48.16,5,Medium,Rainy,208
36.7,2,Low,Clear,82
3.79,4,Low,Clear,21
2.15,4,High,Clear,25
24.5,7,Low,Rainy,89
49.98,4,Medium,Rainy,216
43.6,10,Low,Clear,105
46.72,6,Medium,Clear,139
31.55,2,Low,Rainy,108
43.1,2,Medium,Rainy,178
16.67,5,Low,Clear,50
2.34,1,High,Clear,20
45.99,2,Medium,Clear,130
11.7,3,Medium,Clear,47
36.7,9,Medium,Clear,108
33.29,9,High,Rainy,266
8.75,7,High,Clear,60
10.59,5,High,Rainy,107
17.12,2,Medium,Rainy,76
38.09,2,High,Rainy,271
2.92,8,Low,Clear,21
20.95,3,Low,Clear,53
33.59,7,Medium,Clear,104
9.4,6,High,Clear,68
6.85,6,Low,Clear,28
20.12,3,High,Rainy,160
15.04,6,Low,Rainy,60
32.81,4,Medium,Clear,91
48.51,1,High,Clear,222
1.22,8,High,Rainy,55
45.22,9,Medium,Clear,137
22.23,3,Medium,Rainy,101
33.54,1,Low,Clear,71
42.7,1,Low,Rainy,131
29.1,1,High,Rainy,215
5.77,9,Low,Clear,23
7.89,10,Low,Clear,30
39.67,5,Medium,Clear,119
12.23,3,Medium,Clear,39
28.88,10,Medium,Clear,95
21.98,9,Medium,Rainy,112
15.88,10,Low,Clear,47
39.56,9,High,Clear,201
36.83,6,Low,Clear,87
32.66,5,Medium,Rainy,148
19.26,1,Low,Rainy,70
12.1,6,Medium,Clear,46
26.28,5,Low,Rainy,89
41.04,9,Medium,Clear,124
29.21,7,High,Clear,149
48.54,3,Low,Rainy,164
1.76,5,High,Clear,28
49.92,6,Low,Rainy,167
34.88,2,Low,Clear,78
41.8,7,Medium,Rainy,185
17.41,9,Medium,Clear,68
25.91,10,Medium,Rainy,130
40.05,9,Low,Clear,91
38.27,5,Low,Clear,86
17.37,8,Low,Rainy,73
16.9,9,High,Clear,103
33.48,6,Medium,Rainy,151
46.75,4,Medium,Clear,135
22.5,4,Medium,Rainy,104
18.29,3,Medium,Clear,59
44.84,9,High,Rainy,343
34.47,10,Low,Clear,81
20.03,6,Medium,Clear,64
3.81,8,Medium,Clear,20
36.35,2,Low,Clear,85
18.29,4,Low,Rainy,70
4.46,2,Medium,Clear,19
31.0,3,Low,Rainy,102
16.83,2,Low,Clear,33
17.58,9,Medium,Rainy,90
24.48,9,Medium,Clear,88
36.16,6,Low,Clear,79
14.54,7,Low,Clear,39
4.97,5,High,Rainy,70
21.8,10,High,Clear,124
3.69,1,Medium,Clear,18
35.17,4,High,Clear,172
48.0,4,High,Clear,229
33.28,8,Medium,Rainy,155
14.49,5,Medium,Rainy,70
9.9,3,High,Clear,59
12.41,1,Medium,Rainy,60
11.86,1,Medium,Clear,31
16.38,5,Low,Rainy,70
5.77,8,Medium,Clear,37
44.89,9,High,Clear,223
44.37,10,Medium,Clear,132
31.15,10,Medium,Clear,106
4.03,2,Low,Clear,16
40.4,5,High,Clear,201
4.03,4,Medium,Clear,26
6.21,3,Medium,Clear,29
16.94,8,Medium,Clear,61
22.14,2,Medium,Clear,64
18.34,2,Medium,Rainy,85
9.1,5,Medium,Rainy,61
6.49,10,Medium,Clear,42
43.11,10,High,Clear,221
18.8,10,Low,Clear,46
11.71,1,Low,Clear,28
24.86,7,Low,Rainy,82
2.8,9,Medium,Clear,28
30.41,2,Medium,Rainy,130
13.18,10,Medium,Clear,50
30.31,1,Medium,Clear,82
31.09,9,Medium,Clear,97
40.65,2,Low,Clear,84
12.27,9,Medium,Clear,52
23.71,8,High,Clear,124
48.13,7,High,Clear,240
36.63,1,High,Rainy,265
48.79,4,Low,Clear,109
46.44,7,Low,Clear,101
30.93,6,Low,Clear,72
13.93,1,High,Clear,73
38.09,7,High,Clear,187
35.21,2,Medium,Clear,96
29.86,8,Medium,Rainy,144
35.19,2,Medium,Clear,96
31.07,4,Medium,Clear,98
26.45,6,Medium,Clear,85
21.38,8,High,Clear,118
3.19,3,Medium,Clear,22
43.42,6,Low,Clear,98
43.41,6,Medium,Rainy,196
30.11,1,Medium,Rainy,130
14.13,6,Medium,Clear,54
2.38,1,Low,Clear,13
1.07,9,Medium,Clear,20
4.57,4,Low,Clear,17
18.63,5,High,Clear,106
10.23,1,Medium,Clear,36
13.99,1,Medium,Clear,49
35.28,9,Low,Clear,88
48.0,6,Low,Clear,109
11.13,10,High,Clear,76
23.82,10,Medium,Rainy,126
49.58,6,Low,Clear,111
46.65,5,High,Clear,225
18.26,6,High,Clear,104
16.66,8,Medium,Clear,50
12.87,7,Medium,Clear,55
8.61,7,Low,Rainy,45
23.54,9,Medium,Clear,87
17.71,9,Low,Rainy,84
37.5,9,High,Clear,185
12.61,1,Medium,Clear,38
37.08,6,Low,Clear,84
15.12,5,Low,Clear,41
30.04,8,Medium,Clear,91
32.28,10,Low,Rainy,124
33.92,8,High,Rainy,272
9.59,8,Low,Clear,26
14.85,5,Medium,Clear,55
13.06,10,Medium,Clear,49
29.23,10,Medium,Clear,97
4.71,1,Medium,Rainy,27
26.39,4,Low,Clear,66
5.29,7,Medium,Clear,34
17.52,2,Medium,Clear,55
34.65,7,Low,Clear,87
21.22,5,Medium,Clear,67
14.74,6,Medium,Clear,55
31.18,6,Low,Clear,75
37.27,5,Low,Clear,84
13.47,10,Low,Clear,45
15.67,7,Low,Clear,47
32.37,4,High,Clear,160
48.3,1,High,Clear,227
11.48,9,Low,Clear,37
33.06,7,Medium,Rainy,153
45.42,9,High,Clear,237
23.64,9,Medium,Clear,76
16.53,7,Medium,Rainy,93
33.68,2,High,Clear,162
2.54,2,Medium,Clear,14
18.65,4,High,Rainy,151
13.64,9,Low,Rainy,62
12.01,7,High,Clear,80
9.81,9,High,Clear,71
37.12,4,High,Clear,174
47.8,9,Low,Clear,111
19.85,7,Medium,Clear,66
3.41,8,Medium,Clear,21
36.23,1,Medium,Clear,101
27.37,9,Low,Clear,68
36.46,8,Low,Clear,95
32.75,1,Medium,Rainy,142
45.37,8,Medium,Rainy,206
7.88,5,Medium,Clear,34
9.29,3,Low,Rainy,40
17.74,8,Medium,Clear,64
25.08,3,High,Clear,123
46.36,8,Low,Clear,104
45.44,5,Low,Rainy,149
43.72,8,Medium,Clear,128
11.9,3,Low,Clear,27
36.75,10,Low,Clear,86
19.79,6,Medium,Clear,70
46.63,6,Medium,Clear,129
11.51,4,Medium,Clear,44
7.92,5,Medium,Clear,42
42.28,7,Low,Clear,105
36.13,1,Medium,Clear,102
41.25,8,Medium,Rainy,187
8.74,3,High,Clear,62
44.35,7,Medium,Clear,128
34.2,9,High,Clear,188
32.93,2,Medium,Clear,95
29.55,10,Medium,Clear,103
38.48,10,Medium,Rainy,176
21.36,7,Low,Rainy,85
7.51,1,Medium,Clear,32
27.42,5,High,Clear,143
37.66,7,Medium,Clear,108
8.53,5,High,Clear,63
11.98,5,Low,Clear,37
35.13,6,Medium,Clear,103
14.21,10,Medium,Clear,58
9.33,10,Medium,Clear,44
44.58,6,Medium,Clear,127
8.88,10,High,Clear,68
17.86,2,Medium,Rainy,77
21.99,10,Medium,Clear,80
24.33,10,Medium,Clear,80
18.7,9,Medium,Clear,69
45.71,3,Low,Rainy,153
33.27,1,Medium,Clear,91
18.62,1,Medium,Rainy,84
18.53,9,Medium,Clear,62
25.64,6,High,Rainy,209
2.65,7,High,Clear,32
46.41,2,Medium,Clear,131
11.94,1,Low,Clear,29
35.18,2,Medium,Clear,104
39.11,3,Low,Rainy,129
41.54,3,Medium,Clear,126
9.12,8,High,Clear,68
27.3,4,High,Clear,141
5.1,1,Medium,Clear,24
40.43,2,High,Clear,195
24.84,9,High,Clear,137
8.77,2,Medium,Clear,33
36.22,9,Medium,Clear,110
17.23,5,Low,Clear,52
6.61,4,Low,Clear,14
23.59,4,Medium,Clear,78
12.53,3,Medium,Clear,43
47.56,2,Medium,Clear,128
18.71,8,High,Rainy,161
29.05,6,Medium,Clear,90
47.47,9,Low,Clear,104
20.29,2,Low,Rainy,73
18.55,1,Low,Rainy,63
8.96,8,Medium,Clear,42
46.98,8,High,Clear,229
40.24,5,Low,Clear,81
11.83,2,Medium,Clear,34
17.3,10,Medium,Rainy,103
45.83,5,Medium,Rainy,203
27.33,8,High,Clear,152
28.26,4,Medium,Clear,89
32.76,2,Medium,Clear,96
38.35,3,Medium,Clear,119
47.02,3,Medium,Rainy,198
40.31,9,High,Clear,211
46.79,3,Medium,Rainy,197
41.21,1,Medium,Clear,117
3.28,7,Medium,Clear,30
6.76,1,Low,Clear,17
44.36,6,Low,Clear,92
2.36,10,Medium,Rainy,36
39.91,4,Low,Clear,82
42.64,7,Medium,Rainy,190
21.36,7,Low,Rainy,82
18.39,7,Medium,Rainy,89
10.53,6,Medium,Rainy,51
3.4,7,Medium,Rainy,37
37.52,8,Medium,Clear,128
4.61,3,Medium,Clear,21
47.29,5,Low,Clear,102
15.54,10,Medium,Clear,54
39.92,9,Low,Clear,97
3.92,8,Low,Clear,17
27.28,6,Low,Clear,61
18.11,9,Low,Clear,55
2.47,10,Low,Clear,17
33.13,5,Low,Clear,77
47.21,2,Low,Clear,104
1.53,9,Medium,Clear,16
14.25,5,Medium,Clear,47
35.48,8,Medium,Clear,117
43.69,8,High,Clear,218
10.35,4,High,Clear,63
4.47,4,High,Clear,38
1.42,1,Medium,Clear,16
11.55,5,Low,Clear,40
4.49,9,High,Clear,51
18.61,5,Medium,Clear,62
22.57,5,Medium,Clear,70
24.52,6,High,Clear,135
7.97,6,Medium,Clear,33
23.74,8,Medium,Clear,78
1.44,1,Low,Clear,16
12.73,5,Low,Clear,36
19.09,9,Medium,Clear,70
6.8,3,Medium,Clear,26
40.89,7,High,Clear,205
10.86,7,High,Rainy,105
37.99,10,High,Clear,204
24.22,3,High,Clear,123
24.51,7,Medium,Clear,78
32.61,3,Medium,Clear,100
3.17,6,Medium,Rainy,39
4.86,8,Low,Clear,20
17.02,8,Medium,Clear,60
21.42,6,Medium,Clear,62
22.07,2,High,Clear,115
34.17,1,High,Rainy,248
1.03,3,Low,Clear,10
48.0,3,Low,Clear,105
9.55,7,Low,Clear,34
13.18,4,Medium,Clear,42
45.38,2,Low,Clear,97
1.27,2,Low,Rainy,15
49.57,7,Medium,Rainy,219
2.76,8,Low,Rainy,30
6.91,5,High,Clear,51
12.77,2,Medium,Clear,39
22.5,3,Low,Clear,46
26.4,1,High,Clear,128
6.13,10,High,Rainy,92
4.61,4,High,Clear,47
2.56,7,Medium,Clear,26
13.58,10,High,Clear,93
46.16,9,Medium,Clear,138
20.1,3,Low,Clear,46
38.44,4,Medium,Clear,107
10.32,6,Medium,Rainy,65
4.17,1,Medium,Clear,24
28.16,5,Medium,Rainy,125
41.28,10,Low,Clear,103
45.02,5,Medium,Clear,131
27.76,10,Medium,Clear,95
15.41,9,Low,Clear,52
6.37,9,Low,Rainy,35
33.72,1,Low,Rainy,106
14.74,3,Low,Rainy,55
42.35,4,Medium,Clear,118
30.65,1,Low,Clear,65
43.09,9,Medium,Clear,134
28.77,2,Medium,Clear,85
38.82,5,High,Clear,194
15.42,3,Low,Clear,39
25.65,4,Medium,Clear,76
1.95,4,Medium,Clear,18
30.78,2,Medium,Clear,89
27.15,2,Medium,Clear,83
38.01,8,High,Clear,199
36.72,2,Low,Clear,82
31.75,10,Medium,Clear,102
3.78,7,Low,Clear,18
45.25,1,Medium,Clear,121
1.88,1,Medium,Clear,25
40.36,10,Low,Rainy,144
24.49,3,Low,Clear,60
41.08,3,Medium,Rainy,179
23.79,9,Low,Clear,62
32.7,2,Medium,Clear,94
18.8,4,Low,Clear,44
37.44,3,High,Rainy,267
13.45,7,Medium,Clear,58
36.25,6,Medium,Clear,107
10.48,9,Medium,Rainy,64
36.39,8,Medium,Clear,118
15.39,2,Medium,Clear,48
14.65,3,Medium,Rainy,73
40.76,1,Medium,Clear,112
40.87,8,Medium,Clear,117
34.88,2,High,Clear,169
46.27,4,Medium,Rainy,198
8.65,2,Low,Rainy,35
14.2,2,Medium,Clear,50
15.41,3,High,Clear,88
15.96,10,Low,Clear,53
17.07,5,Medium,Clear,54
35.15,8,High,Clear,186
14.27,10,Medium,Clear,65
15.01,2,Low,Clear,40
28.95,5,Medium,Clear,91
10.47,4,Medium,Clear,39
18.88,3,High,Rainy,154
3.84,10,Low,Clear,19
47.67,6,High,Clear,232
16.55,9,Low,Rainy,67
42.65,8,High,Clear,215
26.97,2,Low,Clear,61
12.18,1,Low,Clear,37
10.48,8,Low,Rainy,56
35.05,5,Medium,Clear,100
48.28,2,Medium,Rainy,198
9.97,10,Medium,Clear,43
6.66,1,Medium,Clear,23
19.97,8,Low,Clear,58
20.3,8,High,Clear,124
40.51,6,Low,Clear,87
23.98,5,Medium,Rainy,114
4.06,5,Medium,Clear,22
46.11,6,Medium,Clear,126
19.29,5,Low,Clear,46
33.76,2,Low,Rainy,111
33.71,7,High,Rainy,258
3.76,4,High,Clear,34
1.18,7,Medium,Rainy,31
5.31,1,Low,Clear,17
47.87,6,High,Clear,238
39.91,2,Medium,Rainy,165
7.47,3,Medium,Rainy,39
31.13,3,Medium,Clear,93
30.99,10,High,Clear,172
1.03,1,Low,Clear,10
22.02,5,Medium,Clear,68
35.88,8,High,Clear,192
10.15,8,Medium,Clear,43
42.69,10,High,Clear,216
33.35,7,Medium,Clear,96
1.34,7,Low,Clear,17
42.89,8,Low,Clear,100
1.95,8,Low,Clear,24
44.51,5,High,Clear,212
17.35,7,High,Rainy,151
35.23,2,Medium,Clear,104
39.58,4,Medium,Rainy,169
14.78,6,Low,Clear,33
18.47,10,Low,Clear,52
25.97,3,Low,Rainy,86
29.55,2,High,Clear,149
15.31,1,Low,Clear,35
49.63,4,High,Clear,240
37.11,2,High,Clear,182
14.43,3,Low,Rainy,56
32.38,10,High,Clear,187
22.33,6,High,Clear,123
43.16,10,Medium,Rainy,204
17.12,3,Medium,Clear,51
10.2,3,Medium,Clear,37
3.26,4,Medium,Clear,25
49.23,3,Medium,Clear,138
18.6,6,High,Rainy,161
11.81,9,Low,Rainy,62
25.1,8,Low,Clear,64
15.29,2,Medium,Clear,43
12.41,3,Low,Clear,33
31.2,8,High,Clear,169
4.67,3,Medium,Clear,24
25.94,5,Medium,Clear,78
19.98,9,High,Rainy,174
27.09,2,Low,Clear,58
16.7,9,Low,Clear,50
28.95,10,High,Clear,161
5.01,5,Medium,Rainy,39
19.43,9,High,Clear,118
12.64,4,High,Clear,75
22.47,8,Medium,Rainy,117
20.52,8,Medium,Clear,66
31.93,3,High,Clear,161
31.81,5,Low,Clear,79
21.25,10,Medium,Clear,83
9.9,1,Low,Clear,28
29.51,6,Medium,Clear,85
48.36,9,Low,Clear,122
10.09,1,Medium,Rainy,58
4.38,2,High,Clear,42
13.96,7,High,Clear,86
21.23,6,High,Clear,119
16.0,10,Low,Clear,47
41.9,3,Medium,Clear,118
25.16,2,Medium,Rainy,108
13.06,7,Low,Clear,42
47.56,10,Low,Clear,116
7.13,10,Low,Clear,34
7.02,5,Medium,Clear,29
13.02,6,High,Rainy,120
4.76,9,Medium,Clear,34
37.83,7,High,Clear,197
16.33,4,Low,Clear,43
36.76,9,Low,Clear,86
38.37,3,High,Clear,191
12.64,4,Medium,Clear,50
26.4,10,Medium,Clear,91
26.46,3,Medium,Clear,77
43.7,10,Medium,Clear,130
2.26,3,High,Rainy,47
16.52,1,Medium,Clear,49
44.24,5,High,Clear,216
12.6,4,High,Rainy,115
7.71,9,Medium,Clear,37
29.23,4,Medium,Clear,92
15.99,3,High,Clear,88
23.9,6,High,Rainy,192
41.18,10,Low,Rainy,147
26.51,5,Medium,Rainy,120
26.28,4,High,Rainy,201
14.63,1,Low,Clear,34
39.85,3,Medium,Rainy,175
37.25,4,Medium,Clear,111
12.47,10,Low,Clear,35
16.68,8,Medium,Clear,59
39.64,9,High,Clear,201
18.53,8,Medium,Clear,62
20.77,9,Medium,Clear,71
18.86,10,Medium,Clear,70
8.92,1,High,Clear,54
17.7,1,Medium,Rainy,76
40.34,3,Medium,Clear,110
25.06,4,Low,Clear,58
23.45,2,Medium,Clear,72
8.66,10,Medium,Clear,42
9.7,7,Low,Rainy,40
3.1,9,Medium,Rainy,42
1.68,6,Low,Rainy,15
24.91,4,Medium,Clear,79
21.05,6,Medium,Rainy,107
14.49,1,Low,Rainy,60
49.51,6,Medium,Rainy,217
20.5,4,Low,Clear,59
39.65,3,Low,Rainy,139
11.32,6,Medium,Clear,44
13.11,9,Medium,Rainy,78
28.85,8,High,Clear,164
1.2,8,Medium,Clear,25
1.85,9,Medium,Rainy,42
7.97,6,Low,Rainy,41
11.93,8,Medium,Clear,44
26.86,7,Low,Clear,64
34.63,1,Low,Clear,76
16.28,6,Low,Clear,42
12.71,4,Low,Clear,28
41.32,3,Low,Clear,91
8.98,3,Low,Clear,28
34.24,10,Low,Clear,78
46.64,8,Medium,Clear,140
12.38,1,High,Clear,66
5.26,7,High,Clear,52
49.01,10,Medium,Clear,154
14.27,4,High,Clear,78
14.51,1,Medium,Clear,38
24.7,2,Medium,Clear,75
12.32,7,Low,Clear,35
49.65,10,Low,Clear,117
3.11,1,Low,Clear,10
23.12,6,Low,Rainy,89
27.87,4,Low,Rainy,94
23.88,3,Low,Clear,55
26.51,7,Medium,Clear,87
49.39,9,Medium,Clear,146
43.97,5,Medium,Clear,132
16.11,6,Medium,Clear,61
28.02,7,Medium,Rainy,136
1.02,10,Low,Clear,20
21.07,6,Medium,Clear,69
9.03,6,High,Clear,60
35.86,3,High,Clear,180
11.83,3,Medium,Clear,32
37.7,5,Medium,Clear,102
16.34,7,Low,Clear,45
46.37,6,Medium,Rainy,200
22.83,2,Low,Clear,53
42.14,3,Medium,Clear,117
31.78,5,Medium,Rainy,146
48.89,7,High,Clear,240
37.39,6,Medium,Clear,111
36.66,10,High,Clear,193
13.98,3,Medium,Clear,54
25.74,7,Medium,Clear,76
15.22,5,Low,Clear,46
1.95,10,Low,Rainy,24
35.82,4,High,Clear,172
12.56,6,Medium,Rainy,68
20.47,2,Medium,Rainy,92
14.95,7,High,Rainy,140
10.78,2,Medium,Clear,32
4.29,7,High,Clear,42
17.56,8,Low,Rainy,77
5.01,2,High,Rainy,56
27.48,8,High,Clear,145
1.96,7,High,Clear,41
47.06,3,Medium,Clear,130
48.36,7,Low,Clear,104
15.93,1,Low,Clear,32
13.75,2,Low,Rainy,52
6.12,5,Medium,Clear,32
45.34,9,Medium,Clear,131
29.76,1,Medium,Clear,84
30.9,5,Medium,Clear,100
44.9,6,Low,Clear,100
45.63,3,Low,Clear,101
41.59,5,Low,Rainy,139
38.9,2,Low,Clear,90
43.98,8,Medium,Rainy,200
43.92,3,Low,Clear,98
19.06,5,Low,Clear,45
48.7,1,Medium,Clear,145
35.75,5,High,Clear,174
19.14,1,Low,Rainy,68
22.66,9,High,Rainy,197
34.67,2,High,Clear,168
18.69,6,Medium,Clear,68
41.5,9,Low,Clear,94
8.26,3,Low,Rainy,38
45.47,6,High,Clear,222
15.76,1,Medium,Clear,51
8.48,7,Medium,Clear,36
43.04,2,High,Clear,203
12.73,5,Medium,Clear,44
42.33,5,Medium,Clear,115
15.52,1,Medium,Rainy,72
46.76,7,Low,Clear,101
11.73,4,Medium,Clear,35
4.41,4,Medium,Clear,24
46.89,7,High,Clear,227
9.12,10,Medium,Clear,50
47.26,1,Low,Clear,96
41.37,6,Low,Clear,98
5.01,1,Medium,Clear,27
22.81,6,Medium,Clear,76
4.6,10,Medium,Clear,26
17.16,2,Low,Clear,49
18.22,10,Low,Clear,55
30.38,1,High,Rainy,223
48.82,8,Medium,Clear,141
9.32,7,Medium,Clear,39
17.13,2,Medium,Rainy,75
29.77,2,Medium,Clear,81
9.4,5,Low,Rainy,49
35.82,4,Medium,Clear,108
20.78,4,Low,Clear,48
47.53,9,Low,Clear,109
31.86,1,Medium,Clear,96
18.79,10,Medium,Rainy,107
36.25,9,Medium,Clear,108
42.1,3,Medium,Clear,117
40.22,8,Medium,Rainy,183
13.88,5,High,Clear,86
21.43,10,High,Rainy,187
23.16,3,Low,Clear,49
20.03,9,Low,Clear,52
16.23,9,Medium,Clear,54
37.88,8,Medium,Rainy,174
1.6,3,Medium,Rainy,15
15.38,3,Low,Clear,46
7.94,10,Medium,Clear,35
7.31,10,Medium,Clear,32
14.57,3,Medium,Rainy,77
38.35,6,Low,Rainy,133
48.5,2,Medium,Clear,132
26.22,9,Medium,Clear,88
17.61,2,Medium,Clear,61
41.63,10,Medium,Clear,129
4.29,8,Medium,Clear,32
5.57,10,High,Clear,52
17.92,4,Medium,Rainy,89
22.97,4,Medium,Clear,70
40.09,5,Medium,Rainy,177
46.34,1,High,Clear,216
27.03,4,Medium,Clear,77
25.29,6,Low,Clear,62
11.44,10,Medium,Clear,53
23.11,2,Medium,Clear,67
46.26,3,Low,Clear,105
20.25,4,Low,Clear,49
11.32,3,Low,Clear,37
17.53,9,Low,Clear,49
26.22,6,Low,Rainy,97
30.33,5,High,Clear,154
22.19,5,Low,Rainy,82
38.17,2,Low,Clear,83
29.64,9,High,Clear,157
33.59,2,Medium,Rainy,147
43.28,5,Medium,Clear,126
43.42,7,Medium,Rainy,199
10.97,3,Low,Clear,27
31.54,8,High,Rainy,241
36.12,5,High,Rainy,278
8.15,10,Medium,Rainy,58
42.3,3,Medium,Clear,121
9.84,3,Medium,Clear,29
40.16,3,Low,Clear,86
8.91,3,Medium,Clear,35
37.35,4,Medium,Clear,105
8.26,10,Low,Clear,29
19.56,1,Medium,Rainy,80
8.03,3,Medium,Clear,37
14.27,10,Medium,Clear,52
49.24,10,Low,Rainy,165
6.28,5,High,Clear,40
20.92,8,Medium,Clear,68
34.17,8,Medium,Clear,110
5.64,9,Medium,Clear,37
6.34,9,Low,Clear,25
8.02,6,Medium,Clear,29
32.6,10,Medium,Rainy,155
45.56,7,High,Clear,226
41.47,4,Medium,Clear,122
49.17,3,Medium,Clear,139
29.33,3,Medium,Clear,93
48.11,2,Medium,Rainy,197
15.94,8,High,Clear,93
21.65,7,Medium,Clear,71
20.41,8,Low,Clear,53
3.32,6,Low,Rainy,30
41.66,10,High,Rainy,324
2.21,10,High,Clear,42
36.76,5,Medium,Rainy,168
20.95,1,Medium,Clear,56
1.31,8,Medium,Clear,29
15.21,2,Medium,Clear,50
17.96,1,High,Clear,85
48.27,9,High,Clear,242
33.39,8,Medium,Clear,94
27.64,9,High,Clear,149
7.23,5,Low,Clear,22
20.16,3,Medium,Rainy,104
2.75,8,Low,Clear,18
38.32,4,High,Clear,188
8.98,1,High,Clear,48
30.13,9,Medium,Rainy,153
35.27,4,Medium,Rainy,157
18.96,2,Medium,Rainy,84
32.0,10,Medium,Clear,100
38.45,3,Medium,Clear,106
10.02,6,Medium,Clear,41
30.44,9,Low,Rainy,109
36.96,6,Low,Clear,83
18.5,4,High,Clear,106
8.96,1,High,Clear,49
15.02,2,High,Clear,82
46.72,7,High,Rainy,345
18.51,3,Medium,Clear,59
6.28,2,High,Clear,42
5.05,6,Low,Rainy,30
9.84,4,High,Rainy,99
7.25,1,High,Clear,49
25.26,9,Medium,Clear,77
18.03,9,Medium,Clear,55
42.23,5,Low,Clear,99
44.17,8,High,Clear,222
24.19,6,Medium,Clear,77
44.54,7,Medium,Clear,137
23.07,6,Medium,Clear,71
32.46,7,High,Rainy,254
8.96,3,Low,Clear,26
3.58,3,Low,Clear,20
8.84,10,Low,Rainy,49
13.34,3,Medium,Clear,44
37.8,10,Medium,Rainy,174
9.5,6,Medium,Clear,41
7.4,1,Low,Clear,19
46.45,9,Medium,Rainy,201
34.75,9,Medium,Clear,109
24.19,4,High,Clear,116
5.65,2,High,Rainy,65
42.74,7,Low,Clear,93
6.3,7,Low,Clear,26
30.94,6,Medium,Clear,98
33.72,8,Low,Rainy,124
20.61,3,Medium,Clear,71
45.65,2,Low,Clear,97
3.48,10,Medium,Clear,30
41.09,1,Medium,Clear,115
28.14,3,Medium,Clear,84
30.95,8,Medium,Rainy,147
49.35,8,Low,Rainy,164
29.55,7,High,Clear,159
40.05,2,Low,Rainy,129
8.52,3,Low,Clear,30
40.66,7,Medium,Clear,121
38.29,8,High,Clear,198
48.44,9,Low,Clear,113
46.85,6,Medium,Clear,134
11.49,10,Medium,Clear,42
23.78,3,Low,Rainy,89
45.66,9,High,Clear,237
32.4,5,Medium,Rainy,145
23.72,4,Low,Clear,54
6.34,9,Low,Rainy,32
18.24,10,Low,Clear,53
33.6,2,High,Clear,158
39.07,10,Medium,Rainy,183
22.91,4,High,Clear,120
3.74,6,Medium,Clear,23
32.03,6,Low,Rainy,112
46.16,10,Medium,Clear,140
25.32,5,Medium,Clear,72
46.49,10,Low,Clear,113
18.35,7,Low,Clear,46
44.43,5,Medium,Clear,127
39.53,6,Medium,Clear,113
48.13,1,Low,Clear,104
39.76,8,High,Clear,204
16.75,5,Medium,Rainy,76
45.13,5,Low,Clear,103
33.82,10,Medium,Clear,114
8.94,6,Medium,Clear,37
3.25,6,Medium,Clear,16
18.93,8,Medium,Clear,64
39.56,4,Low,Rainy,127
31.29,4,Medium,Clear,95
26.83,3,Low,Clear,60
1.18,9,Medium,Clear,22
22.34,8,Low,Rainy,92
8.73,5,Medium,Clear,37
23.27,8,Medium,Clear,73
49.6,6,Low,Rainy,164
44.1,5,Low,Clear,98
16.22,9,Medium,Rainy,86
30.08,9,Medium,Clear,100
25.6,8,Medium,Rainy,128
7.37,10,Medium,Clear,34
49.5,3,Medium,Rainy,207
21.83,9,High,Rainy,193
25.78,6,Medium,Clear,83
32.73,9,Medium,Clear,104
10.39,1,Medium,Rainy,49
11.89,1,Medium,Clear,36
10.44,6,Medium,Rainy,57
19.84,4,Low,Clear,46
10.78,5,Medium,Clear,37
46.39,5,Low,Clear,113
36.0,3,Medium,Rainy,161
44.99,9,High,Clear,232
42.58,1,Medium,Clear,124
35.45,6,High,Clear,185
12.89,2,Medium,Clear,39
31.15,2,Medium,Clear,93
10.13,9,Medium,Clear,44
7.49,10,Low,Clear,25
32.0,2,Medium,Clear,94
31.61,9,High,Clear,171
8.67,8,Medium,Clear,38
18.27,7,Medium,Clear,64
4.25,8,Medium,Clear,28
36.07,9,High,Clear,190
49.39,10,Medium,Clear,154
37.26,9,Medium,Rainy,177
42.36,3,Low,Clear,83
24.34,10,High,Rainy,205
5.68,1,Low,Clear,16
36.6,8,Medium,Clear,118
13.57,10,Medium,Clear,45
20.03,4,Low,Rainy,73
35.45,5,Low,Rainy,123
45.33,6,Low,Clear,100
24.83,6,Medium,Clear,76
48.12,7,High,Clear,234
26.48,10,High,Rainy,217
7.0,3,Low,Clear,26
26.4,2,Low,Clear,60
43.17,9,Medium,Clear,136
27.36,2,Low,Clear,64
37.64,9,High,Clear,193
27.85,10,High,Clear,151
27.76,4,Medium,Clear,90
14.95,1,Medium,Clear,54
10.86,3,High,Rainy,101
14.67,10,Medium,Clear,57
22.6,2,High,Clear,112
40.67,4,High,Clear,206
41.62,2,Low,Clear,91
9.01,10,High,Rainy,104
28.09,6,Medium,Clear,86
21.39,10,Medium,Clear,69
28.98,1,Low,Rainy,95
32.73,5,Low,Clear,78
14.7,9,Medium,Rainy,87
46.04,1,High,Clear,212
46.84,4,Low,Clear,104
6.16,2,Medium,Clear,28
35.45,2,Medium,Rainy,150
2.63,5,High,Clear,35
3.28,2,Medium,Clear,15
47.93,5,High,Clear,228
35.05,1,High,Clear,171
16.9,5,High,Clear,93
33.82,3,Medium,Clear,104
42.45,2,Low,Clear,92
43.67,4,Medium,Clear,125
2.01,1,Medium,Clear,16
41.09,3,High,Clear,197
42.81,1,Medium,Clear,119
30.18,8,Medium,Clear,97
24.52,5,Low,Rainy,86
6.44,1,Medium,Clear,31
12.74,2,Medium,Rainy,68
25.03,9,Medium,Clear,86
43.39,7,Medium,Clear,123
40.35,3,Low,Clear,92
25.3,1,High,Clear,128
39.5,2,Low,Clear,84
38.52,7,Medium,Clear,119
29.37,8,Medium,Clear,94
11.8,5,High,Clear,68
18.05,4,High,Clear,97
9.04,10,Medium,Clear,47
1.35,4,Medium,Rainy,24
4.95,5,Medium,Clear,19
38.22,7,Low,Clear,88
2.64,7,Low,Clear,16
20.59,4,High,Rainy,160
49.3,1,Medium,Clear,134
39.97,5,High,Rainy,300
37.78,7,High,Clear,188
14.46,4,Low,Clear,39
32.44,7,Medium,Clear,99
25.44,8,Medium,Clear,90
31.57,2,High,Clear,157
22.35,2,High,Clear,111
27.02,5,Medium,Clear,92
49.43,3,High,Clear,230
17.14,4,Medium,Rainy,87
11.61,1,Medium,Clear,36
22.98,4,Low,Clear,59
26.69,4,Low,Clear,60
5.2,4,Low,Clear,18
40.49,3,Medium,Clear,119
21.68,2,Medium,Rainy,96
21.25,4,Low,Clear,51
33.28,8,Medium,Clear,106
38.89,3,Medium,Clear,110
49.31,6,Medium,Clear,135
9.5,2,Low,Clear,24
17.93,1,Medium,Rainy,80
9.24,7,Low,Clear,28
44.16,6,Medium,Clear,132
27.88,10,Medium,Clear,88
42.77,4,Medium,Rainy,187
49.28,7,Medium,Clear,146
27.96,6,Low,Rainy,100
6.79,2,High,Clear,52
18.7,4,High,Clear,99
2.77,9,Low,Clear,19
42.62,8,High,Clear,211
1.88,6,Medium,Clear,28
30.02,1,Medium,Clear,89
6.2,7,Medium,Rainy,45
1.37,1,Medium,Clear,14
13.55,8,Low,Rainy,67
28.04,3,Medium,Clear,85
4.68,9,Low,Clear,18
31.13,5,High,Clear,162
33.93,6,Low,Clear,76
48.52,4,Medium,Clear,140
45.08,6,Medium,Rainy,194
28.77,9,Medium,Clear,95
39.87,7,Medium,Clear,119
18.82,2,Low,Clear,38
29.7,6,Low,Clear,70
20.76,9,Low,Clear,57
17.52,8,Medium,Clear,67
36.65,1,Medium,Clear,99
15.54,5,Low,Clear,41
19.65,6,Low,Clear,51
18.99,9,Low,Clear,46
43.65,4,Medium,Clear,136
9.35,1,Low,Clear,21
19.69,6,Low,Rainy,74
44.51,9,High,Rainy,342
1.75,6,Low,Rainy,24
47.45,7,Low,Clear,115
45.05,10,Medium,Clear,134
21.47,4,Medium,Clear,71
33.0,2,High,Clear,159
49.56,3,High,Clear,238
28.19,1,Medium,Clear,82
5.75,2,Low,Clear,12
42.83,7,Medium,Clear,125
7.57,9,Low,Clear,26
13.61,9,High,Rainy,138
43.8,9,Medium,Rainy,198
13.55,1,Medium,Clear,46
37.51,7,Medium,Clear,119
22.94,7,Medium,Clear,71
38.23,9,Medium,Clear,114
12.39,9,Low,Clear,37
21.56,1,Medium,Clear,67
16.59,10,High,Clear,100
13.2,5,Low,Clear,44
16.41,2,High,Clear,92
16.83,6,High,Clear,99
47.81,2,High,Clear,231
27.13,6,High,Clear,143
23.64,7,High,Rainy,189
25.66,6,Low,Clear,67
49.81,1,Medium,Rainy,209
33.03,4,Medium,Clear,100
35.47,3,Low,Clear,81
16.37,5,High,Clear,91
24.11,7,Medium,Clear,71
10.02,3,Medium,Clear,27
34.57,1,High,Rainy,240
17.88,9,Low,Clear,50
37.67,6,Medium,Clear,107
11.44,6,Low,Clear,28
20.77,4,Low,Clear,46
24.09,1,Low,Clear,54
9.16,9,Medium,Clear,46
4.41,10,Low,Clear,33
16.54,7,High,Rainy,156
27.7,10,High,Clear,153
32.98,7,Low,Clear,73
21.84,7,High,Clear,125
25.51,7,Medium,Clear,81
27.62,8,Low,Clear,68
26.08,8,Medium,Clear,84
5.43,3,High,Rainy,60
20.85,8,High,Rainy,183
11.01,4,Medium,Clear,44
27.15,7,Medium,Clear,86
38.15,5,Medium,Clear,114
29.39,4,Medium,Rainy,129
11.87,4,Medium,Clear,41
11.18,6,Low,Clear,31
2.81,2,Low,Clear,14
21.89,5,High,Clear,118
22.21,8,Medium,Clear,76
12.59,2,Low,Clear,29
38.45,5,High,Rainy,295
19.94,7,High,Clear,113
33.8,5,High,Clear,165
32.36,10,Low,Rainy,124
30.63,9,Medium,Clear,92
45.5,9,High,Rainy,343
1.78,8,Medium,Clear,22
4.33,9,Medium,Clear,27
36.38,2,Low,Clear,79
18.32,3,Medium,Rainy,86
49.34,4,Medium,Clear,139
11.6,5,Medium,Clear,36
9.99,10,Medium,Clear,48
29.82,2,Low,Rainy,101
14.69,10,Medium,Clear,58
17.68,4,Medium,Clear,57
46.13,4,Medium,Clear,129
2.29,5,Low,Clear,16
27.03,6,Medium,Clear,89
17.41,1,Medium,Rainy,82
17.95,6,Medium,Clear,68
13.14,9,Medium,Clear,51
7.61,3,Medium,Clear,29
2.69,2,High,Rainy,46
49.4,8,High,Rainy,366
33.36,2,High,Clear,164
39.08,8,Medium,Clear,122
4.19,10,Low,Rainy,40
1.73,4,High,Rainy,38
30.41,9,Medium,Clear,97
36.47,4,Medium,Clear,107
20.35,1,Low,Clear,39
20.0,8,Medium,Rainy,100
19.84,1,Low,Clear,48
8.49,5,Medium,Rainy,58
37.94,7,High,Clear,194
11.54,3,Medium,Clear,37
16.9,6,Medium,Clear,55
33.89,1,Medium,Clear,90
1.01,6,Medium,Clear,22
38.55,5,Low,Rainy,135
45.06,2,High,Rainy,315
3.53,4,High,Clear,41
29.99,7,Medium,Clear,97
21.01,6,Low,Clear,53
4.84,10,Low,Clear,20
34.43,6,High,Clear,174
31.0,9,Low,Rainy,115
32.49,2,Medium,Rainy,137
40.86,1,Medium,Clear,111
15.06,2,Medium,Rainy,68
34.18,3,Low,Clear,76
37.42,9,Low,Rainy,130
9.27,10,Low,Clear,33
47.9,9,Medium,Clear,145
17.66,5,Medium,Clear,61
35.97,7,High,Rainy,283
37.95,3,Medium,Clear,111
25.7,10,Medium,Clear,86
7.31,2,Medium,Clear,34
14.51,6,Medium,Rainy,78
12.48,6,High,Clear,78
26.41,5,Medium,Clear,80
13.8,1,Medium,Clear,50
27.79,10,High,Clear,154
15.12,2,Medium,Clear,48
1.05,7,Low,Clear,16
18.8,10,Low,Clear,51
30.74,2,Medium,Rainy,134
38.91,5,Medium,Clear,112
2.39,10,High,Clear,43
13.66,4,Low,Clear,36
49.29,10,Medium,Clear,147
13.83,1,Low,Clear,37
39.08,5,High,Clear,197
25.96,1,Low,Rainy,95
6.99,3,High,Clear,41
32.53,9,Medium,Rainy,151
48.35,7,Low,Clear,109
44.45,2,Low,Rainy,145
34.82,5,Medium,Clear,109
26.1,4,Low,Clear,54
16.65,7,High,Clear,104
18.49,4,Medium,Clear,57
17.96,9,Low,Clear,46
46.18,3,Medium,Clear,131
11.35,6,High,Clear,74
19.52,5,Medium,Clear,75
22.17,10,Medium,Rainy,119
21.04,8,Medium,Clear,75
1.21,1,Low,Clear,10
14.28,10,High,Clear,95
25.43,2,Medium,Clear,70
38.26,7,Low,Clear,90
28.9,1,High,Rainy,205
19.86,5,Medium,Rainy,93
33.59,8,Low,Clear,81
33.63,10,Medium,Clear,105
13.15,5,Medium,Rainy,68
6.08,5,Medium,Rainy,41
40.36,9,Low,Clear,97
26.96,5,Medium,Rainy,127
9.65,1,Low,Clear,21
13.84,3,Low,Clear,38
38.55,5,High,Clear,195
33.01,8,Low,Clear,87
47.31,10,Medium,Clear,145
23.78,2,Low,Clear,46
3.56,4,Low,Rainy,27
35.32,4,Low,Clear,84
13.49,3,Medium,Clear,50
16.87,6,Low,Clear,50
10.64,10,Low,Clear,42
16.14,2,Medium,Rainy,77
41.64,3,Low,Clear,92
29.26,2,Medium,Clear,82
6.35,10,Medium,Clear,32
29.74,8,High,Clear,156
32.04,2,Medium,Clear,96
44.36,5,Medium,Rainy,189
43.12,4,Medium,Clear,125
4.08,1,Medium,Rainy,30
43.47,7,Medium,Rainy,195
3.49,6,Medium,Rainy,41
8.55,10,Medium,Clear,44
6.47,1,Medium,Rainy,38
9.9,9,Low,Clear,40
40.36,4,Low,Clear,86
34.62,1,Low,Rainy,113
34.66,8,Medium,Clear,106
46.18,1,Medium,Clear,130
20.2,2,High,Clear,106
1.16,5,High,Clear,22
32.35,1,Medium,Clear,86
43.54,1,Medium,Clear,117
48.84,6,Medium,Rainy,212
18.83,1,Low,Clear,39
41.29,5,Low,Rainy,133
42.61,10,High,Clear,217
8.08,5,Medium,Rainy,49
31.94,2,Low,Clear,68
9.48,3,Low,Clear,29
22.88,3,Medium,Clear,72
44.08,3,Medium,Rainy,194
39.68,3,Medium,Rainy,172
28.95,4,High,Clear,144
40.63,10,Medium,Rainy,189
8.49,1,Low,Clear,23
10.55,4,Medium,Rainy,62
11.23,4,Medium,Clear,43
39.02,8,Medium,Clear,120
44.66,4,Low,Clear,103
28.58,5,Medium,Rainy,137
47.94,4,Medium,Clear,133
36.67,5,High,Clear,179
28.62,3,Medium,Clear,79
30.97,3,High,Clear,156
42.63,8,High,Clear,212
5.42,1,Medium,Rainy,31
9.23,3,Low,Clear,29
14.05,2,Low,Rainy,58
44.84,10,Medium,Clear,134
47.3,6,High,Clear,239
18.45,8,Medium,Clear,64
46.27,6,Low,Clear,110
27.8,4,Medium,Rainy,122
24.19,3,High,Clear,124
41.81,4,Low,Clear,91
27.76,8,Low,Rainy,106
23.27,9,Low,Rainy,89
1.78,8,Medium,Rainy,35
1.63,9,High,Clear,40
31.75,8,Medium,Clear,106
4.6,5,High,Clear,37
37.11,5,Medium,Clear,112
31.49,1,Medium,Clear,96
23.43,8,Medium,Rainy,120
35.78,2,Low,Rainy,123
49.66,6,High,Rainy,360
13.07,6,Medium,Clear,42
28.3,10,High,Clear,161
42.3,4,High,Clear,209
1.83,9,High,Clear,34
10.97,3,Medium,Clear,38
26.53,8,High,Clear,144
28.06,2,Medium,Clear,82
5.23,5,Medium,Rainy,39
20.96,6,Medium,Rainy,103
26.47,2,Low,Rainy,96
21.73,7,Low,Clear,59
35.33,5,Medium,Rainy,155
38.8,10,High,Rainy,313
23.55,4,Medium,Clear,72
21.86,4,High,Clear,116
35.56,2,Low,Clear,78
28.21,9,Medium,Rainy,136
43.65,1,High,Clear,205
24.58,1,Medium,Clear,65
29.14,4,Medium,Clear,85
7.31,3,Low,Rainy,44
41.96,9,High,Clear,217
21.69,7,High,Clear,121
36.23,2,Medium,Clear,107
22.04,4,Medium,Clear,67
1.05,5,High,Rainy,43
20.62,10,Medium,Clear,79
8.23,4,High,Clear,57
20.53,4,Medium,Clear,58
16.75,4,Medium,Clear,53
10.92,8,Medium,Rainy,70
7.06,7,Low,Clear,28
36.7,4,Low,Clear,85
37.99,1,Medium,Clear,100
13.98,6,High,Clear,87
25.26,5,Medium,Rainy,117
23.74,5,High,Rainy,189
18.41,6,Medium,Clear,59
14.6,8,High,Clear,97
10.12,6,Medium,Clear,42
43.77,6,High,Clear,219
41.83,7,Medium,Clear,128
21.44,8,High,Clear,120
36.34,4,Medium,Clear,110
25.42,7,Medium,Clear,86
5.18,8,High,Clear,50
41.3,6,Low,Clear,98
11.74,9,Medium,Clear,48
35.63,6,High,Rainy,265
26.84,4,Low,Clear,64
34.84,6,High,Clear,174
24.09,2,Medium,Clear,72
35.43,8,Medium,Clear,115
2.61,6,Medium,Clear,21
3.0,4,Medium,Clear,26
44.92,7,Medium,Clear,131
37.74,8,High,Clear,197
41.59,3,Low,Rainy,138
23.37,10,Medium,Clear,80
23.52,3,Medium,Clear,71
27.17,10,High,Clear,149
12.94,3,Low,Clear,36
36.94,3,Low,Clear,86
41.64,2,High,Clear,189
45.45,5,Medium,Clear,135
26.33,6,Low,Clear,59
21.31,1,Medium,Clear,67
41.72,6,Medium,Rainy,180
37.88,7,High,Clear,194
43.5,2,Medium,Clear,115
33.13,1,Low,Rainy,105
44.28,7,Medium,Clear,136
5.36,6,Low,Rainy,35
34.3,3,Medium,Rainy,152
5.35,2,Medium,Rainy,34
37.7,2,Medium,Clear,108
31.79,2,High,Clear,161
1.78,8,High,Clear,36
30.36,1,Low,Clear,67
8.17,3,Low,Clear,29
7.98,8,Medium,Clear,38
8.37,6,Medium,Clear,34
24.71,7,Medium,Rainy,119
6.66,2,High,Clear,44
7.16,9,High,Rainy,89
13.55,7,High,Rainy,123
1.04,3,Medium,Clear,13
14.51,9,Medium,Clear,57
31.3,3,Low,Clear,74
30.48,10,High,Rainy,247
48.51,8,Low,Rainy,171
6.86,7,Low,Clear,18
43.41,3,Low,Clear,98
20.17,5,Medium,Rainy,98
19.96,7,High,Rainy,171
18.09,3,Low,Clear,40
7.11,2,Low,Clear,21
24.45,9,Low,Rainy,93
39.58,2,Medium,Clear,116
43.9,3,Medium,Clear,122
48.18,1,Low,Clear,100
39.48,1,Medium,Clear,112
31.53,1,Low,Clear,68
25.38,10,High,Rainy,213
43.87,3,Low,Rainy,136
37.24,6,Medium,Clear,118
8.9,10,Medium,Clear,43
34.44,3,Medium,Rainy,156
22.12,4,Medium,Clear,70
30.19,2,Medium,Clear,91
45.02,7,Low,Clear,109
32.98,4,Low,Clear,79
47.0,1,Medium,Clear,136
43.45,4,Low,Clear,102
7.32,4,High,Clear,49
1.57,3,Medium,Clear,14
19.84,8,High,Clear,121
43.4,7,Medium,Rainy,190
12.28,10,Low,Clear,40
34.88,10,Low,Rainy,127
24.32,3,Low,Clear,56
37.56,4,Medium,Clear,111
9.08,8,Low,Rainy,47
12.72,10,Medium,Clear,50
12.88,3,Medium,Clear,46
27.87,5,Medium,Clear,85
15.19,5,Medium,Clear,57
40.77,5,Low,Clear,91
17.99,5,Low,Clear,48
33.38,9,High,Clear,177
47.48,10,High,Clear,234
30.74,5,Low,Clear,74
12.87,9,High,Clear,94
41.69,9,Medium,Rainy,191
1.61,10,High,Clear,43
13.57,4,Medium,Rainy,71
19.99,9,Low,Clear,54
10.6,2,Medium,Rainy,61
30.6,3,Medium,Clear,93
28.34,1,Medium,Clear,81
20.92,7,Low,Clear,50
15.42,10,Medium,Clear,67
22.26,9,Low,Clear,59
15.27,3,High,Clear,88
11.84,8,Medium,Clear,43
18.21,1,High,Clear,84
30.51,6,Low,Clear,68
32.77,6,Medium,Rainy,152
15.57,5,Medium,Rainy,78
47.42,4,Low,Rainy,151
13.84,3,High,Clear,79
35.89,4,High,Clear,178
4.99,7,Low,Clear,26
33.58,7,Medium,Clear,102
23.54,3,High,Clear,127
28.89,10,Medium,Clear,98
10.02,3,Medium,Clear,33
22.24,3,Medium,Rainy,109
38.55,5,Medium,Clear,119
38.59,1,Medium,Clear,108
12.64,10,Medium,Clear,57
18.28,7,Medium,Clear,71
1.19,8,Medium,Clear,23
5.41,7,Medium,Clear,30
7.21,8,Low,Rainy,41
15.39,9,Medium,Clear,54
38.19,4,High,Clear,192
26.0,3,Low,Clear,63
39.84,7,Low,Clear,90
37.99,9,Medium,Clear,112
29.77,9,Medium,Rainy,138
25.49,8,Medium,Clear,80
46.63,3,Low,Clear,101
28.89,6,High,Clear,154
24.66,2,Medium,Clear,78
43.59,6,Medium,Clear,131
4.5,5,Medium,Clear,30
33.15,4,Medium,Rainy,147
6.54,3,Low,Clear,21
41.17,8,Medium,Clear,125
39.84,10,Medium,Clear,118
25.68,6,High,Clear,142
33.39,9,Medium,Clear,103
38.86,3,Medium,Rainy,165
24.68,5,High,Clear,129
45.39,4,Medium,Clear,137
22.41,6,Low,Clear,52
44.71,2,Medium,Clear,126
29.55,6,Medium,Rainy,137
21.89,3,Medium,Clear,66
1.2,8,Medium,Rainy,33
15.48,10,Medium,Rainy,84
43.53,10,Medium,Clear,138
22.01,6,Low,Rainy,83
21.65,8,Low,Clear,57
24.98,7,Medium,Clear,85
15.03,6,Medium,Clear,58
25.09,9,Low,Rainy,94
19.41,9,High,Clear,109
45.56,10,High,Rainy,350
28.63,10,Medium,Clear,93
41.87,4,High,Clear,202
34.66,8,Medium,Clear,108
11.42,3,Medium,Clear,42
43.52,5,Medium,Rainy,188
5.28,3,Low,Rainy,29
22.98,10,Low,Rainy,96
12.72,4,Low,Clear,41
27.34,5,Medium,Rainy,123
15.7,8,Low,Clear,49
36.42,10,High,Clear,192
46.91,8,Low,Clear,103
35.75,3,High,Clear,178
18.41,8,High,Clear,106
30.4,10,Low,Clear,70
44.54,4,Medium,Clear,127
14.23,2,High,Clear,76
6.79,3,High,Clear,48
7.41,8,High,Clear,62
25.25,5,High,Rainy,203
36.87,2,Medium,Clear,98
33.21,7,Low,Rainy,117
23.24,5,Medium,Clear,66
36.74,6,Medium,Clear,111
32.06,2,Low,Rainy,110
31.78,7,Low,Clear,75
10.92,1,Medium,Rainy,52
16.32,10,Low,Rainy,67
17.88,10,High,Clear,117
40.6,5,Low,Clear,95
38.98,9,Low,Clear,95
13.38,7,Low,Rainy,61
3.7,9,Low,Clear,22
38.62,9,Medium,Rainy,186
21.08,1,High,Clear,109
11.77,8,Medium,Clear,46
6.73,7,Medium,Clear,27
1.63,2,High,Clear,13
21.96,3,Medium,Clear,66
17.65,6,Low,Clear,49
35.13,3,Medium,Rainy,156
48.86,8,Medium,Clear,143
11.13,4,High,Clear,64
12.91,7,High,Clear,78
17.53,4,Medium,Rainy,86
23.83,2,Medium,Rainy,107
35.19,7,Medium,Clear,97
18.25,8,Medium,Clear,64
6.11,1,Medium,Clear,27
36.79,5,Low,Clear,84
39.94,10,Medium,Clear,123
13.13,8,Medium,Rainy,78
7.7,1,Low,Clear,23
26.86,3,Medium,Rainy,118
11.21,2,Medium,Clear,44
19.33,3,Medium,Clear,63
39.09,3,Medium,Clear,112
11.76,3,Low,Clear,32
40.51,1,Medium,Rainy,168
34.03,3,Medium,Clear,105
11.77,2,High,Clear,72
26.79,9,Medium,Clear,88
31.09,10,Low,Clear,79
10.81,8,Medium,Clear,54
8.1,6,High,Rainy,92
27.03,7,Low,Rainy,94
35.0,1,High,Clear,170
23.79,7,Medium,Clear,71
4.43,8,High,Rainy,68
46.34,8,Medium,Clear,137
35.05,6,Medium,Clear,106
31.44,7,High,Rainy,251
32.54,2,High,Clear,167
20.53,4,Low,Rainy,76
49.24,8,High,Rainy,369
7.5,4,Medium,Clear,34
37.22,8,High,Clear,189
21.62,10,Medium,Clear,72
44.17,4,Low,Rainy,144
36.15,9,Medium,Clear,112
28.55,1,High,Clear,135
46.95,6,Medium,Clear,135
45.71,1,High,Rainy,323
3.56,6,Low,Clear,20
10.44,4,Low,Clear,28
34.13,8,Medium,Clear,102
46.17,8,Low,Clear,99
22.09,9,Low,Rainy,89
2.88,7,Medium,Clear,24
32.52,8,Low,Clear,76
10.54,3,Medium,Clear,31
28.06,10,Low,Clear,73
19.85,4,High,Clear,109
28.34,4,High,Clear,141
46.69,6,High,Clear,225
24.8,7,Low,Clear,69
2.69,9,High,Clear,42
29.46,10,Medium,Rainy,141
16.96,6,Low,Clear,47
39.13,2,Low,Clear,80
24.03,10,Medium,Clear,82
37.33,10,Medium,Clear,118
45.53,7,Medium,Clear,135
18.75,10,High,Clear,115
49.48,9,High,Clear,247
8.34,8,Medium,Clear,37
32.55,4,Medium,Clear,102
2.7,2,Medium,Rainy,21
11.44,8,High,Clear,78
32.06,6,High,Clear,158
3.26,8,Low,Rainy,37
5.99,9,Medium,Clear,33
15.26,3,Medium,Clear,52
29.21,8,Medium,Clear,100
1.78,10,Low,Clear,16
24.64,8,Medium,Clear,77
31.66,5,Medium,Clear,97
20.72,6,Low,Clear,54
4.31,5,Medium,Clear,32
30.93,6,High,Rainy,241
30.69,1,Medium,Clear,91
25.8,10,High,Clear,147
34.96,10,Medium,Clear,107
11.18,10,Low,Clear,32
34.25,2,High,Rainy,252
8.91,8,High,Clear,64
20.24,1,Medium,Clear,63
4.31,9,Low,Rainy,34
41.14,7,Low,Rainy,141
27.37,1,Medium,Clear,78
48.58,5,Low,Rainy,158
47.17,2,Medium,Clear,133
49.93,1,Low,Rainy,157
5.96,1,High,Rainy,59
30.72,5,High,Clear,163
20.97,4,High,Clear,114
27.1,5,High,Clear,140
16.13,6,High,Rainy,141
3.36,1,Medium,Clear,14
35.68,2,Medium,Clear,99
48.33,2,Medium,Clear,136
27.09,5,High,Clear,135
17.15,10,Medium,Clear,66
46.98,9,Medium,Rainy,218
18.87,7,Medium,Clear,69
45.81,10,Low,Clear,102
42.93,4,High,Clear,217
26.91,5,Medium,Clear,86
34.17,7,Medium,Rainy,152
35.32,10,Medium,Clear,105
32.41,9,Medium,Rainy,151
8.88,10,Medium,Clear,43
34.95,7,High,Clear,182
1.16,2,Low,Clear,10
35.79,4,Medium,Clear,103
28.19,10,Low,Clear,73
13.73,4,Low,Clear,34
40.38,9,Low,Clear,95
20.86,8,Low,Rainy,85
24.8,6,Medium,Clear,79
2.36,8,High,Clear,45
20.66,7,Medium,Clear,69
9.2,8,Medium,Clear,37
14.53,7,Low,Rainy,69
13.35,2,Medium,Rainy,69
3.26,6,High,Rainy,58
23.56,4,Medium,Clear,73
26.61,4,Low,Clear,59
28.98,10,Low,Clear,73
23.65,6,Medium,Clear,73
43.61,8,Medium,Rainy,200
2.85,5,High,Clear,36
31.08,3,Low,Rainy,106
43.44,1,Low,Clear,91
3.01,5,Low,Clear,16
25.32,3,Medium,Clear,71
29.86,3,Low,Clear,70
10.35,4,Low,Clear,28
13.37,9,Medium,Clear,50
39.49,4,Low,Rainy,139
28.8,5,High,Rainy,226
16.47,10,High,Clear,101
38.47,5,Low,Clear,91
37.59,1,Medium,Clear,98
17.92,7,Low,Clear,44
24.94,2,High,Clear,127
33.56,6,Medium,Rainy,152
17.82,4,Medium,Clear,55
31.82,5,Medium,Rainy,145
13.3,5,Low,Clear,34
15.31,4,High,Rainy,131
16.22,2,High,Clear,89
46.87,8,High,Clear,241
41.85,1,Low,Clear,92
28.69,9,Medium,Clear,92
28.63,6,Medium,Clear,90
3.75,4,Medium,Clear,14
32.83,6,Low,Clear,83
17.08,9,High,Clear,107
31.0,9,Medium,Clear,112
42.17,3,Medium,Clear,121
3.23,8,Low,Rainy,30
30.75,1,Medium,Clear,82
28.65,9,Low,Clear,68
11.13,7,High,Clear,75
32.68,10,Low,Clear,79
28.19,7,Low,Clear,76
38.6,6,Medium,Clear,116
6.42,1,Medium,Clear,24
22.74,2,Medium,Rainy,105
49.9,3,Low,Clear,106
34.77,1,Medium,Rainy,150
34.53,5,Medium,Rainy,149
16.58,5,Medium,Rainy,90
5.6,6,Medium,Rainy,45
47.53,7,Low,Rainy,162
6.17,10,Medium,Rainy,51
49.64,9,Medium,Clear,151
7.16,7,High,Clear,53
9.37,6,Medium,Clear,37
16.11,9,Medium,Rainy,92
26.11,2,High,Clear,130
39.73,6,Low,Rainy,132
48.58,5,Medium,Clear,138
18.58,6,High,Rainy,157
2.0,10,Low,Rainy,26
31.22,1,High,Clear,157
35.83,5,Medium,Rainy,156
20.47,8,Low,Clear,50
9.99,3,Low,Clear,24
15.99,3,Low,Rainy,58
33.13,7,Medium,Clear,102
25.21,7,High,Clear,139
37.43,2,Medium,Clear,114
11.69,8,Medium,Rainy,63
42.26,5,Low,Rainy,137
8.64,9,Medium,Rainy,58
17.17,1,High,Clear,86
29.97,4,Medium,Rainy,129
37.11,8,Medium,Clear,113
14.04,9,Low,Clear,50
47.46,9,Low,Clear,112
35.6,10,Low,Clear,82
11.67,1,Low,Clear,29
36.56,1,Medium,Clear,102
35.12,7,Medium,Clear,109
37.88,6,Medium,Clear,113
45.88,7,Low,Clear,102
35.87,8,Low,Rainy,134
18.24,6,Medium,Clear,60
39.74,10,Medium,Clear,121
35.1,10,Medium,Rainy,173
29.14,10,High,Rainy,243
18.34,7,Low,Clear,50
46.13,7,Medium,Clear,142
26.12,7,Medium,Rainy,126
31.78,2,Low,Clear,68
21.35,3,Low,Rainy,78
39.26,10,High,Clear,197
17.71,9,Low,Clear,59
40.72,1,Medium,Clear,109
6.29,8,High,Clear,56
35.74,7,Low,Clear,85
24.37,6,High,Rainy,188
35.24,1,High,Clear,165
27.04,9,Low,Clear,75
7.58,2,Low,Clear,27
24.37,10,High,Clear,146
48.26,5,Medium,Clear,137
37.99,9,High,Rainy,302
15.71,8,High,Clear,100
47.26,10,Medium,Clear,142
39.17,4,Low,Clear,90
18.86,8,Medium,Clear,67
30.58,9,High,Clear,168
21.91,5,Low,Clear,49
5.74,1,High,Clear,42
40.5,6,Low,Clear,83
10.36,4,Low,Clear,27
23.44,6,Medium,Clear,69
35.43,1,High,Clear,178
46.68,4,Medium,Rainy,215
4.07,5,Medium,Clear,31
20.27,6,Low,Clear,56
31.12,5,High,Clear,155
39.19,2,Medium,Rainy,162
46.13,3,Medium,Rainy,196
1.02,5,Low,Clear,11
31.76,7,Medium,Clear,94
1.34,4,Medium,Clear,15
39.58,6,High,Clear,190
8.33,9,Low,Clear,28
44.84,10,Low,Clear,101
8.6,7,High,Rainy,99
38.45,3,Medium,Clear,106
15.18,5,Medium,Clear,51
28.31,9,High,Rainy,231
30.81,5,Medium,Clear,94
11.13,3,Low,Clear,31
15.64,8,High,Clear,95
6.27,7,Medium,Rainy,50
1.26,5,Medium,Clear,12
12.73,5,Medium,Rainy,66
26.28,1,Medium,Clear,75
35.97,8,High,Clear,193
39.88,6,Low,Clear,96
4.42,5,Medium,Clear,16
14.35,7,Medium,Clear,55
38.74,2,Low,Clear,86
24.56,3,Medium,Clear,77
9.93,9,Medium,Clear,40
20.22,5,Low,Rainy,87
14.23,6,Low,Rainy,57
3.48,8,High,Rainy,66
38.42,3,Medium,Rainy,174
15.29,1,Medium,Clear,47
47.31,4,Medium,Rainy,200
44.52,2,Medium,Clear,129
36.1,9,Medium,Clear,111
17.01,4,Low,Clear,43
14.72,9,High,Clear,90
24.29,7,Medium,Clear,75
18.38,7,Low,Clear,50
45.16,1,Low,Clear,94
7.05,2,Medium,Clear,22
36.5,7,Medium,Clear,108
30.93,5,Medium,Clear,91
40.51,7,Medium,Clear,121
27.58,3,Medium,Clear,82
31.85,8,Low,Rainy,117
48.17,4,Medium,Clear,132
5.51,8,Medium,Clear,28
6.14,6,High,Rainy,73
20.29,9,Medium,Clear,68
24.16,6,Medium,Clear,75
10.79,4,Low,Clear,25
5.05,3,High,Clear,47
2.09,4,Medium,Clear,18
38.47,7,Low,Rainy,130
24.77,8,Medium,Clear,80
42.33,2,High,Rainy,302
18.68,9,Medium,Clear,66
35.47,7,Medium,Rainy,159
24.94,7,Medium,Clear,85
30.99,10,Medium,Clear,100
19.14,4,Medium,Clear,61
4.98,7,Medium,Rainy,49
47.42,2,Low,Clear,111
41.97,10,Medium,Rainy,193
16.28,3,High,Clear,91
47.98,2,Medium,Clear,127
15.72,5,Medium,Clear,54
22.71,1,High,Rainy,174
38.0,2,High,Clear,174
16.14,6,Low,Clear,37
16.9,6,Low,Rainy,76
21.09,8,Medium,Clear,68
23.95,9,Medium,Clear,82
7.06,9,Medium,Rainy,56
1.86,7,Low,Rainy,26
46.04,10,Medium,Clear,142
18.31,1,Low,Clear,46
5.98,4,Low,Clear,21
38.2,7,Low,Clear,87
15.46,2,Medium,Clear,45
9.9,9,Medium,Clear,41
48.17,1,Medium,Clear,131
46.11,9,Medium,Clear,135
6.18,7,Medium,Rainy,49
45.06,10,Medium,Rainy,206
44.65,6,Low,Clear,95
32.08,7,Low,Clear,72
26.96,2,Low,Clear,62
11.65,10,Low,Clear,31
6.95,2,Medium,Clear,28
30.71,3,High,Clear,150
41.28,6,Medium,Clear,122
34.74,1,Medium,Clear,101
9.86,4,Low,Rainy,41
15.21,8,High,Clear,95
27.77,8,Low,Clear,64
31.62,5,Low,Rainy,110
4.54,7,High,Rainy,62
31.09,5,Low,Clear,71
37.08,4,Low,Rainy,123
9.89,6,Medium,Rainy,61
13.06,8,High,Clear,91
13.69,10,Low,Clear,38
47.05,1,Medium,Clear,131
20.94,3,Medium,Clear,70
27.0,4,Medium,Clear,81
36.49,5,High,Clear,186
19.2,1,Low,Clear,43
6.17,9,Medium,Clear,34
33.06,8,Low,Clear,75
33.7,2,Medium,Rainy,148
13.77,5,Medium,Clear,50
2.73,9,High,Rainy,58
33.6,3,Low,Rainy,115
35.47,5,Medium,Clear,106
2.28,9,High,Rainy,61
34.97,6,Low,Clear,71
47.01,5,Medium,Clear,134
9.76,8,Low,Clear,25
26.54,5,High,Rainy,212
35.14,9,High,Clear,191
12.27,3,Medium,Clear,42
37.83,1,Medium,Clear,113
43.54,4,High,Clear,208
40.91,7,Low,Clear,98
13.69,3,Low,Clear,36
40.41,10,High,Clear,209
21.25,8,Medium,Clear,79
14.06,2,High,Clear,83
9.23,9,Medium,Clear,43
45.54,3,Medium,Clear,126
21.92,6,Medium,Rainy,105
43.42,7,High,Clear,213
8.82,5,Medium,Clear,31
38.58,10,Medium,Rainy,177
6.39,5,Medium,Rainy,51
1.86,1,Low,Clear,10
49.76,4,High,Rainy,358
4.6,1,Medium,Rainy,23
23.62,9,High,Clear,140
44.04,9,High,Clear,220
41.15,5,Low,Clear,100
24.09,5,Medium,Clear,79
30.93,5,Medium,Clear,93
31.86,7,High,Clear,168
6.38,6,Medium,Rainy,46
14.96,2,Medium,Rainy,70
15.75,10,High,Rainy,156
19.53,3,High,Clear,106
14.42,5,High,Clear,83
13.32,7,Medium,Rainy,85
18.38,2,Low,Clear,42
19.58,4,High,Clear,105
24.87,1,Medium,Clear,65
9.5,7,Low,Rainy,46
39.63,2,High,Rainy,293
43.17,8,Medium,Clear,131
13.16,10,Low,Clear,45
7.04,1,Low,Clear,20
36.39,2,High,Clear,177
46.29,8,High,Rainy,354
2.72,5,Medium,Clear,25
1.71,5,Medium,Clear,16
9.99,7,Medium,Clear,42
34.55,4,High,Clear,175
48.27,9,Medium,Clear,141
37.77,3,Medium,Rainy,163
29.08,8,Medium,Clear,91
35.33,3,Medium,Clear,102
12.3,8,Medium,Clear,51
34.74,1,Medium,Clear,98
16.75,10,Medium,Rainy,98
11.9,10,Low,Clear,42
12.59,7,High,Clear,84
33.72,1,Low,Clear,75
38.59,2,Medium,Rainy,167
29.51,1,Low,Clear,69
4.13,10,Low,Rainy,28
2.86,3,Medium,Clear,15
11.64,9,Medium,Clear,46
15.04,1,Medium,Rainy,66
20.84,3,Medium,Clear,63
4.73,2,Medium,Clear,22
36.53,5,Medium,Clear,107
35.86,7,High,Clear,183
17.99,6,Low,Rainy,74
28.59,10,Low,Clear,74
5.94,5,High,Rainy,71
21.35,3,Medium,Clear,64
43.02,7,Medium,Clear,125
33.37,9,Medium,Clear,114
6.09,2,High,Rainy,59
42.53,6,Low,Clear,98
34.35,5,Medium,Clear,94
23.2,9,Low,Clear,58
34.91,8,Medium,Clear,101
9.47,9,Medium,Clear,41
27.97,7,High,Rainy,226
31.28,5,Low,Clear,69
46.46,4,Medium,Clear,128
4.28,8,Low,Rainy,36
19.36,2,Medium,Clear,61
46.9,1,Medium,Clear,130
11.64,3,Low,Clear,24
40.85,7,Low,Clear,95
1.08,1,Low,Clear,12
2.27,5,Low,Rainy,20
17.05,5,Low,Clear,37
38.66,3,High,Clear,187
6.1,1,Low,Rainy,31
19.76,5,High,Clear,110
7.44,8,Low,Clear,26
11.96,9,Low,Clear,39
25.65,6,Low,Clear,67
16.64,1,High,Clear,84
11.38,5,High,Rainy,111
20.28,2,Low,Clear,46
35.35,1,Low,Clear,80
6.85,3,High,Clear,47
24.5,10,High,Rainy,207
14.46,5,Medium,Clear,41
19.55,9,High,Clear,115
41.26,7,High,Clear,208
46.56,6,Medium,Rainy,206
12.91,9,Medium,Clear,46
31.87,6,Low,Clear,72
34.16,4,Medium,Rainy,146
42.28,7,Low,Clear,90
45.05,2,Low,Clear,101
23.93,2,Medium,Clear,72
49.15,6,Medium,Clear,149
48.57,5,Medium,Clear,136
25.82,6,Low,Clear,65
27.56,2,High,Clear,131
33.72,2,Low,Clear,79
19.32,1,High,Clear,94
33.44,2,Medium,Clear,94
26.2,10,Low,Clear,67
2.74,7,High,Clear,41
42.78,2,Low,Clear,95
47.08,3,Low,Clear,105
2.29,6,Low,Clear,18
39.67,6,Medium,Rainy,179
19.9,10,High,Rainy,180
29.7,9,High,Clear,164
25.5,2,Medium,Clear,74
28.01,7,Medium,Rainy,131
25.26,1,Medium,Clear,72
42.82,6,Medium,Rainy,185
34.49,9,Low,Clear,85
21.22,8,High,Clear,125
34.74,6,High,Clear,178
48.29,6,High,Rainy,349
4.94,6,High,Clear,50
20.02,8,Medium,Clear,67
43.65,2,Low,Clear,96
37.21,9,High,Rainy,294
46.81,10,Medium,Rainy,217
2.95,8,Medium,Clear,25
43.28,2,High,Rainy,309
39.8,8,Low,Clear,100
40.94,1,Medium,Clear,112
30.27,6,High,Clear,163
3.54,6,High,Clear,42
27.42,9,Medium,Clear,95
20.98,9,Low,Rainy,78
26.83,5,Low,Rainy,92
37.27,1,Medium,Clear,101
30.2,1,Medium,Rainy,125
15.34,7,Medium,Rainy,87
30.38,4,Medium,Clear,91
5.07,9,Medium,Clear,25
1.26,3,Medium,Rainy,14
20.67,6,High,Clear,115
38.1,9,Medium,Clear,118
41.31,4,High,Clear,195
27.94,5,Low,Clear,63
43.53,5,High,Clear,223
7.17,5,Medium,Clear,33
48.24,2,Medium,Clear,131
46.17,2,Medium,Rainy,196
30.36,1,High,Clear,146
3.88,1,Medium,Clear,15
23.26,4,Low,Clear,53
9.78,3,Low,Clear,24
31.79,4,Low,Clear,74
10.31,6,Medium,Rainy,62
24.61,1,Medium,Clear,69
11.08,8,Medium,Clear,49
9.91,8,Low,Clear,34
13.15,7,Medium,Clear,46
2.43,4,Low,Rainy,20
36.09,8,High,Rainy,282
16.03,9,High,Clear,104
35.21,5,High,Clear,173
33.02,6,Medium,Clear,96
4.24,10,Medium,Clear,28
16.29,8,Low,Clear,50
28.78,5,Low,Clear,65
46.0,4,Medium,Clear,127
20.66,8,Medium,Rainy,110
25.73,3,Medium,Clear,72
37.76,6,Low,Clear,85
40.36,9,Medium,Clear,117
46.24,6,Low,Clear,105
25.36,9,Medium,Rainy,126
10.5,8,Medium,Clear,45
38.46,9,High,Clear,197
7.15,10,Medium,Rainy,63
21.5,9,High,Clear,124
31.78,8,Medium,Clear,102
34.9,9,Medium,Clear,108
36.92,7,High,Clear,187
10.48,7,Medium,Clear,44
49.1,4,Medium,Clear,148
9.74,1,High,Rainy,85
5.71,7,Medium,Clear,28
33.54,8,Low,Rainy,124
45.59,9,Low,Rainy,150
28.41,1,Low,Rainy,104
30.18,9,High,Clear,166
27.39,7,High,Clear,143
3.09,7,Medium,Rainy,32
34.38,3,Low,Clear,78
18.55,1,Medium,Rainy,77
46.85,7,High,Rainy,353
10.15,10,Medium,Clear,50
15.8,8,Low,Clear,47
25.74,6,Medium,Clear,79
24.39,7,Medium,Clear,91
20.61,9,Medium,Clear,68
16.41,8,High,Clear,99
8.21,5,High,Rainy,82
41.23,4,Medium,Clear,119
22.99,4,High,Rainy,179
29.07,4,Medium,Rainy,132
27.78,2,Medium,Clear,88
29.2,10,High,Clear,165
35.54,10,Medium,Clear,110
31.84,7,Medium,Rainy,147
14.42,8,Medium,Rainy,79
28.13,7,Medium,Clear,92
12.98,10,Medium,Clear,49
29.85,8,High,Clear,166
22.16,9,Low,Clear,60
2.93,8,High,Rainy,55
36.97,5,Medium,Rainy,163
14.46,4,Low,Rainy,48
46.09,5,Medium,Clear,133
14.75,1,Low,Clear,34
49.83,5,Low,Clear,102
23.68,6,High,Clear,134
2.29,9,Medium,Clear,32
4.74,9,Low,Clear,23
5.02,10,Medium,Clear,31
3.75,3,Low,Clear,15
14.12,8,Medium,Clear,53
16.9,8,Low,Clear,45
6.45,9,Low,Clear,33
22.47,1,Medium,Clear,67
18.9,5,Medium,Rainy,93
32.18,5,Low,Clear,77
10.6,7,Medium,Rainy,66
45.79,8,Low,Clear,105
26.28,7,Medium,Rainy,123
31.56,6,Low,Rainy,112
2.94,4,High,Clear,36
28.4,9,Medium,Clear,89
19.04,2,High,Clear,103
46.28,6,Medium,Clear,136
44.4,10,Low,Clear,107
32.24,6,Low,Rainy,112
38.62,4,High,Clear,186
32.59,3,Medium,Clear,97
1.83,3,Low,Clear,14
35.45,2,Medium,Clear,109
9.68,3,Medium,Clear,31
34.45,4,Medium,Clear,102
1.51,10,High,Clear,42
16.23,4,Low,Clear,44
26.33,10,Medium,Clear,83
17.33,7,Medium,Clear,64
35.01,4,Medium,Clear,97
26.61,9,Low,Clear,62
48.02,8,Low,Clear,115
18.53,1,Medium,Clear,52
36.37,10,High,Clear,197
41.96,1,Low,Clear,91
13.43,6,High,Clear,88
37.95,4,Medium,Clear,109
20.27,10,Low,Clear,54
7.31,6,Medium,Clear,35
1.18,9,Medium,Clear,26
37.44,10,Medium,Clear,121
10.13,5,Medium,Clear,37
3.51,8,High,Rainy,74
25.36,2,High,Rainy,186
17.99,8,Low,Clear,48
34.9,8,Medium,Clear,112
6.26,2,Medium,Clear,27
7.5,7,High,Clear,66
20.8,8,High,Rainy,180
26.5,7,Medium,Rainy,130
41.39,6,Medium,Clear,118
29.7,3,Low,Clear,64
45.23,3,Low,Rainy,146
11.67,8,Low,Clear,32
30.21,4,Medium,Clear,86
33.11,10,Low,Clear,80
36.56,8,Medium,Rainy,168
49.44,10,High,Clear,251
23.93,6,Medium,Rainy,118
19.1,3,Medium,Clear,59
42.76,10,Medium,Clear,125
9.66,2,Medium,Clear,33
2.81,1,High,Clear,28
22.74,4,Medium,Clear,72
13.11,8,Medium,Clear,46
20.43,4,High,Rainy,160
49.32,8,Medium,Clear,143
18.08,8,Low,Clear,52
35.69,1,Medium,Clear,99
13.27,6,High,Clear,85
15.87,10,Low,Clear,50
12.91,8,High,Rainy,130
29.04,8,Low,Clear,73
12.08,1,Medium,Clear,32
36.2,8,Medium,Clear,107
34.33,9,Low,Clear,84
21.64,6,Low,Clear,51
2.25,7,Medium,Clear,21
2.11,6,Medium,Rainy,35
27.11,5,Medium,Clear,79
42.12,1,Medium,Clear,118
30.34,2,Medium,Clear,93
22.35,10,Medium,Clear,70
44.22,2,Medium,Clear,121
10.65,9,Medium,Clear,43
18.61,6,Medium,Clear,64
28.7,3,Low,Rainy,97
15.29,3,High,Rainy,130
49.89,10,Medium,Clear,145
23.16,10,High,Clear,133
3.53,2,Medium,Rainy,25
9.63,7,Low,Clear,31
27.09,1,Low,Clear,61
27.95,1,High,Clear,133
49.22,10,Medium,Clear,148
30.4,3,High,Clear,152
33.66,1,Medium,Clear,87
11.47,3,High,Clear,69
6.24,9,Medium,Rainy,52
30.5,7,Low,Clear,82
43.38,9,High,Clear,222
29.78,7,Medium,Clear,92
22.7,9,Medium,Clear,83
29.33,3,Medium,Rainy,128
23.97,7,High,Rainy,194
7.95,6,Low,Clear,26
37.32,2,Low,Clear,84
27.12,6,Medium,Rainy,135
20.57,3,High,Rainy,163
28.42,2,Medium,Clear,82
12.82,5,Low,Rainy,51
21.97,5,Medium,Clear,63
31.5,2,Medium,Rainy,130
12.08,3,Medium,Rainy,63
37.7,8,Medium,Rainy,169
26.53,5,Medium,Clear,82
43.22,8,Medium,Rainy,192
42.51,10,High,Clear,217
25.23,4,Medium,Clear,72
10.58,4,Medium,Rainy,56
37.1,6,Low,Clear,94
21.52,10,Low,Clear,57
30.14,5,Medium,Clear,90
6.26,5,Medium,Rainy,44
31.95,9,Medium,Clear,105
19.3,6,Low,Clear,51
17.38,3,Medium,Clear,55
49.02,4,Medium,Clear,138
22.19,9,Low,Clear,57
34.22,6,Medium,Rainy,148
31.76,8,Medium,Rainy,147
6.11,7,High,Clear,60
37.65,1,Low,Clear,87
16.83,1,Medium,Rainy,73
40.15,10,Medium,Clear,120
30.77,7,Low,Clear,81
16.54,2,Medium,Clear,48
18.46,9,Medium,Rainy,93
36.84,10,Medium,Clear,112
27.95,9,Medium,Rainy,136
33.75,2,Medium,Clear,99
8.76,9,Medium,Clear,37
39.56,9,Medium,Clear,124
16.7,10,Low,Rainy,70
31.37,6,High,Rainy,242
6.62,5,Low,Rainy,41
16.75,10,Medium,Rainy,102
32.79,2,Medium,Clear,97
14.44,6,Medium,Clear,53
44.14,9,Medium,Clear,127
33.4,3,High,Rainy,253
43.64,3,Medium,Clear,124
20.37,4,Medium,Rainy,98
2.67,10,High,Rainy,67
29.23,4,Low,Clear,67
17.62,1,Medium,Clear,44
22.96,2,High,Clear,113
34.37,6,Low,Clear,78
35.33,5,Low,Clear,77
2.35,10,Medium,Clear,24
38.7,4,High,Clear,186
25.18,10,Low,Clear,65
28.28,9,Medium,Clear,91
15.6,2,High,Clear,84
21.62,8,Low,Clear,64
35.81,4,High,Clear,180
39.06,9,Medium,Rainy,178
19.97,4,High,Rainy,167
34.86,2,Low,Clear,74
13.64,6,Low,Clear,41
41.77,9,Medium,Clear,130
30.88,7,Low,Clear,66
38.98,1,Low,Clear,84
24.38,9,High,Rainy,205
12.23,6,Low,Clear,38
22.03,9,Medium,Clear,75
19.69,2,Medium,Rainy,88
17.3,7,Low,Rainy,64
11.4,8,Low,Clear,39
38.2,8,Medium,Clear,114
5.23,5,Medium,Clear,22
44.49,7,High,Clear,220
9.58,7,Medium,Clear,41
49.01,3,High,Clear,232
49.43,2,Low,Clear,100
20.52,5,Medium,Clear,66
49.4,4,High,Clear,232
43.58,8,Low,Clear,97
5.04,5,Medium,Clear,23
47.42,9,Medium,Rainy,218
3.08,7,High,Clear,41
9.91,1,Low,Clear,26
29.65,2,Medium,Clear,87
4.96,8,Medium,Rainy,48
8.92,10,Medium,Clear,34
47.72,8,Medium,Rainy,210
49.74,2,Medium,Rainy,206
40.11,7,Medium,Clear,117
26.25,8,Medium,Clear,82
45.11,4,Medium,Clear,120
6.48,3,Medium,Clear,25
47.2,10,Low,Rainy,164
18.23,9,High,Clear,111
43.21,2,Medium,Clear,118
33.75,3,Medium,Rainy,148
48.05,8,Medium,Clear,143
43.37,2,Low,Clear,92
44.51,5,Low,Rainy,149
31.96,10,Medium,Clear,103
41.82,8,Medium,Clear,123
38.1,7,Low,Clear,89
8.92,4,Medium,Clear,30
32.78,10,High,Rainy,261
8.26,9,High,Clear,66
43.6,2,Medium,Clear,126
4.23,7,Low,Rainy,30
49.37,7,Low,Rainy,165
20.63,7,High,Clear,111
9.36,7,High,Clear,71
46.85,5,Medium,Clear,138
3.23,1,High,Clear,21
24.04,4,High,Clear,130
38.74,5,Low,Clear,85
16.52,10,Low,Clear,48
26.91,4,Low,Clear,69
35.32,7,Medium,Clear,102
47.65,2,Medium,Clear,133
6.03,2,Medium,Clear,21
8.7,2,Low,Clear,17
25.93,10,Medium,Clear,84
21.51,3,Low,Clear,46
21.13,5,Medium,Rainy,102
15.55,10,Medium,Clear,65
28.47,9,Low,Clear,70
44.28,3,Medium,Clear,120
8.89,6,High,Clear,58
11.55,6,High,Rainy,114
33.87,6,Low,Rainy,123
3.75,5,Low,Clear,19
34.01,2,Medium,Rainy,136
16.41,1,Low,Clear,34
18.53,5,High,Clear,105
20.87,8,Medium,Clear,81
18.13,10,Medium,Clear,57
42.22,5,High,Rainy,315
47.36,3,Medium,Clear,130
27.85,3,Medium,Clear,81
29.51,2,Low,Clear,65
4.45,7,Low,Clear,25
35.95,2,Medium,Clear,104
29.62,6,Medium,Clear,89
3.47,8,Medium,Rainy,37
10.72,8,Medium,Clear,45
10.9,2,Medium,Clear,37
9.38,6,Medium,Clear,35
33.27,3,Medium,Clear,100
46.49,9,High,Clear,242
38.39,3,Low,Clear,87
24.39,1,High,Clear,121
20.8,9,Low,Rainy,88
19.94,8,High,Rainy,176
30.46,2,Low,Clear,65
18.6,10,High,Clear,123
12.08,10,Medium,Clear,51
30.54,3,Low,Clear,70
20.14,7,Low,Clear,56
1.69,6,Medium,Rainy,30
2.09,8,High,Rainy,53
14.43,10,Medium,Clear,59
26.11,5,Medium,Clear,82
18.36,5,Low,Clear,49
2.18,2,Medium,Clear,17
11.93,6,Low,Clear,33
5.72,5,Medium,Clear,31
47.48,9,Low,Clear,107
16.33,3,High,Clear,90
1.72,5,Medium,Clear,18
33.37,3,Medium,Rainy,143
12.39,9,Medium,Clear,58
28.77,9,Medium,Clear,90
8.39,10,Medium,Clear,33
49.22,7,Low,Clear,114
48.54,1,High,Clear,225
33.14,9,High,Rainy,270
35.65,9,Medium,Clear,110
21.87,10,Low,Rainy,88
48.15,5,Medium,Rainy,218
21.76,2,High,Clear,111
12.73,1,Medium,Rainy,62
6.65,2,High,Clear,49
11.2,4,Low,Clear,32
29.04,4,Medium,Rainy,130
13.01,1,Medium,Rainy,61
33.06,8,Medium,Clear,99
19.73,10,Low,Clear,53
44.46,8,High,Rainy,339
28.37,8,Low,Clear,74
31.51,5,Medium,Clear,92
28.27,10,Medium,Clear,98
44.39,2,Medium,Clear,127
4.11,4,High,Clear,36
4.3,1,High,Rainy,51
35.39,10,Low,Clear,91
38.63,1,Medium,Clear,109
22.25,10,High,Rainy,196
18.26,3,High,Clear,94
14.62,4,High,Clear,83
12.49,3,Medium,Clear,43
45.69,3,Medium,Clear,124
15.46,8,Low,Clear,40
32.76,4,Medium,Clear,100
39.57,3,Low,Rainy,129
2.08,9,Medium,Clear,16
2.66,1,High,Clear,23
17.32,8,Low,Clear,46
35.1,5,Medium,Clear,105
13.78,8,Medium,Rainy,80
1.07,10,Medium,Clear,25
15.12,3,Medium,Clear,48
5.42,6,Low,Clear,21
11.75,7,High,Rainy,112
17.33,8,Low,Clear,46
7.27,7,Low,Rainy,36
35.61,7,High,Clear,185
13.54,2,Medium,Clear,53
33.39,3,High,Clear,166
30.35,6,High,Clear,162
45.0,3,High,Clear,219
5.31,9,Low,Clear,19
11.52,9,Low,Rainy,56
43.39,6,Low,Rainy,142
41.28,1,Medium,Clear,109
10.41,1,Low,Clear,31
6.28,4,Medium,Clear,34
42.96,10,Medium,Clear,118
9.73,8,Low,Clear,30
43.68,3,Low,Rainy,144
48.09,4,Medium,Clear,135
11.82,6,Low,Clear,35
42.18,9,Medium,Clear,128
21.77,4,Medium,Clear,70
39.65,3,Low,Clear,91
20.96,10,Low,Clear,59
4.45,10,Low,Rainy,35
35.92,9,Medium,Clear,115
8.38,7,Medium,Rainy,49
46.42,9,Medium,Clear,143
21.47,10,Low,Clear,57
5.02,6,Medium,Clear,24
12.2,4,High,Clear,69
43.26,5,Low,Clear,101
16.73,10,High,Clear,105
42.96,2,High,Clear,200
9.44,3,Low,Rainy,36
23.94,5,Medium,Rainy,111
44.03,3,Low,Clear,101
3.37,3,Low,Clear,18
15.91,9,Medium,Rainy,91
45.58,4,Medium,Rainy,195
30.23,4,High,Clear,147
36.1,1,High,Clear,183
42.26,7,High,Clear,210
26.66,10,Low,Clear,66
42.42,9,Medium,Clear,129
32.3,8,Medium,Clear,107
34.6,2,Medium,Clear,99
8.49,6,High,Clear,60
47.01,10,Medium,Clear,134
40.01,10,Medium,Rainy,184
13.46,5,Medium,Clear,48
29.42,8,Low,Clear,69
19.45,1,Low,Clear,47
33.36,9,Medium,Clear,102
49.69,9,High,Clear,246
3.24,7,Medium,Clear,24
47.67,8,Low,Rainy,160
4.55,9,High,Clear,50
23.58,5,Medium,Rainy,112
24.62,2,Low,Clear,54
14.17,1,Low,Clear,36
28.77,5,Low,Clear,63
41.86,8,Medium,Clear,122
15.4,10,Medium,Clear,57
4.45,4,Medium,Rainy,36
31.98,4,Medium,Clear,94
37.84,4,Medium,Clear,107
47.77,8,High,Clear,237
8.82,7,High,Clear,64
45.17,1,High,Clear,217
24.62,10,Medium,Clear,86
12.55,6,High,Rainy,114
48.17,4,Low,Clear,109
12.68,2,Low,Clear,28
36.94,3,Medium,Clear,110
39.46,4,Low,Clear,90
22.1,10,Medium,Clear,74
34.81,7,Medium,Clear,109
29.05,1,Low,Rainy,96
10.41,1,High,Clear,59
38.23,3,Medium,Clear,107
46.47,2,Low,Clear,100
24.94,3,Low,Clear,51
49.72,3,Medium,Clear,131
21.97,1,High,Clear,112
24.51,6,Medium,Clear,78
34.02,8,Low,Rainy,120
10.1,5,Low,Clear,32
45.2,1,Low,Clear,96
40.26,10,High,Rainy,317
43.75,7,High,Clear,222
30.87,10,Low,Clear,69
44.3,9,Low,Rainy,143
34.32,7,Low,Clear,81
26.07,9,High,Clear,146
46.66,10,High,Clear,238
22.55,9,Medium,Clear,73
25.53,2,High,Clear,124
9.31,8,Low,Clear,31
47.44,7,Medium,Clear,137
11.83,7,High,Rainy,121
10.87,2,High,Rainy,96
5.96,1,Medium,Clear,23
23.21,4,Low,Rainy,87
14.41,7,High,Clear,92
37.3,6,Medium,Clear,112
16.07,10,Medium,Rainy,88
36.32,2,Medium,Rainy,159
10.6,7,Medium,Clear,46
12.27,10,Medium,Clear,50
40.5,9,Low,Rainy,144
19.18,2,Medium,Rainy,84
6.48,10,Medium,Clear,28
48.11,5,Medium,Clear,141
9.69,2,Low,Clear,25
8.36,1,Medium,Rainy,40
18.56,7,Medium,Clear,65
5.69,2,Medium,Clear,21
8.63,6,Low,Clear,27
42.48,7,High,Clear,204
9.4,1,Medium,Clear,32
6.46,9,Medium,Clear,39
44.12,6,Medium,Clear,127
22.75,2,Low,Clear,54
8.7,1,High,Clear,55
29.49,1,Medium,Rainy,128
3.03,2,Medium,Clear,19
21.94,9,Medium,Rainy,110
29.93,2,Medium,Clear,88
47.9,1,High,Clear,222
17.0,4,High,Clear,93
38.49,9,Medium,Rainy,176
7.5,8,Medium,Clear,41
22.25,7,Low,Clear,59
11.93,8,High,Clear,73
25.13,2,Medium,Clear,79
21.44,5,Medium,Clear,74
49.01,7,Medium,Rainy,214
45.96,1,Medium,Clear,128
29.53,6,Medium,Clear,93
9.65,7,Medium,Clear,47
28.29,8,Medium,Clear,86
39.81,5,High,Clear,197
2.86,8,Low,Rainy,26
22.27,10,Low,Clear,65
3.09,1,Low,Clear,14
12.95,4,Low,Rainy,49
5.51,6,Low,Rainy,37
48.07,4,Low,Clear,104
9.27,5,Medium,Clear,40
8.36,2,Low,Clear,14
48.63,7,Medium,Clear,143
26.28,9,High,Clear,144
38.14,7,Medium,Clear,124
17.04,1,High,Clear,81
27.11,2,Medium,Clear,80
1.34,8,High,Rainy,51
21.03,1,Medium,Clear,60
28.2,2,High,Clear,138
26.21,5,Medium,Clear,80
20.89,6,Medium,Clear,62
39.61,1,High,Rainy,280
25.58,1,Low,Clear,55
32.17,2,Medium,Rainy,140
10.05,3,Medium,Clear,37
43.21,9,Medium,Clear,132
18.78,3,Low,Clear,39
24.62,8,Medium,Clear,80
18.26,6,Medium,Rainy,92
44.7,10,Low,Clear,104
45.14,5,Medium,Clear,129
11.99,9,Low,Rainy,50
37.88,8,High,Clear,193
6.04,3,Low,Clear,22
2.46,7,High,Clear,29
41.99,4,Medium,Rainy,180
7.43,8,Medium,Clear,41
8.58,7,High,Rainy,97
30.72,3,High,Rainy,230
41.02,7,Low,Clear,92
10.29,6,Medium,Rainy,61
6.6,6,Medium,Clear,27
4.79,10,Medium,Clear,28
2.22,3,Medium,Clear,12
6.71,4,Medium,Clear,33
47.19,4,High,Clear,222
5.67,6,Medium,Clear,29
30.28,9,Low,Rainy,113
46.13,5,High,Clear,220
31.76,8,Medium,Clear,100
2.6,5,Low,Clear,11
30.22,6,Low,Clear,71
45.25,6,Medium,Clear,134
16.81,4,Low,Clear,37
16.37,10,High,Clear,109
13.19,10,Low,Clear,41
25.77,5,Medium,Rainy,120
12.66,4,Medium,Rainy,68
36.47,2,Medium,Clear,99
32.6,2,Medium,Clear,92
20.64,8,Medium,Rainy,99
36.41,4,Medium,Clear,104
5.83,9,Medium,Clear,28
37.73,6,High,Clear,189
30.54,5,Medium,Clear,90
31.87,7,Medium,Rainy,146
4.17,6,Medium,Rainy,38
31.29,4,Medium,Clear,94
25.21,10,Medium,Rainy,130
24.81,9,Medium,Clear,78
16.77,6,Low,Rainy,61
1.37,3,High,Rainy,33
21.71,4,High,Clear,123
20.64,4,Medium,Clear,67
21.72,8,Medium,Rainy,115
30.99,5,Medium,Clear,88
15.7,8,Low,Clear,36
14.2,8,Medium,Clear,59
25.39,6,High,Clear,141
30.02,5,Medium,Clear,95
28.8,2,Low,Clear,65
44.2,1,Low,Clear,93
38.69,7,High,Clear,198
3.56,10,High,Clear,48
28.61,10,Low,Clear,74
21.47,7,Medium,Clear,72
18.69,2,Medium,Clear,60
47.94,3,Low,Clear,99
23.38,8,Medium,Rainy,120
36.25,4,Medium,Rainy,154
48.39,5,High,Clear,242
8.4,7,High,Clear,62
3.68,8,High,Rainy,63
16.37,1,High,Clear,89
3.18,7,Medium,Rainy,37
6.72,3,Medium,Clear,21
49.59,5,Low,Clear,107
48.05,1,Low,Clear,101
34.87,3,Medium,Rainy,147
37.9,5,Medium,Rainy,166
7.88,1,High,Clear,41
30.17,2,Medium,Clear,89
8.57,3,Low,Clear,23
19.54,8,Medium,Clear,64
17.92,5,High,Rainy,146
31.08,5,High,Clear,158
4.9,3,Low,Clear,17
6.07,9,Low,Clear,26
30.89,9,Medium,Clear,94
32.17,2,Low,Rainy,102
17.65,8,Medium,Clear,64
8.2,1,Medium,Clear,32
44.42,5,Low,Clear,107
3.59,7,Low,Clear,23
36.15,8,High,Clear,193
7.86,8,Low,Rainy,39
32.23,6,Low,Clear,77
33.52,7,Low,Rainy,117
40.41,4,Low,Rainy,138
20.36,10,Medium,Clear,70
2.07,7,Low,Clear,23
40.74,7,Medium,Rainy,182
22.76,9,High,Clear,134
42.51,2,High,Clear,197
39.02,8,Low,Rainy,138
25.42,9,Low,Clear,59
49.97,3,Medium,Clear,141
23.64,8,Low,Clear,58
35.13,1,Medium,Clear,104
33.82,10,Medium,Clear,115
26.39,5,Low,Clear,59
29.68,1,High,Clear,143
40.13,1,Low,Rainy,127
29.01,6,Low,Clear,69
23.06,5,High,Clear,117
33.44,5,Medium,Rainy,143
2.74,2,High,Clear,30
6.35,10,Low,Clear,23
7.15,9,Low,Clear,26
21.86,5,Low,Clear,50
43.72,3,Low,Clear,92
32.52,7,Medium,Clear,96
48.66,6,Medium,Clear,137
2.96,6,Medium,Clear,20
36.38,5,Low,Clear,86
16.4,4,Medium,Rainy,83
2.14,6,Low,Clear,10
41.47,7,Medium,Clear,128
8.97,8,Medium,Clear,40
11.49,2,Medium,Clear,43
17.68,4,Low,Clear,41
39.63,7,Medium,Rainy,187
31.6,3,High,Clear,155
13.98,5,Medium,Clear,47
9.26,10,Medium,Clear,44
6.37,7,High,Clear,59
8.34,9,Medium,Clear,41
43.54,6,Low,Clear,95
46.21,2,Medium,Clear,123
48.43,9,Medium,Clear,142
41.9,6,Low,Rainy,140
44.48,10,Medium,Clear,139
40.99,2,High,Clear,193
47.94,1,Low,Clear,110
42.44,4,Medium,Clear,121
23.64,2,High,Clear,120
16.84,7,Low,Clear,47
29.63,7,Low,Clear,72
30.8,3,Medium,Rainy,126
29.17,10,Medium,Clear,94
35.63,1,High,Clear,169
35.25,2,Medium,Clear,106
5.27,8,Low,Clear,29
14.99,4,Low,Clear,38
44.6,3,Medium,Clear,127
29.91,10,Low,Clear,76
17.1,7,Low,Rainy,70
42.67,10,Low,Clear,105
13.2,4,Low,Rainy,52
21.05,2,Low,Clear,48
14.54,3,High,Clear,82
43.7,4,Medium,Clear,127
36.69,1,Medium,Clear,100
23.55,8,Low,Clear,60
46.68,8,High,Clear,232
46.44,5,Low,Clear,104
35.86,6,High,Rainy,271
44.71,4,High,Clear,220
36.25,3,High,Clear,173
31.78,3,Medium,Clear,92
21.62,4,Medium,Clear,63
14.4,6,High,Clear,87
3.95,2,Medium,Clear,22
40.24,6,Medium,Rainy,177
6.99,8,Medium,Clear,32
21.11,9,Low,Clear,48
12.5,4,Medium,Clear,36
23.28,5,Medium,Clear,71
16.43,8,Low,Clear,47
41.65,10,Medium,Rainy,185
48.93,2,Medium,Clear,135
47.14,10,Low,Clear,104
31.5,2,Medium,Rainy,136
48.98,9,Low,Clear,113
20.64,6,Low,Clear,46
26.6,10,Medium,Clear,85
13.59,9,Medium,Clear,52
45.0,10,Medium,Rainy,209
9.81,7,Medium,Clear,43
30.91,5,High,Clear,160
40.17,9,Low,Rainy,143
30.17,9,Medium,Clear,98
4.86,2,Medium,Clear,15
30.96,8,Low,Clear,64
38.59,8,Low,Rainy,129
10.2,2,Low,Rainy,39
37.11,10,Low,Clear,91
44.05,7,Low,Rainy,150
49.34,1,Medium,Clear,132
21.09,5,Medium,Rainy,102
2.23,5,Low,Rainy,12
21.53,10,Low,Rainy,88
33.35,5,Medium,Clear,97
44.68,2,High,Clear,220
46.97,3,Low,Clear,98
45.57,6,Medium,Clear,126
33.24,1,Low,Clear,77
34.44,6,Medium,Clear,98
1.12,6,Low,Rainy,19
18.82,7,Low,Clear,49
45.44,9,Medium,Clear,139
34.79,9,High,Clear,181
23.93,4,Medium,Clear,73
6.11,2,High,Rainy,66
13.07,5,Medium,Clear,40
28.19,1,Medium,Clear,83
44.98,5,Medium,Clear,132
5.69,10,Low,Clear,28
8.53,3,Medium,Clear,33
33.1,7,High,Clear,169
15.41,7,High,Clear,91
9.32,3,Medium,Rainy,52
9.74,5,Medium,Clear,38
25.14,9,Medium,Clear,81
29.6,4,Medium,Rainy,136
45.31,2,Medium,Rainy,193
26.96,3,Low,Clear,66
34.87,1,High,Clear,176
9.85,5,Medium,Rainy,65
35.96,9,Medium,Clear,110
32.79,2,Low,Clear,72
11.59,3,Low,Rainy,43
33.8,3,High,Clear,171
11.36,7,High,Clear,75
30.09,10,Medium,Clear,97
33.77,7,Medium,Rainy,155
34.97,1,Medium,Rainy,148
45.55,3,Low,Clear,94
47.44,1,Low,Clear,107
40.7,9,Medium,Rainy,193
44.06,7,Medium,Rainy,193
1.95,5,Medium,Clear,24
18.77,7,Medium,Clear,63
2.95,3,Low,Clear,19
12.02,3,High,Clear,75
19.7,1,High,Clear,96
43.51,5,Low,Clear,98
26.08,7,Medium,Rainy,128
32.79,3,Medium,Clear,102
18.78,5,Medium,Clear,69
30.54,10,High,Clear,173
40.96,1,Medium,Clear,114
15.76,7,Low,Clear,45
46.68,8,Low,Clear,106
11.45,8,Medium,Clear,43
46.05,1,Medium,Clear,129
2.39,4,High,Rainy,44
27.59,9,High,Clear,150
49.27,2,High,Rainy,344
30.88,1,Low,Clear,67
28.19,6,Low,Clear,63
34.44,1,Low,Clear,82
15.18,6,Low,Rainy,62
3.64,1,High,Clear,32
13.3,6,High,Clear,77
9.64,9,Medium,Clear,43
46.25,5,High,Rainy,331
42.76,4,Medium,Clear,128
16.57,8,Medium,Clear,60
41.97,4,Medium,Clear,123
11.38,4,Medium,Clear,39
10.78,9,Low,Clear,37
38.61,1,Low,Rainy,132
17.02,3,Medium,Rainy,84
4.17,4,Medium,Clear,21
36.28,8,High,Clear,187
49.49,1,Medium,Clear,130
28.73,3,High,Clear,144
13.92,2,High,Clear,77
19.27,6,Medium,Clear,67
32.78,9,Low,Clear,82
35.37,10,Medium,Clear,110
44.43,9,High,Rainy,343
45.53,10,Medium,Rainy,213
43.2,5,High,Clear,219
32.78,3,Medium,Clear,94
23.04,8,Low,Rainy,89
34.29,9,Medium,Clear,111
33.66,9,Medium,Rainy,154
11.68,1,Low,Clear,30
25.87,10,Medium,Clear,85
11.2,5,Low,Clear,35
45.06,10,Low,Rainy,156
16.84,9,Low,Clear,47
40.47,3,Medium,Rainy,170
19.48,7,High,Clear,102
38.42,9,Medium,Clear,116
11.82,2,High,Clear,72
38.42,2,Medium,Clear,103
9.8,5,Medium,Clear,39
25.05,8,Medium,Clear,82
6.57,10,Medium,Rainy,52
26.87,5,Low,Clear,67
41.22,8,High,Clear,209
38.02,4,Medium,Rainy,165
3.49,9,Medium,Clear,33
25.12,4,Medium,Clear,68
42.76,5,Medium,Clear,117
32.86,7,Low,Clear,84
3.9,9,Low,Clear,26
16.96,5,Low,Clear,48
28.27,7,Low,Rainy,114
9.46,4,Low,Rainy,45
34.41,2,Medium,Clear,100
32.11,2,Low,Rainy,101
10.92,5,Low,Clear,32
27.97,2,Medium,Clear,79
40.77,2,Medium,Clear,114
19.37,2,Medium,Clear,48
13.1,4,Low,Clear,29
35.36,8,Medium,Clear,108
4.47,7,Medium,Clear,28
41.8,5,Medium,Clear,119
47.23,7,Low,Rainy,159
48.27,6,Medium,Clear,137
22.19,8,Medium,Clear,71
31.54,8,High,Clear,170
43.01,7,Medium,Rainy,187
11.95,5,High,Rainy,107
2.36,6,High,Clear,44
19.84,10,Low,Clear,56
44.33,8,Medium,Rainy,199
25.75,7,Low,Clear,61
26.98,5,Medium,Rainy,128
34.88,10,Low,Clear,85
29.15,8,Low,Clear,67
3.67,4,High,Clear,43
28.48,6,Medium,Clear,82
32.75,4,High,Rainy,248
32.44,5,Low,Rainy,106
36.69,10,Low,Rainy,135
26.48,3,Low,Clear,67
45.1,2,Medium,Clear,121
23.75,1,High,Clear,123
26.39,3,Medium,Rainy,117
39.23,1,Low,Clear,85
41.83,6,Medium,Clear,114
32.77,2,Medium,Clear,97
7.19,3,Medium,Clear,25
17.27,8,Medium,Clear,60
1.99,5,Medium,Clear,22
15.48,2,High,Clear,82
28.94,2,Medium,Clear,79
40.46,3,Medium,Clear,121
29.7,3,Medium,Clear,86
2.95,8,Medium,Rainy,35
13.7,5,High,Clear,85
29.33,8,Medium,Rainy,143
35.74,4,Medium,Clear,113
43.46,9,High,Clear,220
48.41,3,Medium,Clear,132
44.7,2,Medium,Clear,127
23.9,6,Medium,Clear,79
37.6,4,High,Rainy,278
12.79,2,Low,Clear,33
4.13,6,Medium,Clear,26
3.7,4,Low,Rainy,24
12.82,10,Low,Clear,38
2.84,4,Medium,Clear,16
42.66,10,Low,Clear,97
25.01,4,Low,Clear,60
40.73,4,Medium,Clear,111
47.06,8,Medium,Clear,143
49.7,1,High,Rainy,353
46.92,9,High,Clear,239
36.11,3,Medium,Clear,98
22.66,5,Medium,Clear,68
30.3,5,Low,Clear,66
41.01,4,Medium,Clear,113
44.98,4,Medium,Clear,127
47.87,7,Low,Clear,113
36.8,4,Medium,Clear,111
27.46,10,Low,Clear,73
48.45,3,Medium,Clear,127
47.97,9,High,Clear,249
24.4,4,Low,Rainy,93
32.78,4,Medium,Rainy,141
40.65,10,Low,Clear,89
22.22,8,Medium,Clear,75
41.64,7,Medium,Clear,132
6.46,4,Low,Rainy,35
24.58,8,Medium,Clear,80
24.65,10,High,Clear,142
34.55,2,Low,Clear,79
6.7,9,Medium,Clear,32
6.06,2,High,Clear,44
45.13,10,Medium,Clear,142
15.88,3,Medium,Clear,47
17.02,6,Low,Rainy,69
39.07,7,High,Clear,203
21.33,9,Medium,Rainy,103
41.81,8,High,Clear,212
20.67,6,High,Rainy,169
38.27,8,Medium,Clear,113
26.74,5,Medium,Clear,89
46.86,10,Medium,Clear,145
17.04,10,High,Clear,113
18.77,9,High,Clear,117
48.53,4,High,Rainy,351
37.14,1,Medium,Clear,107
38.86,8,Medium,Rainy,182
15.5,5,Low,Clear,41
27.07,9,High,Clear,153
16.36,3,Low,Clear,49
13.73,9,High,Clear,95
27.23,8,High,Clear,147
49.4,6,Low,Clear,109
11.52,10,Medium,Rainy,72
12.88,10,Low,Clear,35
12.91,8,Medium,Clear,38
39.79,8,Low,Clear,88
26.01,7,Low,Clear,62
19.85,7,Medium,Clear,68
42.35,3,Low,Rainy,141
15.58,7,Medium,Rainy,84
20.22,3,Medium,Rainy,93
4.61,9,Medium,Rainy,51
6.83,5,Low,Clear,20
7.7,8,Low,Clear,38
18.0,3,Low,Clear,40
26.68,3,Medium,Rainy,118
1.04,3,Low,Clear,10
10.31,8,High,Clear,71
9.61,9,Medium,Clear,38
13.41,7,Low,Clear,36
9.14,1,Low,Rainy,44
10.56,6,Medium,Clear,48
49.21,3,High,Clear,235
30.14,1,Medium,Clear,85
38.37,10,Low,Clear,101
41.15,2,Medium,Rainy,167
33.72,3,High,Clear,164
35.5,7,Low,Clear,73
31.98,6,High,Clear,172
32.82,2,Medium,Clear,98
46.49,5,Medium,Clear,135
10.1,1,Medium,Clear,32
14.46,3,Low,Clear,44
5.57,1,Medium,Clear,24
42.03,3,Medium,Rainy,179
22.99,2,Low,Clear,61
45.45,4,High,Clear,224
21.17,5,Low,Clear,48
22.69,3,Medium,Clear,72
22.97,10,Low,Clear,56
31.01,5,Medium,Clear,99
38.54,7,Medium,Clear,123
18.21,10,High,Rainy,163
31.88,9,Low,Clear,79
10.99,8,Medium,Rainy,66
28.15,6,Medium,Clear,83
27.78,9,Low,Clear,76
44.55,8,High,Clear,221
44.9,4,Low,Clear,95
24.87,2,Medium,Clear,71
2.21,9,Low,Rainy,21
42.39,6,Medium,Clear,127
1.03,10,High,Clear,34
24.43,8,Medium,Rainy,121
1.97,8,Medium,Rainy,31
18.28,4,Low,Clear,50
32.2,10,Medium,Clear,107
19.19,5,Low,Clear,49
46.42,1,Medium,Clear,126
32.4,9,Medium,Rainy,150
32.68,7,Low,Clear,72
19.35,1,Medium,Rainy,85
2.89,10,High,Clear,39
37.17,10,High,Clear,195
36.1,3,Low,Clear,83
26.98,9,Low,Clear,66
21.4,1,Medium,Clear,57
27.38,6,High,Rainy,216
37.59,5,Medium,Clear,113
35.93,4,High,Clear,181
33.25,1,Medium,Clear,88
45.29,7,Low,Rainy,157
30.88,1,Low,Clear,71
1.71,1,High,Rainy,29
31.29,2,Low,Rainy,107
31.02,9,Low,Clear,71
4.41,1,Medium,Clear,10
21.96,8,Low,Clear,54
32.9,1,High,Clear,157
35.52,1,Medium,Clear,100
44.76,9,Medium,Clear,123
42.23,8,High,Clear,214
6.71,1,High,Clear,41
30.83,7,Low,Clear,80
30.23,8,High,Clear,163
15.88,2,Medium,Clear,52
10.02,4,Medium,Rainy,59
10.78,2,High,Clear,70
9.7,6,Low,Clear,32
40.51,5,High,Clear,206
8.27,5,Medium,Clear,28
13.96,8,Low,Clear,48
11.67,1,Low,Clear,27
35.93,10,Medium,Clear,110
8.76,2,Medium,Clear,33
2.18,1,High,Rainy,33
19.34,4,Medium,Clear,61
15.95,2,Medium,Rainy,78
20.49,10,Low,Rainy,81
37.94,7,Medium,Rainy,173
1.61,5,Medium,Rainy,19
2.85,5,Low,Clear,18
13.53,1,Medium,Rainy,66
44.57,2,High,Rainy,315
9.28,5,Medium,Clear,33
49.85,7,Low,Clear,108
40.48,1,Medium,Clear,110
23.35,7,Medium,Clear,73
37.65,2,High,Rainy,271
26.42,2,High,Clear,133
28.73,9,Low,Clear,73
29.46,8,High,Clear,155
32.79,10,Medium,Clear,106
3.98,4,Medium,Clear,15
31.21,5,Medium,Clear,86
36.13,9,Medium,Clear,115
16.23,4,High,Clear,85
48.95,10,Medium,Clear,139
8.08,8,Medium,Clear,31
45.61,5,Low,Clear,102
34.15,1,High,Clear,164
33.55,7,Medium,Rainy,156
43.93,10,High,Clear,227
41.75,3,Medium,Clear,116
17.93,7,Medium,Clear,60
35.56,8,Medium,Clear,102
3.48,4,Medium,Clear,24
23.74,6,Medium,Rainy,115
46.95,10,Medium,Clear,137
14.43,7,Low,Rainy,68
3.45,8,High,Rainy,59
29.56,3,Low,Rainy,102
18.4,7,High,Clear,99
19.6,5,High,Clear,103
29.54,7,Medium,Clear,85
31.46,6,Medium,Rainy,147
22.43,5,Low,Clear,64
25.87,3,Low,Clear,55
49.67,10,Medium,Clear,145
47.9,2,Low,Rainy,164
35.66,3,Medium,Rainy,152
8.91,2,High,Clear,61
18.64,3,Medium,Clear,62
44.27,2,Low,Clear,98
21.75,1,High,Clear,116
47.81,9,Low,Clear,112
24.93,10,Medium,Rainy,120
43.23,5,Medium,Rainy,184
2.73,9,Medium,Clear,21
22.27,8,Medium,Clear,71
35.31,7,Low,Clear,87
43.31,6,Medium,Clear,123
30.87,4,Medium,Clear,93
9.49,10,Medium,Clear,42
44.4,10,Medium,Clear,137
29.17,7,High,Clear,150
6.29,7,Low,Clear,31
23.73,1,Low,Clear,60
35.25,9,High,Clear,183
23.1,4,Medium,Clear,70
43.67,7,Medium,Clear,126
21.76,9,High,Rainy,193
29.59,2,Medium,Clear,87
11.35,8,Medium,Clear,44
26.12,4,Medium,Clear,76
11.92,4,High,Clear,77
12.03,3,Low,Clear,35
14.72,10,Medium,Rainy,89
3.17,4,Medium,Rainy,35
9.0,9,Low,Rainy,48
21.79,1,Medium,Clear,70
7.42,9,Medium,Clear,38
7.54,10,Medium,Rainy,56
48.43,9,Low,Clear,110
21.93,1,Low,Clear,47
20.78,9,Low,Clear,52
14.12,6,Medium,Clear,47
26.11,8,Low,Clear,55
30.21,8,Medium,Clear,95
21.49,8,Low,Clear,58
20.3,8,Medium,Clear,64
35.32,1,Low,Clear,71
47.54,1,Medium,Clear,130
44.01,7,High,Clear,224
6.81,9,Low,Clear,25
32.96,10,Medium,Clear,108
1.35,8,High,Clear,42
32.02,5,Medium,Rainy,137
23.75,8,Medium,Clear,86
25.06,9,Medium,Clear,90
29.81,7,Low,Rainy,108
37.39,10,High,Clear,204
36.74,3,High,Clear,181
3.18,9,Low,Clear,15
37.09,5,Medium,Rainy,160
41.66,8,Low,Clear,92
4.34,1,Medium,Clear,23
16.82,1,Low,Clear,44
39.81,3,Low,Clear,93
25.16,2,Medium,Clear,71
35.05,5,High,Clear,183
25.61,9,Low,Clear,65
48.93,9,High,Rainy,376
46.87,8,Low,Clear,108
14.78,5,Medium,Clear,48
19.91,3,High,Clear,109
22.14,6,Low,Clear,56
6.11,8,Low,Clear,16
20.8,6,Medium,Clear,68
38.97,7,Medium,Rainy,170
42.5,7,High,Clear,214
44.42,7,Medium,Clear,134
1.71,9,Medium,Clear,20
39.65,9,Medium,Clear,120
25.63,1,Medium,Rainy,113
11.1,3,Medium,Clear,37
25.44,5,Medium,Clear,79
42.37,4,Medium,Clear,114
22.28,1,Medium,Clear,63
49.53,1,Low,Clear,107
31.22,4,Medium,Clear,92
25.0,5,Low,Clear,57
15.45,4,Medium,Clear,52
1.54,2,Medium,Clear,10
30.92,5,Medium,Rainy,136
29.3,10,High,Clear,162
26.32,3,High,Rainy,199
27.35,7,Low,Clear,66
42.33,4,Low,Clear,96
16.53,2,Low,Clear,42
27.96,8,Medium,Clear,84
34.32,10,High,Rainy,271
11.28,2,Low,Clear,33
46.32,7,Medium,Clear,138
37.12,8,Medium,Rainy,171
3.61,10,Medium,Clear,33
43.39,3,Medium,Clear,130
46.56,6,High,Clear,234
39.89,4,Low,Rainy,146
21.89,2,Medium,Rainy,102
49.72,8,Medium,Rainy,219
7.1,2,High,Clear,44
27.29,9,Low,Clear,70
9.35,9,High,Clear,77
22.53,8,Low,Clear,59
46.44,10,Medium,Clear,137
39.92,3,Low,Rainy,133
39.32,8,Low,Clear,95
18.34,5,Medium,Clear,60
46.78,10,Medium,Clear,147
19.04,5,Medium,Rainy,90
2.96,2,High,Clear,26
32.25,3,Low,Rainy,111
18.77,8,Medium,Rainy,102
8.53,1,Low,Clear,24
46.8,4,Medium,Clear,128
32.22,6,Medium,Clear,100
47.09,9,Low,Clear,115
29.57,8,Medium,Rainy,144
4.13,10,Low,Clear,29
2.47,5,Medium,Clear,16
45.13,7,High,Clear,233
2.9,8,Medium,Clear,26
31.14,9,High,Clear,166
15.6,3,Low,Rainy,57
34.7,8,High,Rainy,276
14.95,3,Medium,Clear,56
2.82,1,High,Rainy,38
36.81,4,Medium,Clear,113
16.23,7,Medium,Clear,61
27.99,9,Medium,Clear,91
38.92,10,Medium,Clear,120
35.44,7,Low,Clear,89
18.08,10,Medium,Rainy,101
37.64,5,Medium,Clear,119
46.36,1,High,Clear,212
30.89,1,High,Clear,146
35.47,9,Low,Clear,87
43.43,4,Low,Clear,95
42.34,3,Medium,Clear,118
18.23,5,Medium,Clear,60
49.59,7,Low,Clear,112
2.4,7,Medium,Clear,26
49.35,5,Low,Rainy,165
13.05,8,Medium,Rainy,75
22.58,5,Low,Rainy,74
44.3,10,High,Rainy,346
12.97,4,Low,Clear,32
12.01,6,Medium,Clear,43
32.51,3,Medium,Clear,98
35.57,4,Low,Rainy,119
1.37,8,Low,Clear,18
23.07,10,Low,Clear,67
24.97,10,Low,Rainy,99
14.32,3,Low,Clear,31
27.76,10,Medium,Clear,94
8.57,3,Medium,Clear,30
16.86,6,Low,Clear,45
35.95,8,Low,Clear,83
43.82,10,Medium,Clear,134
29.88,2,Medium,Clear,87
4.67,1,Low,Clear,13
34.26,10,Low,Rainy,122
44.98,1,Low,Clear,103
25.71,7,High,Rainy,218
25.19,2,Low,Rainy,82
49.58,9,Low,Rainy,174
32.18,10,Medium,Clear,104
40.5,4,High,Clear,201
32.68,7,Medium,Clear,106
11.82,5,Low,Clear,33
14.92,5,Low,Clear,40
33.62,7,High,Rainy,267
23.35,9,High,Clear,133
20.81,4,Medium,Rainy,97
2.1,9,Medium,Clear,19
44.33,9,Medium,Clear,130
44.34,8,Low,Clear,101
23.59,1,Medium,Clear,69
35.34,10,Medium,Clear,110
9.71,9,Medium,Clear,38
25.69,3,Low,Clear,53
22.5,8,High,Rainy,186
33.17,5,Medium,Clear,93
24.01,6,High,Clear,137
25.42,3,Medium,Clear,70
15.49,7,Low,Clear,42
3.37,2,Medium,Clear,20
45.93,3,High,Clear,228
1.6,2,Low,Rainy,15
14.78,9,Medium,Clear,56
22.93,3,High,Clear,124
16.64,8,Medium,Clear,64
28.04,6,Low,Clear,68
23.62,1,Medium,Rainy,102
13.52,6,Medium,Clear,55
5.31,8,Medium,Clear,31
7.74,10,Medium,Clear,37
24.83,3,High,Clear,123
42.45,7,Low,Clear,97
5.93,6,Low,Clear,31
34.18,1,Low,Clear,77
39.81,2,Medium,Clear,114
14.56,5,Low,Clear,40
33.74,7,Medium,Rainy,155
34.65,4,High,Clear,173
35.68,6,Low,Rainy,127
44.65,2,Medium,Clear,120
20.53,5,Medium,Clear,72
12.94,10,Low,Clear,42
27.65,3,Low,Clear,65
4.06,1,High,Rainy,50
17.36,6,High,Clear,105
44.28,9,High,Clear,226
27.07,10,Medium,Clear,85
22.4,8,Medium,Clear,64
14.02,4,High,Clear,81
13.27,8,Medium,Rainy,77
12.59,5,High,Rainy,119
41.63,3,Medium,Rainy,174
49.27,4,Medium,Clear,144
27.21,7,Medium,Clear,94
4.91,5,High,Rainy,64
37.8,4,High,Clear,190
43.98,3,Low,Rainy,149
46.63,3,Low,Clear,107
31.81,10,Medium,Clear,107
25.84,6,Medium,Clear,86
31.41,8,Medium,Clear,100
1.63,4,Low,Clear,17
33.12,1,High,Rainy,238
35.77,4,Medium,Clear,109
36.38,5,High,Rainy,281
28.59,8,High,Clear,149
35.3,7,High,Clear,176
32.3,2,Medium,Clear,92
6.66,9,Medium,Clear,38
45.02,3,High,Clear,213
31.51,9,Medium,Clear,102
36.66,1,Medium,Clear,104
17.8,9,High,Clear,110
46.04,7,Low,Clear,99
25.63,2,High,Clear,137
34.27,10,Medium,Rainy,165
47.66,7,Low,Clear,110
45.89,1,Medium,Rainy,194
32.6,3,Medium,Clear,99
9.12,7,Low,Rainy,44
47.58,3,Medium,Clear,139
49.22,2,High,Clear,232
6.07,5,High,Clear,54
23.06,3,Medium,Clear,68
27.86,9,Medium,Clear,90
5.51,7,Medium,Clear,32
10.29,1,Low,Rainy,37
27.35,1,High,Clear,130
48.19,6,Medium,Clear,137
2.36,4,Low,Clear,18
45.71,1,Medium,Clear,131
45.03,9,Low,Rainy,157
43.0,2,Low,Clear,90
19.5,1,Low,Clear,43
25.05,3,Low,Clear,59
20.78,10,Medium,Clear,71
47.43,1,High,Clear,226
26.55,4,Low,Clear,63
4.95,4,High,Clear,46
14.43,6,Low,Clear,40
23.64,3,Low,Rainy,93
47.72,9,Medium,Clear,144
28.88,6,Medium,Rainy,127
35.11,7,Medium,Clear,108
5.34,6,Medium,Clear,26
43.99,9,Medium,Clear,140
27.41,2,Medium,Clear,77
46.14,8,Low,Clear,112
22.83,5,Low,Clear,51
34.47,2,Low,Rainy,112
24.07,7,Low,Clear,56
7.99,5,High,Rainy,87
14.33,8,Low,Clear,47
4.3,10,Medium,Clear,27
22.57,6,High,Rainy,179
32.82,7,High,Clear,173
12.94,1,Low,Rainy,47
25.03,2,High,Rainy,185
23.49,9,High,Clear,133
27.14,7,Medium,Clear,89
10.04,7,Medium,Clear,46
27.17,4,Medium,Clear,79
18.85,4,High,Clear,105
15.02,3,Medium,Clear,48
29.71,10,Medium,Clear,96
8.25,4,High,Clear,55
45.13,10,Low,Clear,102
46.81,6,Medium,Clear,142
33.37,3,Medium,Clear,90
15.85,10,Medium,Clear,62
31.67,8,Medium,Clear,104
30.47,1,Low,Clear,60
20.17,6,Low,Clear,52
15.08,2,Low,Clear,38
9.25,1,High,Rainy,86
11.65,4,Medium,Clear,36
33.0,6,Low,Clear,86
44.41,7,Medium,Clear,131
19.86,1,Medium,Clear,65
6.97,3,Low,Rainy,39
1.63,6,High,Clear,24
20.89,6,Medium,Rainy,101
12.4,10,Medium,Clear,56
16.81,6,Medium,Clear,57
12.84,7,Medium,Clear,53
33.54,7,Medium,Rainy,153
32.29,10,Medium,Clear,104
45.7,8,High,Rainy,340
35.29,2,Medium,Clear,100
9.08,10,Low,Rainy,46
37.83,1,Medium,Clear,106
9.88,10,Medium,Clear,46
28.37,7,Medium,Clear,98
4.78,1,Low,Rainy,23
3.32,2,Low,Clear,10
23.75,1,Low,Clear,56
6.14,1,Medium,Clear,18
16.03,3,Medium,Clear,50
17.6,4,Medium,Clear,58
38.7,5,Low,Clear,82
17.3,5,High,Clear,96
25.22,2,High,Rainy,187
38.86,3,Medium,Rainy,162
11.04,8,Medium,Clear,52
40.44,2,High,Rainy,288
41.76,4,Medium,Clear,115
49.45,7,Medium,Clear,151
22.76,9,High,Clear,137
19.16,3,Medium,Rainy,90
35.4,3,Low,Clear,73
3.85,7,High,Clear,49
2.95,8,High,Clear,40
17.41,4,High,Rainy,142
36.75,1,High,Clear,172
6.71,5,Medium,Rainy,48
32.14,4,High,Clear,158
14.21,8,High,Clear,89
32.93,7,Medium,Clear,95
23.39,2,Medium,Clear,65
6.64,6,Medium,Rainy,51
13.12,4,Low,Clear,35
11.77,7,Medium,Clear,42
9.06,9,Low,Rainy,47
23.95,7,Medium,Clear,76
47.78,2,Low,Clear,97
33.25,8,Medium,Rainy,153
41.96,6,Medium,Clear,122
49.07,9,Medium,Clear,138
27.49,7,Medium,Clear,86
12.67,5,Medium,Clear,44
46.46,8,High,Clear,232
35.25,7,Medium,Clear,109
47.99,1,Low,Clear,105
32.9,5,Low,Rainy,110
38.98,7,Medium,Rainy,178
44.64,10,Low,Clear,103
38.2,7,High,Clear,201
28.57,3,Medium,Clear,88
24.12,5,Low,Clear,58
41.35,8,Low,Clear,94
38.83,9,Medium,Clear,116
18.96,9,Low,Clear,50
25.42,10,Low,Rainy,92
32.11,5,High,Rainy,246
2.39,2,Medium,Rainy,20
13.13,8,Medium,Rainy,77
13.26,7,Medium,Clear,46
44.28,4,Medium,Rainy,192
17.24,5,High,Rainy,149
27.71,10,Medium,Clear,93
41.75,10,Medium,Rainy,193
13.72,2,Medium,Rainy,58
7.06,9,Medium,Clear,37
47.47,6,High,Rainy,347
35.53,9,High,Clear,187
9.68,8,Medium,Rainy,61
41.17,1,Medium,Rainy,169
39.57,9,Low,Rainy,137
42.04,9,Medium,Clear,129
14.53,4,Medium,Clear,54
22.98,1,Low,Clear,52
34.99,4,Medium,Clear,111
20.14,6,Low,Clear,48
4.43,4,Medium,Rainy,40
7.69,9,High,Clear,61
30.26,4,Medium,Clear,90
19.38,10,Medium,Clear,67
1.26,8,Medium,Clear,19
38.58,2,Low,Clear,87
21.42,7,Medium,Rainy,107
16.37,8,Low,Rainy,68
35.96,6,Low,Clear,88
23.3,10,Medium,Clear,76
35.05,6,Medium,Clear,101
1.65,8,Medium,Clear,15
1.46,3,Low,Rainy,16
28.44,2,High,Rainy,210
49.13,9,Low,Clear,104
14.35,8,Medium,Clear,49
34.46,10,Medium,Clear,108
9.44,5,High,Clear,68
16.27,5,Medium,Clear,63
4.83,6,High,Clear,50
44.16,6,Low,Clear,109
16.21,2,Medium,Clear,48
12.29,7,Medium,Clear,49
36.8,3,Low,Clear,84
10.77,8,Low,Clear,31
12.77,9,Medium,Clear,53
6.08,3,Medium,Clear,24
48.18,6,Medium,Clear,137
13.13,8,Low,Rainy,54
49.79,6,High,Rainy,364
9.63,10,Medium,Clear,47
2.01,3,Low,Clear,10
44.89,4,Medium,Clear,127
29.42,9,Medium,Clear,93
18.22,1,Medium,Clear,56
26.15,4,High,Clear,133
13.78,10,High,Clear,88
32.1,1,High,Clear,156
31.21,8,Medium,Clear,96
4.93,7,Medium,Rainy,43
45.62,7,Low,Rainy,157
23.57,2,Medium,Clear,72
10.56,10,Low,Clear,33
16.06,6,Low,Clear,43
43.44,8,Medium,Clear,127
19.78,8,Medium,Clear,70
28.54,5,Low,Rainy,102
47.44,8,Low,Clear,104
32.93,2,Medium,Clear,92
34.11,4,Medium,Clear,97
13.18,10,Medium,Clear,55
33.75,2,Low,Rainy,115
20.3,5,High,Rainy,171
45.64,3,Medium,Clear,125
7.35,6,Medium,Rainy,44
15.0,7,Medium,Clear,53
4.23,6,Medium,Clear,28
19.66,2,Medium,Rainy,86
8.27,2,Low,Clear,27
42.41,4,Medium,Clear,114
46.33,7,Low,Clear,110
33.8,8,Medium,Clear,105
6.06,5,Medium,Clear,33
17.74,10,High,Clear,112
48.26,1,Low,Rainy,153
7.68,9,Medium,Clear,40
28.27,8,High,Clear,159
18.29,1,Low,Clear,37
49.96,9,Low,Clear,117
14.98,5,Medium,Rainy,81
3.34,8,Low,Rainy,29
35.41,10,High,Clear,186
17.01,10,Medium,Clear,60
33.22,2,Low,Clear,67
6.13,7,Medium,Clear,29
26.63,9,Low,Clear,67
19.39,7,High,Clear,109
27.3,9,Low,Clear,68
42.82,4,Medium,Clear,116
48.66,5,Low,Clear,110
37.9,7,Medium,Clear,116
38.58,1,High,Clear,176
26.92,2,Low,Clear,63
5.77,2,Low,Clear,22
33.69,10,Medium,Clear,107
8.24,9,Medium,Clear,40
13.04,3,Medium,Rainy,64
35.67,9,High,Rainy,285
33.19,1,Medium,Rainy,140
16.4,3,Medium,Clear,50
38.83,10,Medium,Clear,116
47.03,2,Medium,Clear,131
27.72,2,Low,Clear,61
34.21,1,High,Clear,159
14.32,6,Low,Clear,42
48.57,5,Low,Clear,112
14.41,5,High,Clear,88
44.48,9,Low,Rainy,157
46.47,6,Low,Clear,101
36.26,9,Medium,Clear,111
40.77,4,Medium,Rainy,173
23.43,7,Medium,Clear,79
46.06,4,High,Clear,220
37.39,1,Low,Rainy,126
17.01,4,Low,Rainy,62
2.71,2,Low,Clear,14
27.5,5,Low,Rainy,106
42.19,2,Low,Clear,100
43.17,2,Medium,Clear,119
41.92,4,High,Clear,210
11.52,7,High,Clear,77
21.88,3,High,Clear,113
31.08,7,High,Clear,164
33.71,9,Low,Clear,82
17.39,3,Low,Clear,36
34.94,4,Medium,Rainy,152
29.95,1,Medium,Clear,83
28.77,7,Low,Clear,69
33.49,1,High,Clear,157
30.57,3,Medium,Clear,89
9.18,9,High,Rainy,107
43.85,5,Low,Clear,98
12.79,10,Low,Clear,42
37.48,10,Medium,Clear,120
9.65,2,Low,Clear,20
33.39,9,High,Clear,175
44.89,6,High,Clear,220
1.48,9,Medium,Rainy,36
49.0,4,High,Clear,233
2.45,6,Low,Rainy,22
1.56,7,Medium,Clear,14
43.02,6,Low,Clear,101
35.73,4,Medium,Rainy,157
6.18,8,Low,Clear,23
46.93,6,Medium,Clear,142
33.92,2,Medium,Clear,101
6.44,6,Medium,Clear,35
43.17,1,Medium,Rainy,174
24.56,9,Medium,Clear,84
14.63,10,Low,Clear,40
41.43,7,Low,Clear,95
37.18,8,Medium,Rainy,165
31.53,4,Medium,Clear,93
45.03,8,Low,Clear,102
43.2,1,Medium,Rainy,183
12.11,4,High,Clear,71
44.06,6,Medium,Clear,128
19.33,10,Medium,Clear,67
22.16,7,High,Clear,124
48.64,3,High,Rainy,347
38.23,10,High,Clear,206
16.75,10,High,Clear,104
32.75,2,High,Rainy,244
27.43,9,Medium,Clear,88
6.71,1,Medium,Clear,31
44.5,10,Medium,Clear,140
41.27,1,Low,Clear,92
39.11,10,Low,Clear,91
28.4,2,Medium,Rainy,125
11.82,5,Medium,Rainy,71
44.31,1,High,Rainy,310
18.3,6,Low,Clear,48
1.99,8,High,Clear,40
49.11,10,Low,Rainy,168
43.2,2,Low,Clear,90
31.51,5,Medium,Clear,91
1.61,3,High,Rainy,43
12.16,2,Low,Clear,36
23.15,6,Low,Clear,61
31.78,1,High,Clear,158
35.7,8,Low,Clear,87
39.63,6,Low,Rainy,134
28.23,4,Medium,Clear,84
33.15,5,High,Clear,164
40.75,2,High,Clear,198
36.27,8,Medium,Clear,108
47.79,6,Medium,Rainy,208
43.86,6,High,Clear,218
9.3,3,Low,Clear,27
47.42,1,Medium,Clear,135
11.0,8,Medium,Clear,51
49.57,7,High,Clear,245
35.37,1,Medium,Clear,103
31.75,8,Medium,Clear,100
16.89,10,Medium,Rainy,95
7.52,2,High,Clear,50
7.18,8,High,Clear,69
43.46,5,Medium,Clear,132
22.19,8,High,Rainy,191
28.43,6,Medium,Clear,88
46.66,2,Medium,Clear,129
13.51,7,Low,Clear,38
38.43,6,Medium,Clear,117
24.05,4,Low,Clear,57
11.42,9,Medium,Clear,47
42.8,4,Low,Rainy,143
34.32,1,Medium,Clear,97
5.65,3,Medium,Rainy,37
27.55,8,Low,Clear,73
42.74,3,Medium,Clear,120
4.28,7,Low,Clear,16
21.4,1,Medium,Clear,64
40.46,4,Medium,Clear,114
43.06,4,Low,Clear,94
38.99,9,Low,Rainy,142
15.98,1,Low,Clear,41
25.84,9,Medium,Rainy,128
37.32,10,Medium,Clear,114
8.48,8,Medium,Rainy,57
30.15,10,Medium,Clear,112
36.3,6,Medium,Clear,116
42.65,4,Medium,Clear,122
6.47,6,High,Clear,54
17.15,6,Medium,Clear,49
27.54,2,Medium,Rainy,120
35.35,7,Medium,Rainy,164
36.77,9,Medium,Rainy,170
13.41,8,Medium,Rainy,78
1.68,3,High,Clear,25
35.0,8,High,Clear,186
45.55,4,Low,Clear,93
40.08,10,High,Clear,206
31.5,1,High,Clear,154
48.9,3,High,Clear,230
22.22,1,Low,Clear,55
26.73,5,Medium,Rainy,123
1.6,10,Medium,Rainy,28
47.35,9,Medium,Rainy,210
29.58,7,Medium,Rainy,144
20.15,3,High,Clear,100
3.18,7,Medium,Clear,25
18.76,8,Medium,Clear,67
1.18,4,Medium,Clear,14
16.89,3,Medium,Rainy,80
47.62,2,Medium,Clear,133
8.56,8,Low,Rainy,44
27.73,3,Medium,Clear,86
10.14,7,Low,Clear,33
39.39,2,High,Clear,194
28.56,5,High,Clear,148
10.91,5,High,Clear,71
43.45,9,Medium,Clear,135
39.42,8,Medium,Clear,114
47.61,8,High,Clear,238
1.03,10,Medium,Clear,21
23.4,2,Medium,Clear,67
49.99,2,Medium,Clear,138
40.75,10,Medium,Rainy,196
41.73,7,High,Clear,207
31.44,4,Medium,Clear,92
35.93,3,Medium,Clear,112
40.46,3,Low,Rainy,134
5.52,7,Medium,Clear,35
34.94,1,High,Clear,171
40.95,4,Low,Clear,90
3.0,6,High,Rainy,60
15.56,9,High,Rainy,152
16.88,1,Low,Clear,46
42.87,1,Low,Clear,91
39.24,2,Low,Clear,82
33.16,7,Low,Rainy,119
40.43,7,Low,Rainy,140
23.22,5,Low,Clear,53
43.87,4,Medium,Clear,129
12.48,10,High,Clear,90
35.52,6,Low,Rainy,122
12.85,8,Low,Rainy,60
2.95,7,High,Rainy,60
14.92,2,Low,Clear,35
25.15,2,Low,Clear,60
42.33,6,Low,Clear,95
25.93,1,Low,Rainy,89
9.78,5,Medium,Rainy,63
49.65,1,Low,Clear,102
14.23,7,Medium,Clear,56
49.28,3,Medium,Rainy,208
46.88,9,Medium,Rainy,210
27.58,5,Medium,Clear,89
5.51,1,Low,Clear,19
35.08,10,Medium,Clear,107
42.44,4,High,Clear,208
22.82,8,Low,Clear,60
12.71,7,Low,Clear,39
40.34,6,High,Clear,201
27.71,9,Medium,Clear,89
10.68,4,Low,Rainy,45
47.53,10,Medium,Rainy,206
47.46,1,Low,Clear,104
18.99,10,Medium,Clear,67
4.14,6,High,Clear,41
31.91,4,High,Clear,160
16.54,1,Low,Clear,45
4.25,10,Medium,Rainy,39
44.7,3,Medium,Clear,124
49.91,1,Medium,Clear,139
18.17,5,Low,Clear,35
37.49,8,High,Clear,193
4.22,2,Medium,Clear,18
19.12,6,Low,Rainy,72
6.33,6,Medium,Clear,30
3.71,5,Low,Rainy,28
29.85,7,Low,Clear,67
40.3,1,Low,Rainy,132
23.2,10,Low,Rainy,91
26.68,4,Low,Clear,68
14.27,6,Medium,Rainy,81
37.08,4,Medium,Clear,107
18.69,6,Medium,Rainy,98
4.31,2,Medium,Clear,15
9.11,9,Medium,Rainy,58
7.29,4,Low,Rainy,41
22.36,5,Medium,Clear,69
4.2,7,High,Rainy,71
40.52,8,Medium,Clear,121
45.49,1,Medium,Clear,128
13.17,7,Medium,Clear,48
24.79,10,Medium,Clear,79
26.43,9,Low,Clear,70
49.27,2,Medium,Clear,143
4.22,2,Medium,Rainy,24
33.73,4,High,Rainy,253
17.94,1,Low,Clear,41
25.59,9,Medium,Rainy,131
11.63,5,Medium,Clear,45
8.85,3,Medium,Clear,35
12.93,6,Low,Rainy,50
4.49,7,Medium,Clear,30
14.63,4,Low,Clear,37
34.83,2,Medium,Clear,97
32.92,5,Medium,Clear,100
28.17,7,Low,Clear,67
1.02,10,High,Clear,42
7.16,10,Medium,Clear,38
42.3,3,Low,Rainy,142
14.32,2,Low,Clear,39
45.7,2,Low,Clear,100
43.85,4,Medium,Clear,119
8.59,4,Medium,Clear,33
45.01,5,High,Rainy,325
31.76,3,Low,Clear,66
31.88,1,Medium,Clear,79
42.78,4,Low,Rainy,138
20.85,1,Low,Clear,47
37.03,8,Low,Clear,88
33.72,5,Medium,Clear,102
38.8,2,Medium,Rainy,167
33.35,5,Medium,Rainy,149
4.92,5,Low,Clear,17
15.34,1,Medium,Clear,48
47.06,5,Medium,Clear,130
11.95,8,Low,Clear,36
24.14,10,Medium,Clear,87
18.49,2,Low,Clear,39
5.23,8,Low,Clear,22
9.88,8,Medium,Clear,42
15.05,1,Low,Clear,39
23.7,4,Medium,Clear,72
43.85,5,Low,Rainy,153
26.27,10,Low,Clear,69
32.94,8,Medium,Clear,105
21.87,3,Medium,Clear,66
43.63,1,Medium,Clear,113
33.47,7,Medium,Clear,106
5.44,4,High,Rainy,61
24.4,10,Medium,Clear,90
41.53,5,High,Clear,208
36.95,6,Low,Clear,82
45.36,4,High,Clear,221
12.16,1,Medium,Clear,36
48.88,8,High,Clear,250
14.97,9,Medium,Clear,69
3.46,3,Low,Clear,10
25.29,10,High,Rainy,213
6.41,4,Medium,Clear,32
34.38,5,Medium,Rainy,156
45.13,10,Low,Clear,101
46.15,9,Medium,Clear,137
30.74,5,Medium,Clear,93
27.23,7,High,Clear,145
49.71,3,Low,Clear,105
29.39,1,Medium,Clear,78
46.45,6,Medium,Rainy,209
45.91,10,Medium,Clear,141
15.19,1,Medium,Clear,54
1.67,6,Medium,Clear,16
22.52,8,High,Rainy,191
43.21,9,Medium,Clear,132
41.97,8,Medium,Rainy,185
30.58,5,Medium,Rainy,143
8.68,7,Low,Clear,26
6.27,6,Medium,Clear,32
47.78,9,Medium,Clear,142
21.65,4,Medium,Clear,68
32.76,8,Medium,Clear,106
45.39,9,Medium,Rainy,198
43.62,7,Medium,Clear,124
28.78,7,Low,Clear,70
24.91,2,Medium,Clear,75
37.03,9,Medium,Clear,112
18.13,5,Low,Clear,46
31.64,10,Medium,Clear,90
2.13,3,Medium,Clear,19
41.39,4,Medium,Rainy,183
49.9,10,Medium,Rainy,224
47.78,2,Medium,Clear,130
18.63,3,High,Clear,100
27.02,6,Medium,Clear,86
12.57,1,Medium,Clear,37
15.85,2,Medium,Clear,56
23.41,4,High,Clear,130
37.61,1,Medium,Rainy,161
1.88,6,Medium,Clear,13
20.29,4,High,Rainy,164
28.27,2,Medium,Clear,83
11.54,10,Medium,Rainy,82
4.85,4,Medium,Clear,25
27.44,8,Medium,Clear,82
32.25,6,Low,Clear,73
32.41,1,Medium,Clear,91
18.47,5,Medium,Clear,63
12.63,6,Medium,Rainy,71
11.8,4,High,Clear,70
2.99,4,Medium,Clear,13
10.05,3,Medium,Clear,34
41.11,10,Medium,Clear,125
1.15,10,Low,Clear,17
3.15,6,Low,Clear,24
7.22,9,Medium,Clear,40
21.59,7,Low,Rainy,79
17.35,9,High,Clear,109
9.71,6,High,Clear,62
6.44,2,Low,Clear,15
47.0,6,Medium,Rainy,202
45.65,7,Low,Clear,103
38.82,2,Low,Rainy,130
13.35,1,Medium,Clear,44
16.86,6,Low,Clear,47
33.63,8,Medium,Clear,109
15.29,6,Medium,Rainy,85
27.0,8,Medium,Clear,85
32.91,6,Low,Clear,74
26.44,6,Medium,Rainy,127
21.25,8,Medium,Clear,77
18.05,3,Low,Clear,46
39.11,3,Low,Clear,90
37.21,6,High,Clear,190
35.12,4,Medium,Clear,109
19.36,7,High,Rainy,165
39.01,7,Medium,Clear,121
47.93,9,Medium,Clear,142
34.76,2,High,Clear,164
20.99,2,Medium,Clear,63
40.03,6,Low,Clear,93
30.86,9,Low,Rainy,119
44.01,7,High,Clear,220
35.95,6,Medium,Clear,106
38.73,5,Medium,Clear,116
33.7,8,Low,Rainy,114
5.51,2,Medium,Clear,24
24.77,3,Medium,Clear,67
3.77,6,Medium,Rainy,31
22.93,1,Low,Clear,47
36.1,8,Medium,Rainy,168
21.64,9,Medium,Clear,73
1.08,2,Medium,Clear,10
19.09,9,Medium,Rainy,105
4.32,5,Medium,Clear,21
39.25,8,Medium,Clear,120
39.4,1,Medium,Clear,111
40.51,1,Medium,Clear,112
2.49,4,Medium,Rainy,27
2.58,1,High,Clear,28
45.27,1,Medium,Rainy,183
7.06,5,Medium,Clear,39
33.83,2,High,Rainy,245
39.98,4,Medium,Clear,117
22.95,8,Medium,Rainy,110
27.78,6,Low,Clear,76
12.14,2,High,Rainy,98
46.26,3,Medium,Clear,131
15.79,2,Medium,Clear,54
11.67,4,Medium,Clear,46
26.74,5,Medium,Clear,86
10.34,9,High,Clear,75
34.65,7,High,Clear,187
26.24,8,Low,Clear,63
8.24,7,Medium,Clear,37
4.3,10,Medium,Clear,29
7.71,8,High,Rainy,91
7.69,5,Low,Clear,30
16.33,3,Medium,Clear,58
41.83,7,Medium,Clear,125
3.81,1,Medium,Clear,22
7.28,3,Low,Clear,19
15.84,7,Medium,Clear,54
28.11,4,Low,Clear,56
38.38,7,Medium,Clear,105
46.14,10,Medium,Rainy,215
21.19,10,Medium,Clear,75
6.19,6,Medium,Clear,34
11.46,4,Medium,Clear,43
15.08,7,Low,Clear,46
39.52,8,Low,Clear,95
34.65,8,Low,Clear,76
11.24,7,Medium,Rainy,72
42.1,2,Low,Clear,94
43.1,8,Low,Clear,90
44.24,5,Low,Clear,101
14.48,9,Medium,Clear,49
7.55,6,Medium,Clear,40
6.09,4,Medium,Clear,31
20.6,9,Medium,Rainy,108
22.04,1,Medium,Clear,66
43.54,4,High,Clear,206
14.12,5,Medium,Rainy,77
31.72,4,Medium,Clear,93
39.62,9,Medium,Clear,118
14.19,1,Medium,Rainy,64
14.09,3,Medium,Clear,42
33.79,9,Medium,Clear,114
36.58,7,High,Clear,191
48.03,5,Medium,Clear,142
42.65,6,Medium,Clear,120
41.28,4,Low,Clear,83
34.92,5,Medium,Rainy,155
6.81,8,High,Rainy,87
40.65,5,Medium,Rainy,179
46.83,10,Medium,Clear,150
20.15,2,Low,Clear,44
16.37,8,High,Clear,94
26.6,3,High,Clear,130
47.87,5,Medium,Rainy,207
3.49,6,High,Clear,46
35.74,1,Medium,Clear,104
40.92,3,High,Clear,192
39.65,1,High,Clear,194
28.77,7,Low,Clear,67
46.11,2,Medium,Clear,121
7.59,10,Low,Clear,31
13.01,7,Low,Clear,37
16.04,3,Medium,Rainy,86
1.43,3,Medium,Clear,10
19.16,1,High,Clear,104
8.87,7,Low,Rainy,42
36.51,8,Low,Clear,83
21.33,4,High,Rainy,168
35.52,9,Low,Clear,91
15.39,4,Low,Clear,34
7.46,10,Medium,Clear,36
7.47,5,Low,Clear,25
10.96,6,Low,Clear,34
6.65,9,Medium,Rainy,56
11.81,9,Low,Rainy,55
29.37,8,High,Clear,162
13.56,10,Medium,Rainy,72
17.8,2,Low,Rainy,65
3.58,10,Medium,Clear,31
44.72,10,High,Clear,226
7.77,1,Low,Clear,24
18.08,2,Low,Clear,40
19.59,6,Medium,Clear,65
38.83,7,Medium,Rainy,169
24.69,6,Low,Clear,62
19.76,1,Medium,Clear,63
35.1,1,High,Clear,165
30.25,1,High,Clear,146
4.83,1,Medium,Clear,21
16.32,10,Low,Clear,46
48.95,10,Medium,Rainy,221
24.68,1,Low,Clear,66
21.79,2,Low,Rainy,82
8.35,2,Low,Clear,23
42.11,4,Low,Clear,95
7.53,3,Low,Rainy,34
6.15,4,Medium,Rainy,39
22.51,5,Medium,Clear,77
22.4,4,High,Rainy,177
49.09,3,Medium,Clear,138
7.25,3,Medium,Clear,41
24.71,4,Medium,Clear,78
10.86,6,High,Rainy,106
35.39,7,Low,Clear,84
20.19,4,Medium,Clear,64
32.77,8,Low,Clear,81
17.58,6,Medium,Clear,55
28.66,5,High,Clear,146
23.99,8,Low,Clear,63
19.34,6,Low,Clear,51
27.34,1,Medium,Clear,80
19.81,1,Medium,Clear,62
40.49,10,Medium,Clear,126
25.27,10,Low,Clear,60
45.25,6,Low,Clear,95
11.92,8,Medium,Rainy,78
6.49,9,Low,Clear,33
19.67,4,High,Clear,116
10.0,7,Medium,Clear,40
20.26,9,Medium,Clear,67
11.16,8,High,Rainy,114
43.54,8,Medium,Clear,126
28.83,1,Medium,Rainy,121
25.38,10,Low,Clear,72
39.6,6,Low,Rainy,134
7.39,9,Medium,Clear,33
42.99,8,Medium,Clear,123
24.68,2,High,Clear,126
7.69,5,Low,Clear,26
41.15,4,High,Clear,204
23.58,8,Medium,Clear,75
30.63,9,Low,Rainy,114
44.79,3,Low,Clear,107
44.64,9,Medium,Clear,134
44.75,1,Medium,Clear,123
21.43,7,Medium,Rainy,105
37.73,8,Medium,Rainy,171
12.43,6,Low,Clear,39
41.73,4,Medium,Clear,115
17.74,4,Medium,Clear,48
23.73,7,Low,Clear,65
44.68,10,High,Clear,231
40.48,6,Low,Clear,90
47.67,4,Medium,Clear,144
18.81,5,Medium,Clear,61
8.4,10,High,Clear,61
45.61,4,Medium,Clear,131
25.16,1,Medium,Clear,75
44.58,4,Medium,Clear,129
36.87,6,High,Clear,184
43.87,2,Medium,Clear,118
33.08,7,Low,Clear,78
40.81,9,High,Clear,217
6.9,10,Medium,Rainy,56
48.45,2,Low,Clear,102
9.87,7,Low,Clear,29
2.2,2,High,Clear,24
27.01,9,Medium,Rainy,135
35.88,1,Low,Rainy,117
36.1,4,Low,Clear,82
17.62,2,Low,Clear,46
37.94,1,Medium,Clear,105
42.29,2,High,Clear,201
30.89,10,Medium,Clear,96
19.91,6,Medium,Clear,72
31.07,5,Low,Rainy,114
43.25,1,Medium,Clear,121
45.12,3,Medium,Clear,125
2.54,10,Low,Clear,21
7.0,6,Medium,Clear,33
1.22,5,High,Rainy,43
25.13,6,Medium,Clear,79
22.38,8,Medium,Clear,79
27.74,6,Medium,Clear,85
34.5,5,Low,Rainy,121
18.92,4,Medium,Rainy,95
11.22,5,Medium,Rainy,66
20.35,9,Low,Rainy,87
1.44,10,High,Clear,39
41.64,6,Medium,Clear,118
19.8,5,Medium,Rainy,101
31.52,8,Medium,Rainy,147
16.91,5,Medium,Clear,59
31.13,5,Low,Clear,76
27.48,8,Low,Clear,72
11.22,9,Medium,Clear,47
31.64,8,Low,Clear,72
6.37,9,Medium,Clear,30
24.57,9,Medium,Clear,83
36.27,8,Medium,Rainy,167
27.9,7,Medium,Rainy,129
37.57,7,High,Clear,193
14.38,1,Medium,Clear,43
3.39,7,Medium,Clear,29
3.74,10,High,Clear,53
14.17,6,Medium,Clear,52
20.98,1,Low,Clear,45
27.34,10,Medium,Clear,92
38.13,10,Low,Clear,101
42.14,8,Medium,Clear,122
34.99,9,Low,Clear,87
23.7,2,High,Rainy,181
13.96,4,Medium,Clear,47
21.96,7,Medium,Clear,69
14.4,1,Low,Clear,41
31.6,8,High,Clear,172
41.09,9,Low,Rainy,148
26.39,8,High,Clear,145
3.25,2,Medium,Clear,10
47.05,8,Medium,Clear,140
15.42,8,Medium,Clear,53
45.81,2,Low,Clear,103
40.84,9,Medium,Clear,128
21.24,1,Low,Clear,52
3.78,7,Low,Clear,27
47.44,2,High,Rainy,330
33.29,8,High,Clear,167
13.23,8,High,Clear,90
27.14,4,High,Clear,133
32.13,8,High,Clear,170
12.11,5,High,Clear,74
5.58,9,Low,Clear,26
14.11,1,Low,Clear,34
3.33,5,Low,Clear,18
4.43,9,Low,Clear,16
8.67,6,High,Clear,68
8.76,4,High,Clear,58
13.15,1,Medium,Clear,43
46.93,10,Low,Clear,105
29.22,6,Medium,Clear,91
21.7,7,Medium,Rainy,110
28.63,7,High,Clear,152
1.28,9,Medium,Clear,21
44.84,4,Medium,Clear,124
27.08,4,Medium,Clear,72
23.13,5,Low,Clear,56
47.14,9,Medium,Rainy,207
36.79,2,Medium,Rainy,156
17.53,4,High,Clear,105
46.87,9,High,Clear,238
42.75,6,Medium,Clear,122
47.77,6,Medium,Clear,135
5.71,7,Low,Clear,27
47.81,5,Low,Clear,101
27.6,4,High,Clear,133
33.94,3,Medium,Rainy,149
11.4,2,Medium,Rainy,67
7.88,7,High,Clear,61
4.89,5,Medium,Clear,26
21.69,1,High,Clear,103
11.85,4,Low,Clear,27
5.0,9,Medium,Rainy,47
47.8,8,Low,Clear,114
36.94,7,Medium,Clear,112
26.37,5,Medium,Clear,81
37.42,1,Medium,Clear,107
30.96,5,Medium,Clear,99
9.72,8,High,Clear,80
32.04,4,Medium,Rainy,143
34.37,5,Low,Clear,84
12.64,8,High,Clear,80
16.69,5,High,Clear,95
19.78,4,Low,Clear,47
30.52,4,Medium,Clear,97
7.21,6,Medium,Rainy,55
37.43,10,Medium,Clear,118
17.96,1,Medium,Clear,53
34.9,4,Low,Clear,80
46.71,1,Medium,Clear,128
43.62,6,High,Rainy,330
37.14,8,Low,Clear,90
10.47,4,Medium,Clear,36
36.87,8,High,Clear,186
32.15,2,Low,Clear,67
38.85,5,High,Clear,196
43.57,3,Low,Clear,102
16.26,7,Low,Clear,44
32.57,9,Medium,Clear,98
14.48,1,Medium,Clear,50
17.97,8,Low,Clear,45
26.51,4,Low,Clear,60
22.27,10,Medium,Rainy,115
30.43,5,Low,Rainy,102
38.18,1,Low,Clear,85
30.65,5,Medium,Clear,93
48.52,9,Medium,Rainy,211
37.17,8,High,Clear,192
49.27,8,Medium,Clear,143
37.43,6,Low,Clear,82
25.89,9,Medium,Clear,88
21.14,4,High,Clear,113
37.05,6,Medium,Clear,109
34.67,3,Low,Rainy,110
33.77,2,High,Clear,165
36.37,9,Medium,Clear,113
43.74,5,Low,Clear,89
12.16,2,High,Clear,77
28.68,5,Low,Clear,72
30.56,6,High,Clear,158
15.35,8,Medium,Rainy,89
49.41,5,Medium,Rainy,211
39.49,2,Medium,Clear,110
16.74,7,Low,Rainy,71
18.56,5,Low,Clear,46
36.19,2,Medium,Rainy,156
1.56,6,Low,Clear,10
23.74,7,Low,Clear,54
17.81,8,Medium,Clear,63
42.85,3,Medium,Clear,116
39.77,4,Low,Clear,91
17.27,6,Medium,Clear,62
43.38,3,Low,Clear,87
45.77,6,High,Clear,224
28.07,9,Low,Clear,73
8.8,5,Medium,Clear,32
38.75,2,Low,Clear,85
16.65,10,Medium,Clear,59
26.84,2,High,Clear,130
3.23,7,High,Clear,41
25.5,4,Medium,Clear,71
19.63,9,Medium,Rainy,103
34.62,9,High,Clear,185
3.0,6,Medium,Clear,18
31.62,10,High,Clear,169
38.83,5,Medium,Clear,117
1.63,7,Medium,Clear,12
37.75,5,Medium,Clear,116
7.38,9,Low,Clear,22
35.2,9,Medium,Clear,111
23.31,7,Low,Rainy,87
28.05,4,Medium,Clear,83
17.53,1,Low,Rainy,64
13.03,4,Medium,Clear,43
4.48,3,Medium,Rainy,32
43.37,1,Low,Rainy,140
30.91,10,Medium,Rainy,147
49.16,4,Medium,Clear,139
42.67,7,Medium,Clear,122
43.61,2,Medium,Rainy,183
30.29,7,Medium,Clear,90
4.97,6,Low,Clear,24
45.76,9,High,Clear,231
6.78,2,Medium,Rainy,35
26.34,6,Medium,Clear,77
42.99,6,Low,Clear,97
24.15,6,Medium,Clear,78
9.12,3,High,Clear,54
19.29,6,Low,Clear,51
49.43,9,Medium,Clear,152
49.99,3,Low,Clear,113
35.83,2,High,Rainy,267
44.51,8,Medium,Clear,128
3.17,3,High,Clear,31
14.52,5,High,Clear,83
19.08,5,Medium,Clear,58
1.59,2,Low,Clear,11
19.47,2,Low,Clear,38
5.56,6,Low,Clear,30
26.35,2,Medium,Clear,73
1.22,6,Medium,Rainy,20
14.25,7,Medium,Clear,52
43.45,4,Low,Clear,96
11.44,10,Low,Clear,41
4.18,4,High,Clear,40
13.24,3,Medium,Clear,48
41.55,1,Medium,Clear,120
29.77,4,Low,Clear,65
29.72,3,Medium,Clear,95
1.03,8,Low,Rainy,23
24.14,5,Medium,Clear,79
14.02,7,Medium,Clear,52
17.47,3,Medium,Clear,53
30.34,3,High,Rainy,227
43.84,6,Medium,Clear,130
9.9,10,High,Clear,76
38.64,4,Low,Clear,89
3.4,8,Medium,Clear,31
17.01,3,Medium,Clear,53
11.73,5,Low,Clear,32
45.86,1,Medium,Clear,131
9.72,1,Low,Rainy,42
29.35,8,Medium,Rainy,142
9.07,7,Low,Clear,31
24.2,1,Medium,Clear,71
21.26,6,Medium,Rainy,102
3.03,2,Medium,Clear,20
41.47,1,Medium,Clear,118
39.23,10,Medium,Clear,125
14.62,5,Medium,Clear,57
31.09,5,Low,Rainy,105
18.77,2,High,Clear,103
38.69,5,High,Rainy,291
34.93,7,Low,Rainy,126
5.43,4,Medium,Clear,30
42.37,2,Medium,Clear,115
9.79,5,High,Rainy,102
9.53,6,Low,Clear,26
36.95,8,Medium,Clear,108
9.98,9,Low,Clear,35
7.0,10,Medium,Clear,44
17.44,8,Medium,Clear,66
42.1,7,High,Clear,215
9.66,9,High,Rainy,113
17.61,9,Medium,Rainy,95
15.03,6,Low,Clear,39
18.45,3,Medium,Clear,53
36.0,8,Low,Rainy,130
20.87,3,Medium,Clear,63
38.22,1,Medium,Clear,112
32.38,4,Medium,Clear,97
18.69,9,Low,Clear,52
22.18,8,High,Rainy,183
35.48,6,Medium,Rainy,159
27.2,3,Medium,Clear,81
43.55,3,High,Clear,200
46.73,7,Low,Clear,105
36.17,5,Low,Clear,82
49.47,3,Medium,Clear,139
30.23,1,Medium,Rainy,126
2.95,9,Medium,Clear,30
25.74,5,Medium,Clear,79
12.27,7,Medium,Clear,40
17.35,10,Low,Rainy,70
25.01,9,Medium,Clear,91
15.46,4,High,Clear,87
16.17,5,Medium,Clear,46
20.7,3,Medium,Clear,65
15.04,7,Low,Clear,37
9.31,1,High,Rainy,86
38.51,8,Low,Rainy,130
20.37,3,Medium,Clear,58
41.76,4,Medium,Clear,125
44.25,10,Medium,Rainy,198
37.8,4,Medium,Clear,112
20.44,7,Medium,Clear,66
36.34,7,Low,Rainy,126
8.61,4,Medium,Clear,36
33.39,6,High,Clear,174
20.9,8,Medium,Clear,78
33.13,10,Low,Clear,77
37.98,4,Medium,Clear,107
28.57,1,Low,Rainy,95
32.48,7,Medium,Clear,101
11.46,2,Low,Rainy,40
30.04,3,Medium,Clear,86
23.56,8,Medium,Rainy,113
21.97,2,Medium,Clear,64
21.11,2,Medium,Clear,65
16.24,4,High,Clear,93
15.96,6,Low,Clear,48
35.29,10,Medium,Clear,113
28.33,2,Medium,Rainy,119
2.47,9,High,Clear,42
3.38,2,Medium,Rainy,27
28.94,9,Medium,Clear,89
42.47,7,Medium,Clear,124
3.15,3,High,Clear,34
25.85,9,Low,Rainy,94
42.71,9,High,Clear,222
1.22,6,Medium,Clear,15
14.51,2,Medium,Rainy,70
46.08,7,Low,Rainy,151
4.99,4,Medium,Clear,25
30.74,4,Low,Clear,71
25.86,7,High,Rainy,207
8.43,5,Low,Clear,25
3.08,1,Medium,Clear,16
25.63,3,Medium,Rainy,118
37.02,7,Low,Clear,86
9.68,9,High,Clear,83
34.87,9,High,Rainy,278
27.77,7,Low,Clear,72
18.53,5,High,Clear,97
33.56,4,Medium,Rainy,147
10.41,9,Low,Rainy,55
23.39,6,Medium,Clear,77
27.92,10,Low,Clear,77
23.48,2,Low,Clear,51
20.48,3,Medium,Clear,58
37.3,7,Medium,Clear,111
33.15,4,Low,Clear,67
32.33,7,Low,Clear,81
44.7,5,Medium,Clear,121
49.68,1,High,Rainy,351
28.79,10,Low,Clear,73
18.07,3,Low,Clear,51
39.16,9,Medium,Rainy,182
7.96,4,High,Rainy,93
26.13,5,Medium,Rainy,113
26.7,2,Low,Clear,63
49.19,10,Low,Clear,123
49.56,8,Medium,Clear,140
40.16,1,Low,Rainy,134
24.18,4,Low,Clear,55
27.81,6,Low,Rainy,102
16.67,8,Medium,Clear,63
41.66,4,Medium,Clear,115
37.58,2,Medium,Clear,109
38.8,4,High,Clear,187
7.8,1,High,Clear,50
20.53,8,Low,Clear,56
27.33,9,Medium,Clear,101
7.11,3,Medium,Clear,26
19.06,8,Low,Clear,51
5.28,9,High,Clear,48
47.98,8,High,Clear,245
37.81,2,Low,Clear,83
31.42,2,Medium,Clear,95
11.04,10,Medium,Clear,53
17.37,4,Low,Rainy,66
8.08,1,Low,Clear,20
27.27,3,Low,Clear,62
41.21,4,High,Clear,206
1.93,2,High,Rainy,37
6.06,7,Low,Clear,26
12.24,10,Medium,Clear,61
35.99,3,Low,Clear,84
44.81,7,Medium,Clear,130
37.9,7,High,Rainy,287
26.72,9,Low,Clear,64
6.15,4,Medium,Clear,32
37.99,4,Medium,Clear,106
6.18,1,High,Rainy,61
18.04,6,Medium,Clear,65
16.09,6,Low,Rainy,61
18.6,7,Medium,Clear,70
17.15,9,Low,Rainy,64
38.69,10,Medium,Rainy,183
9.41,10,Medium,Clear,43
42.45,10,Medium,Clear,131
43.05,9,Medium,Clear,132
25.06,5,Low,Clear,60
6.2,2,High,Clear,43
29.19,1,Medium,Clear,82
41.23,2,Medium,Clear,116
15.18,2,Medium,Clear,48
42.05,1,High,Clear,190
34.17,8,Medium,Rainy,158
49.38,3,Medium,Clear,137
41.41,10,Low,Rainy,149
10.87,10,Low,Clear,39
23.0,8,High,Clear,136
6.07,6,High,Clear,58
4.41,1,Medium,Clear,14
35.6,7,Medium,Clear,114
45.73,3,High,Clear,209
48.71,9,Low,Clear,111
14.25,9,High,Clear,94
10.89,4,High,Clear,70
28.45,2,Medium,Clear,82
10.84,10,Medium,Clear,49
15.5,9,High,Clear,98
42.02,5,Medium,Clear,128
40.71,8,Medium,Clear,123
44.86,9,High,Rainy,347
24.63,1,Low,Clear,52
28.64,3,Low,Clear,70
38.76,7,High,Clear,193
12.72,2,Low,Rainy,52
41.33,4,Low,Clear,92
1.86,4,Medium,Clear,18
40.09,7,Medium,Rainy,189
39.02,2,High,Clear,185
15.79,8,Medium,Rainy,91
36.67,8,Low,Clear,88
11.49,6,High,Clear,83
29.24,4,Medium,Clear,95
35.33,2,Medium,Clear,107
36.02,3,High,Clear,178
49.16,3,Medium,Rainy,201
9.92,3,Low,Clear,28
24.56,4,Medium,Rainy,106
44.13,7,Medium,Clear,125
28.51,9,Low,Clear,69
43.94,10,Low,Rainy,157
22.27,4,Medium,Clear,65
39.97,7,Low,Rainy,133
43.63,10,Medium,Clear,122
42.48,6,Medium,Clear,131
43.7,10,Low,Clear,102
11.76,9,High,Clear,87
22.51,8,Medium,Clear,78
9.55,2,Medium,Clear,31
9.85,3,Medium,Clear,37
24.9,6,Medium,Clear,83
48.04,5,Low,Clear,103
30.0,2,Low,Rainy,103
42.84,2,Medium,Clear,119
46.92,5,Medium,Clear,138
5.24,5,Low,Rainy,30
8.94,1,Medium,Clear,37
15.25,10,Low,Clear,53
31.22,3,Medium,Clear,96
4.02,9,Low,Clear,31
39.55,10,High,Clear,211
4.13,3,Medium,Clear,16
8.76,6,Medium,Rainy,53
19.7,6,Medium,Clear,74
28.33,2,Medium,Clear,79
44.19,7,Low,Clear,100
48.22,9,Low,Rainy,158
44.35,9,Medium,Clear,132
6.25,8,Low,Clear,31
31.93,5,Low,Clear,77
22.64,8,High,Rainy,193
7.16,9,Medium,Rainy,49
28.2,1,High,Clear,141
18.48,1,Medium,Clear,60
17.94,5,High,Clear,102
5.63,7,Low,Clear,25
48.96,9,Medium,Clear,144
36.57,9,Low,Clear,87
14.74,3,Low,Clear,33
45.96,1,High,Clear,221
47.46,3,Medium,Clear,137
40.71,8,Medium,Clear,123
33.31,7,Low,Rainy,116
19.44,5,Medium,Clear,69
22.28,10,Low,Clear,63
23.3,9,Medium,Clear,82
47.49,4,Medium,Clear,139
38.25,6,Medium,Clear,116
15.31,5,Medium,Clear,52
31.61,6,Medium,Clear,87
30.1,4,Low,Clear,65
40.79,3,High,Clear,189
5.67,5,Low,Clear,23
35.36,5,High,Clear,181
17.23,2,Medium,Rainy,82
7.35,10,Medium,Clear,33
36.86,4,Medium,Clear,106
17.25,3,High,Clear,95
36.78,7,Medium,Rainy,164
8.96,5,Low,Clear,28
49.31,6,Medium,Clear,144
40.37,7,Low,Clear,95
15.17,2,Low,Rainy,51
37.29,10,Low,Clear,95
7.65,4,Medium,Clear,33
33.02,6,Low,Clear,76
3.92,3,High,Clear,35
17.34,6,Medium,Clear,67
48.94,10,Medium,Rainy,218
6.93,1,Medium,Clear,23
30.27,8,Medium,Clear,96
4.46,10,Medium,Clear,25
33.8,5,High,Rainy,264
14.65,1,Medium,Clear,41
16.19,10,Low,Clear,50
17.55,10,Low,Rainy,76
11.05,1,Medium,Clear,36
47.14,10,Low,Rainy,166
45.39,3,High,Clear,215
43.63,6,Low,Rainy,150
6.22,2,Medium,Rainy,34
12.44,8,Low,Clear,34
31.0,10,Medium,Clear,95
48.55,7,Medium,Clear,141
30.64,2,Medium,Clear,89
17.03,1,Medium,Clear,54
41.05,7,Low,Clear,92
7.64,7,Medium,Rainy,54
44.21,3,High,Clear,212
48.76,10,Low,Rainy,171
48.41,8,Low,Clear,107
8.24,8,Medium,Rainy,59
27.93,5,Medium,Clear,83
29.66,7,Medium,Clear,94
10.55,3,High,Rainy,95
27.79,6,Medium,Clear,90
32.68,3,Medium,Clear,97
17.12,9,High,Rainy,164
16.47,7,Low,Clear,47
3.95,1,Low,Clear,14
47.88,8,Medium,Clear,146
40.38,9,Low,Clear,89
38.21,10,High,Rainy,302
2.07,2,Medium,Clear,14
31.59,1,High,Clear,153
9.85,4,Medium,Clear,34
33.42,9,High,Rainy,270
31.44,6,Medium,Clear,102
42.74,10,High,Rainy,331
13.52,8,Medium,Clear,51
2.35,7,High,Clear,38
45.79,5,Medium,Rainy,195
45.52,5,Low,Rainy,150
23.34,6,Medium,Clear,73
4.83,6,Low,Rainy,29
25.4,5,Medium,Rainy,118
26.68,8,Medium,Rainy,132
41.26,3,Low,Clear,89
36.14,9,Medium,Clear,112
4.47,5,Medium,Rainy,34
35.56,9,High,Rainy,285
7.65,5,Medium,Clear,29
5.38,3,Medium,Clear,27
20.53,9,Medium,Clear,73
4.79,2,Medium,Rainy,23
41.63,5,Medium,Clear,117
23.69,3,Low,Clear,57
29.76,7,Medium,Clear,92
29.27,4,High,Rainy,223
48.93,8,Medium,Clear,143
45.87,1,Medium,Clear,124
42.61,5,High,Rainy,324
19.78,8,Medium,Clear,71
8.11,2,Low,Clear,27
30.0,6,Low,Clear,66
22.58,7,Medium,Clear,74
12.05,6,Low,Clear,37
5.79,10,High,Clear,55
22.37,3,Low,Clear,53
32.89,6,Medium,Clear,104
31.64,7,High,Clear,166
38.92,3,Medium,Clear,112
23.86,10,Medium,Clear,86
16.76,2,High,Clear,88
27.4,3,High,Rainy,211
48.78,1,High,Clear,226
3.21,7,Low,Clear,13
26.9,4,Low,Clear,65
17.13,3,Low,Rainy,67
6.16,6,Low,Clear,17
22.3,3,Medium,Rainy,98
32.42,10,High,Rainy,259
26.88,3,Low,Rainy,87
2.43,9,High,Clear,44
29.38,2,Medium,Clear,87
12.37,5,Medium,Clear,43
17.73,10,High,Clear,106
16.3,10,Low,Clear,46
43.07,2,Low,Rainy,143
3.33,6,Medium,Clear,28
18.05,4,Medium,Rainy,79
20.35,7,Medium,Clear,63
31.32,1,High,Clear,155
39.66,8,High,Rainy,311
36.66,2,High,Clear,179
37.88,4,High,Clear,182
10.43,7,Medium,Clear,39
45.68,8,Medium,Clear,136
21.29,9,Low,Clear,55
1.54,5,Low,Clear,13
33.74,9,High,Clear,179
30.6,9,Low,Clear,78
7.17,3,Medium,Clear,26
48.03,7,Medium,Clear,142
28.52,8,Medium,Clear,87
23.99,1,Medium,Clear,69
20.51,10,Medium,Clear,72
11.28,5,High,Clear,72
47.69,1,Low,Clear,96
35.41,3,Medium,Clear,98
28.81,2,Medium,Clear,82
31.93,2,Medium,Clear,97
42.18,4,Low,Clear,91
32.15,5,Medium,Clear,87
6.61,1,Medium,Clear,27
35.17,6,Medium,Clear,106
28.68,5,High,Rainy,220
48.35,4,Low,Rainy,159
36.95,6,Low,Clear,90
17.86,2,Medium,Clear,55
7.63,8,Medium,Clear,35
24.63,6,Low,Rainy,88
34.29,3,Medium,Clear,98
9.69,4,Medium,Clear,34
32.82,2,Low,Clear,73
41.45,4,Low,Clear,98
8.7,9,Medium,Clear,39
35.58,4,Medium,Clear,100
4.34,8,Low,Clear,16
1.39,3,High,Clear,17
2.6,5,Low,Rainy,20
31.94,2,Low,Clear,68
48.69,9,Medium,Clear,145
38.8,9,Medium,Rainy,186
13.47,10,Medium,Rainy,84
4.51,7,Medium,Rainy,44
31.22,2,Low,Clear,76
1.16,4,Medium,Rainy,16
39.84,6,High,Clear,204
12.91,9,Medium,Clear,56
15.66,6,Medium,Clear,52
17.85,4,Low,Clear,47
38.41,1,High,Clear,176
14.02,7,Medium,Clear,49
14.94,7,Low,Clear,49
27.51,6,High,Clear,144
23.69,3,Low,Clear,53
47.82,5,Medium,Clear,133
13.91,7,Medium,Clear,52
5.5,6,High,Clear,44
27.51,7,Low,Clear,64
10.04,5,Medium,Rainy,64
21.27,1,Medium,Rainy,90
10.17,10,Low,Rainy,44
44.17,5,Medium,Clear,126
17.05,2,Low,Clear,45
38.97,10,Medium,Clear,116
47.48,10,Low,Rainy,163
47.09,2,Low,Clear,109
26.72,4,Low,Clear,66
49.18,6,Low,Clear,107
33.14,5,Medium,Clear,100
7.3,7,Low,Rainy,41
44.53,10,High,Clear,223
23.97,8,Low,Clear,58
8.48,10,Medium,Clear,44
39.78,1,Low,Rainy,124
31.6,8,Medium,Clear,98
44.22,3,Low,Clear,88
41.54,10,Medium,Clear,133
16.69,10,Medium,Clear,72
13.56,2,Medium,Clear,45
36.96,2,Medium,Clear,103
29.09,5,Medium,Clear,79
4.42,2,Low,Clear,18
9.9,4,Low,Rainy,46
8.42,3,Medium,Clear,34
29.9,8,Low,Clear,78
5.2,9,Medium,Clear,33
11.18,6,Medium,Clear,41
27.72,4,Medium,Clear,77
7.52,2,Medium,Clear,30
13.17,8,Medium,Clear,46
45.43,3,Medium,Clear,131
35.16,2,High,Rainy,261
16.04,4,Medium,Rainy,87
43.99,2,Medium,Clear,116
13.26,3,Medium,Clear,49
29.87,9,Low,Clear,76
19.06,7,High,Clear,111
37.86,1,High,Clear,179
19.21,10,Low,Clear,47
13.19,5,High,Clear,79
30.78,5,Low,Clear,74
37.52,9,Low,Clear,91
27.28,1,Medium,Clear,77
36.1,1,Medium,Clear,104
21.68,10,Medium,Rainy,120
39.98,7,High,Clear,207
29.67,7,Medium,Clear,92
10.62,8,Low,Clear,33
44.65,4,Low,Clear,98
42.0,7,High,Clear,208
48.23,6,Medium,Clear,143
28.88,1,Medium,Clear,85
34.11,2,Medium,Clear,95
43.32,8,Low,Clear,103
3.58,6,High,Clear,43
45.7,7,Low,Clear,107
14.29,8,High,Rainy,139
3.8,5,Medium,Clear,16
12.64,5,Medium,Clear,50
29.73,2,Low,Rainy,92
3.34,4,Medium,Clear,17
1.04,2,High,Clear,23
32.33,7,High,Clear,171
23.22,9,High,Clear,132
42.37,2,Medium,Clear,117
13.62,4,High,Clear,84
14.75,8,Medium,Clear,59
4.8,9,High,Clear,51
27.39,4,High,Rainy,201
18.93,8,High,Clear,109
17.65,7,Medium,Clear,61
23.42,5,High,Clear,132
42.63,4,High,Clear,211
6.15,6,Medium,Clear,28
26.66,6,Medium,Rainy,128
10.63,2,Low,Clear,31
11.41,3,Medium,Clear,38
13.58,6,Low,Clear,44
23.51,4,Medium,Clear,69
25.23,3,Low,Clear,60
43.7,4,Low,Clear,94
44.71,6,Medium,Rainy,191
29.75,3,Low,Clear,62
14.79,1,Low,Clear,36
41.1,6,Medium,Clear,122
39.85,2,High,Clear,194
40.1,9,Medium,Clear,121
1.8,6,Low,Clear,15
37.94,1,Medium,Clear,110
42.78,4,Medium,Clear,123
30.65,5,Low,Clear,69
37.81,8,Low,Clear,86
39.03,3,Medium,Clear,116
25.82,9,Medium,Clear,89
40.87,9,Medium,Clear,127
39.82,10,Medium,Clear,128
45.89,5,Low,Clear,104
46.15,4,Medium,Clear,143
26.96,7,Medium,Clear,79
2.54,9,Low,Rainy,29
1.94,6,Low,Clear,13
47.01,7,Medium,Rainy,207
17.53,1,High,Clear,86
19.5,4,Low,Rainy,66
24.03,2,Medium,Clear,70
14.02,1,Low,Clear,37
29.93,7,Low,Clear,71
39.45,10,Low,Clear,98
13.61,4,Medium,Clear,45
37.41,2,Low,Clear,79
33.93,5,Medium,Clear,100
26.75,7,Medium,Clear,86
16.95,2,Medium,Clear,59
43.77,7,Low,Clear,103
20.74,3,Medium,Clear,68
19.36,8,High,Clear,111
32.43,7,Medium,Clear,95
46.1,1,Low,Clear,95
25.89,9,Medium,Clear,86
36.41,6,Medium,Rainy,160
23.39,4,Low,Rainy,92
11.72,6,Medium,Rainy,69
7.07,2,Low,Clear,15
7.68,2,Medium,Rainy,43
2.04,8,Medium,Clear,22
28.09,10,Medium,Clear,89
7.42,5,Medium,Clear,35
43.42,7,Medium,Clear,129
49.16,1,Medium,Clear,139
25.3,6,Low,Clear,62
23.03,10,High,Clear,130
18.06,7,Low,Rainy,74
32.26,10,Medium,Rainy,153
30.79,7,Low,Clear,69
17.83,10,Medium,Clear,66
17.82,3,Medium,Clear,65
32.6,9,Medium,Clear,106
28.17,9,High,Clear,158
36.21,5,Low,Clear,78
47.13,9,Low,Clear,111
39.2,7,Medium,Clear,123
15.91,7,High,Clear,103
38.2,9,Medium,Clear,112
23.05,2,High,Clear,119
39.11,10,Low,Rainy,141
44.44,5,Low,Rainy,157
13.25,8,Medium,Clear,50
12.69,8,Medium,Clear,49
22.2,3,Medium,Clear,72
3.53,5,Low,Clear,19
34.6,4,Medium,Clear,107
37.74,4,High,Clear,180
17.93,2,Medium,Clear,58
23.8,6,Medium,Clear,80
29.93,1,Medium,Rainy,130
4.61,8,Medium,Rainy,50
35.85,10,Low,Clear,84
26.81,9,Medium,Rainy,130
31.59,5,High,Clear,161
36.47,6,Medium,Clear,113
34.1,1,High,Clear,167
5.67,6,High,Rainy,71
39.35,1,High,Rainy,279
30.89,5,Low,Clear,73
36.03,9,Low,Clear,88
13.81,5,High,Clear,85
11.85,3,Medium,Clear,34
41.48,4,Medium,Clear,127
20.13,3,Medium,Clear,60
29.19,4,Medium,Clear,85
28.03,10,Low,Clear,66
29.67,6,High,Rainy,232
4.41,3,High,Clear,37
15.82,5,Medium,Clear,52
4.26,7,Low,Clear,20
24.53,1,Low,Clear,48
45.2,3,Medium,Clear,121
20.07,6,Medium,Clear,69
39.34,10,Medium,Clear,122
15.08,2,Low,Rainy,60
42.96,8,High,Rainy,327
21.56,7,Medium,Rainy,105
18.41,2,Medium,Rainy,91
35.18,5,Low,Clear,78
26.13,4,High,Clear,140
17.53,2,Medium,Clear,61
3.85,4,Low,Clear,15
9.17,9,Medium,Clear,45
38.84,10,Medium,Clear,123
46.12,2,High,Clear,218
9.27,10,Medium,Clear,46
28.9,10,Low,Clear,70
2.67,6,Medium,Clear,24
15.25,4,Medium,Rainy,76
22.99,8,Medium,Clear,75
37.06,4,Medium,Clear,103
3.16,9,Low,Clear,24
39.28,10,High,Clear,202
10.93,3,Medium,Clear,38
38.22,7,Low,Rainy,133
31.65,5,Low,Clear,78
17.64,1,Medium,Clear,52
36.46,3,Medium,Rainy,153
12.58,9,Low,Clear,36
11.77,9,Medium,Clear,53
4.03,5,Medium,Clear,29
20.26,5,Medium,Rainy,103
5.79,4,Low,Clear,20
21.56,4,Low,Clear,46
1.48,4,Low,Rainy,12
8.6,2,High,Clear,54
46.69,7,Medium,Clear,136
39.98,3,Medium,Rainy,172
12.57,1,Medium,Rainy,59
36.2,10,Medium,Clear,110
33.76,3,High,Clear,171
9.67,9,Low,Clear,29
19.18,9,High,Clear,119
45.77,10,Low,Clear,110
37.2,7,Low,Clear,84
38.26,1,High,Rainy,276
28.63,6,Low,Rainy,105
33.61,10,Low,Clear,80
25.93,1,Low,Clear,57
37.3,2,Medium,Clear,117
36.9,3,Medium,Clear,114
2.52,6,Medium,Clear,17
31.96,7,Low,Clear,69
31.86,8,Medium,Rainy,151
4.3,9,Medium,Rainy,41
21.11,7,Medium,Clear,74
45.04,6,Low,Clear,98
47.72,5,High,Clear,234
39.33,10,Medium,Clear,127
8.42,2,Medium,Rainy,41
19.36,8,Medium,Rainy,100
9.95,5,Medium,Rainy,59
32.95,10,Low,Clear,82
38.88,2,Low,Clear,85
44.3,3,High,Clear,216
43.17,10,Medium,Rainy,195
5.86,10,Medium,Clear,32
7.16,7,Medium,Rainy,58
45.57,10,Low,Clear,106
42.35,8,High,Clear,208
23.56,5,Low,Clear,51
22.07,10,Medium,Rainy,118
28.09,8,Low,Clear,66
30.24,10,Medium,Rainy,150
13.46,10,Medium,Clear,56
20.78,6,Low,Clear,43
31.36,2,Medium,Clear,93
11.11,2,Low,Clear,30
49.94,8,Low,Clear,113
14.86,4,Medium,Clear,48
28.07,8,Medium,Clear,83
28.15,9,Medium,Clear,89
23.12,6,Low,Clear,47
12.84,9,High,Clear,84
28.7,6,Medium,Clear,85
5.46,3,Low,Clear,25
19.96,8,Medium,Clear,68
11.99,1,Low,Rainy,42
7.08,6,Medium,Clear,35
46.35,3,Medium,Clear,138
35.3,10,Medium,Clear,122
9.27,10,Low,Clear,26
47.52,3,Medium,Clear,137
11.58,9,High,Clear,78
12.55,7,Low,Clear,41
7.53,2,Low,Clear,18
36.66,6,Medium,Clear,107
28.97,4,Medium,Clear,93
3.85,10,Medium,Clear,27
2.24,7,Medium,Clear,23
27.1,4,Medium,Clear,88
32.93,7,Low,Rainy,118
41.32,6,Low,Rainy,140
24.44,8,Medium,Rainy,121
34.15,7,High,Clear,180
36.95,9,Low,Rainy,128
31.04,4,High,Clear,158
18.26,9,High,Clear,116
7.46,5,Medium,Clear,38
32.73,9,High,Clear,176
38.67,4,Medium,Rainy,167
10.3,3,Medium,Clear,30
25.25,7,Medium,Clear,81
20.47,4,High,Clear,107
11.08,5,High,Clear,70
13.02,3,High,Clear,70
12.65,6,Low,Clear,36
21.53,4,Medium,Clear,70
20.13,1,Medium,Clear,62
28.15,2,Medium,Clear,83
5.57,8,Medium,Clear,31
29.48,4,Low,Clear,66
2.07,10,High,Clear,42
13.61,2,High,Clear,80
25.6,4,Low,Rainy,87
34.66,7,Medium,Clear,104
38.79,2,Medium,Clear,109
2.74,6,High,Clear,30
27.34,1,Medium,Clear,82
18.37,3,Medium,Clear,52
35.05,9,High,Clear,189
14.91,5,Medium,Clear,50
37.44,8,Medium,Clear,120
30.51,1,Low,Rainy,102
39.69,4,High,Clear,190
49.24,3,Medium,Clear,135
45.52,10,Medium,Clear,143
30.07,9,Medium,Clear,93
44.79,7,Medium,Clear,137
8.5,3,Medium,Clear,34
3.11,1,Low,Clear,12
27.12,5,Medium,Rainy,134
48.74,10,Low,Clear,121
35.78,3,Medium,Rainy,154
15.95,2,Low,Clear,38
33.77,3,High,Clear,170
2.96,5,Low,Clear,22
24.06,5,Medium,Clear,79
12.63,10,Medium,Clear,51
3.41,8,Medium,Clear,21
13.25,4,High,Clear,79
36.4,2,Medium,Clear,107
28.01,8,Medium,Clear,89
2.15,8,Low,Clear,17
21.08,10,Low,Clear,59
37.86,8,Low,Rainy,130
47.78,1,Medium,Rainy,196
43.84,9,Medium,Clear,133
1.07,4,Low,Clear,10
11.72,4,Medium,Rainy,65
11.18,8,Low,Clear,35
21.24,8,Low,Clear,50
32.64,6,Low,Rainy,105
8.5,4,Medium,Clear,38
45.87,3,Medium,Clear,129
39.08,5,Medium,Clear,115
21.55,8,Medium,Clear,72
29.62,7,Low,Clear,74
27.55,8,Medium,Clear,85
29.53,1,Low,Clear,69
43.15,4,Medium,Clear,131
10.81,9,Medium,Clear,56
34.5,6,Medium,Clear,98
6.24,10,Low,Clear,31
23.5,8,High,Rainy,204
32.16,8,Medium,Clear,97
1.61,5,Medium,Clear,13
6.3,8,Medium,Clear,29
5.47,4,Medium,Clear,28
19.36,6,Medium,Rainy,103
31.48,7,Medium,Clear,87
49.8,6,Low,Clear,107
13.45,6,Medium,Rainy,72
7.66,8,Low,Clear,29
21.32,5,Low,Rainy,79
8.15,8,Medium,Clear,39
2.2,9,Medium,Clear,19
28.63,4,Medium,Rainy,126
44.1,3,Medium,Rainy,187
43.18,5,Medium,Rainy,191
5.94,10,Low,Clear,23
8.23,10,Medium,Clear,42
25.06,5,High,Clear,130
19.02,7,High,Clear,105
35.45,3,Low,Clear,78
25.25,10,Low,Rainy,99
1.99,9,Medium,Rainy,32
14.94,6,Medium,Clear,54
45.17,10,Medium,Clear,132
26.06,9,Low,Clear,74
40.1,1,Low,Clear,86
20.71,2,High,Clear,110
34.17,10,Low,Clear,83
9.28,2,High,Rainy,86
37.09,8,Medium,Clear,115
39.54,4,Low,Clear,90
5.42,7,Medium,Clear,30
9.98,4,Low,Clear,29
23.68,4,Medium,Clear,73
32.23,8,Low,Clear,74
32.24,10,High,Rainy,264
33.74,4,High,Rainy,252
36.01,3,Medium,Rainy,158
25.78,10,High,Clear,140
29.17,9,Low,Clear,74
1.41,3,Low,Clear,12
9.16,5,Medium,Clear,40
25.43,1,High,Clear,128
37.53,9,High,Clear,197
40.64,6,Medium,Clear,117
36.72,5,Medium,Clear,107
24.83,4,Medium,Rainy,111
14.78,8,High,Clear,91
22.79,2,Medium,Clear,70
1.46,10,Low,Clear,12
30.3,5,Low,Clear,72
4.65,8,Low,Clear,22
8.12,1,Medium,Clear,24
31.67,3,Low,Clear,70
1.65,7,Low,Clear,14
29.1,10,Low,Clear,76
32.28,5,Low,Clear,76
39.63,10,High,Clear,204
4.33,9,High,Clear,48
1.14,1,High,Rainy,28
38.58,7,Low,Clear,95
15.21,10,Medium,Clear,58
44.47,6,Low,Clear,100
10.06,10,High,Clear,72
29.69,4,High,Clear,150
6.36,10,High,Clear,57
20.73,10,Low,Rainy,90
44.22,6,Low,Clear,94
30.81,10,Medium,Clear,94
34.79,9,Low,Clear,86
12.07,9,High,Clear,85
46.21,2,Medium,Clear,131
31.55,9,Low,Clear,78
6.19,2,High,Clear,45
1.76,6,Medium,Clear,20
1.78,7,Medium,Clear,22
3.51,9,Low,Clear,24
45.67,6,Medium,Clear,130
18.56,8,Medium,Clear,61
15.61,10,Medium,Rainy,92
21.41,3,Low,Rainy,75
21.07,10,Medium,Clear,71
12.69,6,Medium,Rainy,76
5.5,2,Low,Rainy,35
6.32,1,Low,Clear,10
30.36,6,Low,Clear,63
20.44,3,Low,Clear,51
45.22,5,Low,Clear,90
23.72,6,High,Clear,133
25.67,10,Low,Rainy,104
46.48,6,Medium,Clear,135
25.58,10,Medium,Clear,87
25.6,7,Medium,Clear,81
18.79,7,Medium,Rainy,94
35.81,6,Medium,Clear,104
20.22,1,Medium,Clear,64
29.83,8,Low,Clear,75
22.92,10,Medium,Rainy,121
26.91,4,Medium,Rainy,129
41.52,1,Medium,Clear,115
21.27,10,Low,Clear,60
12.27,2,Medium,Rainy,65
28.95,3,Low,Clear,62
46.94,6,Low,Clear,103
34.97,2,Medium,Rainy,150
16.11,2,Low,Clear,36
48.19,6,Low,Rainy,162
17.79,4,Medium,Clear,57
49.18,5,Medium,Rainy,206
10.41,8,Low,Clear,35
49.98,3,High,Clear,238
4.72,5,Low,Clear,18
35.95,1,Medium,Clear,103
37.28,10,Medium,Clear,119
34.3,4,Medium,Clear,96
39.1,5,Medium,Clear,112
24.12,4,Medium,Clear,65
3.65,9,High,Clear,56
18.53,8,Low,Rainy,68
32.47,2,Low,Rainy,115
32.67,9,Medium,Rainy,156
10.56,2,Medium,Rainy,49
13.4,6,High,Rainy,128
24.85,2,High,Clear,125
36.7,6,Medium,Clear,115
42.79,6,Medium,Clear,128
5.24,7,High,Rainy,79
46.36,10,High,Rainy,354
46.46,5,Medium,Clear,134
1.39,3,Low,Rainy,21
25.81,2,Medium,Rainy,112
29.77,4,Low,Clear,70
28.13,1,High,Clear,134
31.17,2,High,Clear,155
25.66,8,High,Clear,141
15.4,5,Low,Rainy,62
5.69,5,High,Clear,52
11.21,3,Medium,Rainy,59
37.27,1,Low,Clear,82
12.81,6,Medium,Clear,52
41.66,1,Medium,Rainy,173
20.77,4,Medium,Rainy,97
21.31,4,Low,Clear,46
43.56,3,Low,Rainy,142
11.5,4,High,Clear,75
10.29,6,High,Clear,67
49.28,6,Medium,Clear,141
27.49,6,Medium,Clear,83
10.34,6,Medium,Clear,36
9.12,4,High,Rainy,88
43.22,7,High,Clear,215
30.39,7,Medium,Clear,102
6.64,2,Medium,Rainy,39
44.46,6,Medium,Clear,132
22.75,5,Medium,Rainy,109
49.48,10,Low,Rainy,174
14.81,1,High,Rainy,111
26.91,3,High,Clear,137
9.48,9,Medium,Clear,42
22.55,9,Low,Clear,60
9.65,10,Low,Clear,37
16.05,9,Low,Rainy,69
14.22,10,Low,Clear,42
14.87,5,Medium,Clear,55
48.52,6,Low,Clear,110
2.88,9,Medium,Clear,30
25.35,4,Medium,Clear,78
31.83,4,High,Clear,158
33.38,9,Medium,Clear,112
37.97,7,Medium,Rainy,168
38.29,6,Medium,Rainy,175
47.82,10,High,Clear,248
38.03,6,Medium,Clear,116
41.36,5,Medium,Clear,120
27.08,4,Medium,Clear,83
33.23,3,High,Clear,161
24.43,7,Medium,Clear,73
14.54,5,Medium,Clear,49
16.36,2,Low,Clear,39
18.67,3,High,Rainy,145
17.69,5,Medium,Clear,55
27.12,9,Medium,Clear,86
13.13,6,Medium,Clear,49
26.32,2,Medium,Clear,81
45.9,8,Low,Clear,105
20.89,6,Medium,Clear,77
11.91,6,Medium,Clear,44
18.0,8,Low,Clear,49
43.97,7,High,Clear,225
47.14,5,Low,Rainy,155
44.45,9,Medium,Clear,133
15.08,1,Medium,Clear,47
20.0,4,Low,Rainy,77
48.77,10,Medium,Rainy,220
16.87,9,Medium,Rainy,93
7.76,2,Medium,Clear,31
14.82,3,Medium,Clear,46
48.23,3,High,Clear,232
21.38,6,Low,Rainy,85
46.76,3,Low,Clear,106
6.1,3,Medium,Clear,25
38.54,5,High,Rainy,280
5.57,3,High,Clear,49
10.68,5,Low,Rainy,43
31.19,3,Medium,Clear,92
22.29,2,Medium,Clear,69
33.67,8,High,Clear,169
48.7,3,Low,Clear,108
3.58,6,Medium,Clear,27
10.39,2,Low,Clear,30
32.37,1,Medium,Clear,91
44.93,8,Low,Rainy,153
40.08,3,Low,Clear,85
23.81,2,Medium,Clear,72
37.53,2,Medium,Clear,106
11.2,5,High,Clear,63
1.67,6,Medium,Rainy,28
28.93,2,Low,Clear,70
40.85,6,Medium,Clear,116
22.24,1,High,Rainy,165
28.89,9,Medium,Rainy,140
21.69,4,Medium,Rainy,96
26.19,5,Low,Clear,61
44.33,3,Medium,Rainy,194
24.43,6,Medium,Clear,75
1.37,1,Medium,Rainy,12
40.19,7,Medium,Clear,120
31.27,8,High,Clear,163
36.79,3,High,Rainy,272
45.15,2,High,Clear,218
15.02,4,Medium,Clear,45
25.65,8,Low,Clear,72
30.52,8,Medium,Rainy,141
17.92,8,Medium,Clear,61
42.46,2,Low,Clear,91
35.18,4,Low,Clear,83
36.94,10,Medium,Rainy,180
40.59,1,Medium,Clear,112
13.65,7,High,Clear,89
37.54,10,High,Clear,203
38.92,6,Medium,Clear,113
42.28,7,Low,Clear,96
24.94,10,Medium,Clear,89
25.71,5,Low,Clear,63
5.81,6,Medium,Rainy,44
42.75,6,High,Rainy,317
27.14,6,High,Rainy,216
30.13,9,Low,Clear,68
6.95,4,Medium,Clear,29
30.49,2,Medium,Clear,89
3.06,9,Medium,Clear,27
46.24,10,High,Clear,238
43.31,7,Medium,Clear,126
10.52,5,Medium,Rainy,61
30.1,6,Medium,Clear,90
30.53,7,Medium,Clear,97
40.37,5,High,Clear,198
38.09,5,Medium,Clear,119
49.67,6,High,Rainy,365
18.19,8,Medium,Clear,60
7.11,2,Medium,Clear,25
29.1,10,Low,Clear,77
38.44,9,Medium,Clear,114
15.0,10,Medium,Clear,50
12.57,5,Low,Rainy,55
40.32,4,Low,Clear,94
37.93,8,Medium,Clear,107
10.97,4,High,Rainy,109
43.59,2,Medium,Rainy,182
7.6,5,High,Clear,49
6.35,5,High,Rainy,74
18.2,4,Medium,Clear,65
44.44,3,Medium,Clear,118
35.08,5,High,Clear,178
20.34,9,Medium,Rainy,113
8.71,9,Medium,Clear,40
35.96,9,Medium,Clear,112
30.36,6,Low,Clear,75
49.4,8,Low,Clear,113
38.51,1,Medium,Clear,106
6.0,1,High,Rainy,62
36.68,7,Low,Rainy,133
13.61,5,High,Clear,75
48.13,2,Low,Clear,107
1.94,4,Medium,Clear,12
12.68,4,Low,Clear,34
25.45,6,High,Clear,133
4.87,8,Low,Clear,19
17.86,3,Low,Rainy,71
25.36,7,High,Clear,141
22.9,2,Medium,Clear,74
23.57,9,Medium,Clear,76
44.07,7,High,Clear,224
25.76,1,Medium,Clear,80
47.11,4,Low,Clear,103
8.24,2,Medium,Clear,28
14.73,10,Medium,Rainy,86
33.17,5,High,Clear,164
14.87,9,Medium,Clear,56
18.02,3,Medium,Clear,56
45.15,5,Low,Clear,94
27.39,10,High,Clear,156
17.4,2,Medium,Clear,51
39.06,4,Medium,Rainy,173
4.46,2,Low,Clear,20
28.62,8,Medium,Rainy,130
5.88,7,Low,Clear,26
9.67,7,Medium,Clear,43
4.06,7,High,Clear,49
45.18,9,Low,Rainy,158
3.36,2,Low,Rainy,12
26.3,6,Medium,Clear,78
12.02,4,Medium,Clear,41
19.8,10,Medium,Clear,68
25.19,6,Medium,Clear,76
23.05,9,Medium,Clear,77
37.66,1,Low,Clear,84
45.68,2,Medium,Rainy,197
15.71,6,Medium,Rainy,87
2.2,7,Medium,Clear,24
44.8,3,High,Rainy,324
48.96,1,Low,Clear,104
22.23,7,Medium,Clear,74
23.33,2,Medium,Clear,68
8.06,6,Low,Clear,22
24.3,4,Low,Rainy,84
15.86,10,Low,Rainy,69
49.72,4,High,Clear,242
10.06,9,Low,Clear,38
19.55,7,High,Clear,108
31.21,1,Medium,Clear,88
17.91,4,High,Clear,96
24.25,10,Low,Clear,63
48.7,6,Medium,Clear,130
25.9,2,Medium,Clear,63
45.61,4,Medium,Rainy,195
3.11,2,Medium,Clear,20
6.87,1,Medium,Clear,29
47.28,1,Low,Clear,97
7.31,9,Medium,Clear,42
37.09,9,Medium,Clear,115
22.85,4,Medium,Rainy,110
20.93,8,Medium,Rainy,109
33.3,10,Medium,Clear,110
36.65,7,Medium,Clear,108
46.67,5,Low,Clear,101
13.59,10,Low,Clear,38
35.21,2,Medium,Clear,96
17.77,9,High,Clear,106
36.16,7,Medium,Rainy,162
7.96,4,Low,Clear,33
23.42,10,Medium,Rainy,127
10.0,2,Medium,Rainy,55
17.49,2,High,Clear,90
36.07,3,Low,Clear,80
12.43,6,High,Rainy,125
34.56,1,High,Clear,164
25.3,5,Medium,Clear,73
5.51,10,Low,Clear,37
19.95,3,Medium,Rainy,94
43.59,7,High,Rainy,336
49.48,7,Medium,Clear,145
19.08,10,High,Clear,118
3.69,5,Low,Clear,22
7.38,9,Medium,Clear,38
39.62,10,High,Clear,208
33.13,8,Medium,Clear,108
14.97,9,Medium,Clear,64
20.17,6,Low,Rainy,81
40.75,8,High,Clear,207
21.24,10,Medium,Clear,73
38.03,2,Medium,Clear,108
15.47,5,High,Clear,91
36.52,8,Low,Clear,85
23.85,2,Medium,Clear,72
27.72,2,Medium,Clear,86
30.34,3,Low,Clear,67
23.08,2,Low,Rainy,83
23.84,4,Low,Clear,53
14.02,4,Medium,Clear,46
49.3,1,Medium,Clear,140
45.38,6,Medium,Clear,138
26.84,7,Medium,Clear,80
2.7,7,Low,Clear,25
9.25,5,Medium,Clear,39
42.84,4,Medium,Clear,114
46.61,2,High,Clear,216
8.9,5,Medium,Clear,40
36.99,4,Low,Clear,86
31.53,8,High,Clear,170
15.87,10,Low,Clear,36
22.37,1,High,Rainy,168
34.19,7,High,Clear,175
5.96,5,Medium,Clear,29
10.26,10,Low,Clear,33
2.63,5,Low,Clear,10
45.21,1,Low,Rainy,132
29.12,9,Medium,Clear,96
26.65,7,High,Clear,141
35.61,2,High,Rainy,255
49.43,5,Medium,Rainy,214
9.44,8,Low,Clear,32
7.52,7,High,Clear,59
15.44,2,Medium,Clear,55
45.29,7,Medium,Rainy,207
21.16,6,High,Rainy,183
39.88,8,Medium,Rainy,177
10.94,9,Medium,Clear,52
25.19,7,High,Rainy,201
7.25,8,High,Clear,64
21.23,10,Low,Clear,54
13.85,7,Low,Clear,40
27.92,7,Low,Clear,69
39.24,1,Medium,Clear,111
46.98,5,Medium,Clear,138
14.91,10,Medium,Clear,59
37.41,5,Low,Rainy,125
44.39,4,Low,Clear,96
7.12,1,Medium,Rainy,37
29.71,7,Medium,Clear,93
30.98,8,Medium,Clear,98
14.35,5,Medium,Rainy,73
2.1,4,High,Clear,26
13.58,9,Low,Clear,43
29.65,3,Medium,Rainy,136
10.63,3,Medium,Rainy,55
15.08,4,Medium,Clear,52
35.69,7,Low,Rainy,124
20.52,2,Low,Clear,56
4.21,8,Low,Clear,27
20.56,2,Medium,Rainy,91
49.99,4,Medium,Clear,141
13.79,2,Low,Clear,34
14.0,9,Low,Clear,39
9.32,4,Medium,Clear,33
14.31,5,Medium,Clear,54
29.16,9,High,Clear,150
48.27,2,Medium,Rainy,202
30.78,4,Medium,Rainy,141
21.08,6,Medium,Clear,75
20.09,1,High,Clear,106
2.19,1,Medium,Clear,10
1.12,7,High,Rainy,49
40.06,6,Medium,Clear,126
25.02,4,Medium,Rainy,112
2.63,5,Low,Clear,13
15.02,5,Medium,Clear,52
18.48,9,Low,Rainy,79
39.38,5,Low,Clear,94
22.28,2,High,Clear,113
39.68,7,Medium,Clear,124
32.05,10,High,Clear,172
2.62,9,Low,Clear,14
48.47,7,Medium,Clear,143
9.89,8,High,Clear,72
14.51,10,Medium,Clear,57
40.66,3,Low,Clear,92
10.3,9,Medium,Clear,45
20.65,7,Medium,Rainy,108
43.38,10,High,Clear,231
32.23,4,Medium,Clear,98
15.8,10,High,Clear,106
32.56,7,High,Clear,160
40.82,3,Medium,Clear,119
20.79,10,High,Clear,125
29.01,7,Medium,Rainy,135
49.41,3,High,Clear,228
48.26,2,High,Clear,230
25.94,1,Low,Clear,54
5.71,6,High,Clear,44
35.33,3,Medium,Clear,109
14.16,10,Medium,Clear,55
33.8,2,Medium,Clear,92
18.24,3,Medium,Clear,58
36.22,8,Low,Rainy,128
19.0,3,Medium,Rainy,94
47.12,4,Medium,Clear,135
7.7,2,Low,Clear,26
4.35,8,Medium,Clear,21
39.28,6,High,Clear,200
20.66,9,Low,Rainy,88
23.81,8,Medium,Rainy,116
46.76,4,Medium,Clear,136
29.91,8,Medium,Clear,89
33.35,1,Medium,Clear,99
1.95,9,Medium,Clear,19
33.86,5,Medium,Clear,105
20.03,4,High,Clear,105
23.55,5,Medium,Clear,73
40.59,1,Medium,Clear,110
26.67,2,High,Rainy,202
49.36,2,Low,Rainy,158
40.04,9,Low,Clear,88
36.7,6,High,Clear,186
29.85,3,Medium,Clear,89
21.21,4,Medium,Clear,62
3.59,1,Low,Clear,14
1.91,7,Medium,Clear,23
3.29,7,Medium,Clear,17
47.98,8,Medium,Clear,137
16.84,1,Medium,Rainy,78
35.33,9,Medium,Clear,111
30.12,2,High,Clear,147
29.01,1,High,Clear,145
29.38,1,Low,Clear,62
15.81,8,Low,Clear,47
44.44,3,High,Clear,210
46.04,6,Medium,Clear,143
32.58,6,Medium,Clear,101
43.33,2,Medium,Clear,116
3.94,2,Medium,Clear,27
5.92,1,Low,Rainy,19
28.39,9,High,Clear,160
42.48,1,Medium,Rainy,174
16.46,6,Low,Clear,49
27.85,9,High,Rainy,229
1.49,6,High,Rainy,40
49.34,6,Low,Rainy,167
38.58,4,Low,Rainy,124
18.71,5,Medium,Clear,58
49.17,1,High,Clear,225
5.53,3,Medium,Clear,23
23.74,6,Low,Clear,56
3.88,2,Low,Clear,15
17.41,1,Medium,Clear,49
11.75,1,High,Clear,57
16.51,1,High,Clear,88
47.42,10,Medium,Rainy,216
21.93,10,High,Clear,129
16.92,1,Medium,Clear,52
32.4,6,Medium,Rainy,151
34.49,10,High,Clear,186
49.2,4,Medium,Clear,143
27.76,4,High,Clear,142
37.88,4,Medium,Clear,115
19.73,8,Medium,Rainy,106
9.38,7,Low,Clear,24
22.06,5,High,Clear,114
21.52,7,Medium,Rainy,103
21.61,8,Low,Clear,57
35.08,10,Medium,Clear,116
20.89,8,Medium,Clear,72
47.75,7,Medium,Rainy,212
49.15,7,Low,Clear,100
26.64,9,Medium,Clear,90
28.36,5,Low,Clear,64
20.97,8,Medium,Clear,78
18.42,2,Medium,Clear,65
49.28,8,Low,Rainy,168
2.99,1,Low,Clear,12
21.09,9,Medium,Clear,74
8.42,1,High,Clear,50
36.59,8,Medium,Clear,115
10.53,3,Medium,Clear,37
44.35,4,High,Rainy,320
19.35,10,Low,Clear,54
45.94,7,Medium,Clear,135
49.34,10,Medium,Clear,149
38.79,3,High,Clear,189
31.53,9,Medium,Clear,105
8.35,3,Low,Clear,22
46.72,8,Low,Clear,105
39.07,8,Low,Clear,92
15.11,3,Medium,Clear,43
23.96,3,Medium,Rainy,102
4.32,10,Low,Clear,24
33.29,5,Low,Clear,75
7.14,8,Low,Clear,23
32.93,6,Medium,Clear,100
33.91,5,High,Rainy,252
16.91,5,Medium,Clear,50
47.48,6,High,Clear,225
39.17,8,Low,Clear,90
25.34,6,Medium,Rainy,119
46.01,7,High,Clear,230
42.94,9,Medium,Rainy,195
34.92,7,Medium,Clear,109
8.5,9,Medium,Clear,42
25.36,10,Medium,Clear,84
43.36,1,Medium,Clear,127
30.84,3,Medium,Clear,90
27.73,6,Low,Clear,72
47.81,3,Medium,Clear,134
1.81,2,Low,Rainy,13
1.59,5,Medium,Clear,18
44.75,1,High,Clear,218
2.89,5,Medium,Clear,22
17.29,8,High,Clear,113
46.28,9,Low,Clear,116
34.87,10,High,Clear,184
32.76,6,Medium,Rainy,142
33.19,4,Medium,Clear,97
16.56,3,Medium,Clear,49
27.0,8,High,Clear,146
31.87,2,Medium,Rainy,141
15.98,8,Low,Rainy,70
39.97,7,Low,Rainy,137
16.77,2,Low,Rainy,68
4.5,2,High,Clear,38
10.87,2,Medium,Clear,40
21.01,1,Medium,Clear,57
45.49,7,Medium,Clear,137
21.37,8,Medium,Clear,68
5.4,7,Medium,Clear,31
10.63,4,Medium,Clear,44
27.68,9,High,Rainy,227
9.71,2,Medium,Clear,30
4.13,5,High,Clear,37
36.03,2,Low,Rainy,119
39.43,3,Medium,Clear,120
42.68,2,Medium,Clear,116
42.35,8,Medium,Rainy,191
19.58,10,Medium,Clear,67
36.99,6,Medium,Rainy,160
29.59,5,High,Clear,156
2.14,5,High,Rainy,45
20.68,9,Low,Clear,61
3.59,2,Low,Rainy,16
5.08,1,Medium,Clear,28
3.74,6,Medium,Clear,27
48.09,8,Medium,Clear,140
42.37,8,Medium,Clear,131
22.52,6,Medium,Clear,76
13.15,3,Low,Clear,42
4.55,3,Low,Clear,12
22.13,2,Low,Rainy,75
30.42,2,Medium,Rainy,129
40.06,2,Medium,Clear,112
3.53,7,Low,Rainy,23
21.48,10,Medium,Clear,70
48.87,9,Medium,Clear,146
6.92,10,Medium,Rainy,52
20.61,7,Medium,Clear,69
14.48,8,Medium,Clear,54
7.57,5,Medium,Clear,29
42.11,2,High,Clear,205
35.16,8,Low,Clear,79
21.17,5,Medium,Rainy,104
19.08,9,Medium,Rainy,98
41.56,6,Medium,Clear,123
5.45,7,Low,Clear,23
8.19,1,Medium,Clear,27
45.42,8,Low,Clear,107
41.04,7,Medium,Rainy,187
38.97,7,Medium,Rainy,175
31.57,7,Medium,Clear,104
15.33,7,Medium,Clear,53
46.8,1,Low,Clear,101
25.1,9,Medium,Clear,82
14.75,7,Medium,Clear,58
18.91,7,Low,Clear,51
1.83,1,Low,Clear,14
13.5,6,Low,Rainy,56
10.21,10,Low,Rainy,50
7.64,8,High,Rainy,91
2.57,5,Low,Clear,18
12.12,1,High,Clear,63
6.07,5,Medium,Clear,35
3.21,2,Medium,Rainy,28
7.73,2,Medium,Clear,24
10.92,4,Medium,Clear,42
21.38,4,Medium,Rainy,98
29.6,10,Medium,Rainy,139
16.79,7,Low,Clear,48
7.92,9,High,Rainy,99
47.08,2,High,Clear,227
26.23,8,Low,Clear,67
37.35,8,Low,Clear,85
35.03,8,Medium,Clear,112
14.96,9,High,Clear,94
28.43,9,Medium,Rainy,135
30.51,10,High,Clear,167
18.24,7,Medium,Rainy,89
33.87,5,Low,Rainy,121
39.74,7,Low,Clear,91
18.85,7,Medium,Rainy,97
1.73,10,High,Clear,49
18.12,10,Low,Clear,53
6.72,7,Medium,Clear,29
8.62,8,High,Clear,72
18.93,2,Medium,Rainy,88
11.17,4,Medium,Clear,36
46.81,9,Medium,Clear,141
32.99,4,Medium,Clear,97
26.4,2,High,Clear,126
1.48,7,High,Clear,34
6.08,6,High,Rainy,78
39.64,4,Medium,Rainy,163
20.1,8,Low,Clear,53
3.23,6,Low,Clear,22
41.45,8,Low,Clear,94
15.83,4,Medium,Clear,54
19.93,2,Medium,Clear,62
48.74,6,High,Clear,229
1.76,9,Low,Clear,16
36.34,9,Low,Clear,90
47.5,9,Medium,Rainy,214
4.13,3,High,Clear,40
43.44,3,Low,Rainy,142
21.4,10,Low,Clear,63
44.02,3,Medium,Rainy,192
16.11,5,Medium,Rainy,90
49.15,5,High,Rainy,364
32.71,5,Medium,Clear,98
31.73,8,High,Clear,161
40.49,10,High,Rainy,314
22.39,8,Low,Clear,56
13.67,8,Medium,Rainy,77
13.88,9,Medium,Rainy,79
17.2,10,Medium,Rainy,101
31.25,6,Low,Clear,74
42.08,2,High,Clear,201
25.48,9,Low,Clear,64
20.77,6,High,Rainy,170
39.9,1,Medium,Clear,114
15.19,5,Medium,Rainy,79
34.76,7,Medium,Rainy,164
6.18,1,High,Clear,46
6.55,7,Low,Clear,26
32.56,5,Low,Clear,76
5.05,5,Medium,Rainy,38
8.6,2,Medium,Clear,37
31.59,4,Low,Clear,76
22.47,9,Medium,Rainy,117
28.5,2,Medium,Clear,83
48.87,9,Medium,Rainy,220
31.97,8,Low,Clear,80
29.95,4,High,Clear,149
19.63,2,Medium,Clear,61
31.91,6,Medium,Clear,94
1.64,7,Low,Clear,14
28.31,2,High,Rainy,212
4.38,8,Low,Clear,26
11.79,9,High,Clear,81
28.59,5,Medium,Clear,82
33.73,6,Low,Clear,78
19.86,6,Medium,Rainy,99
21.53,10,Medium,Clear,72
25.4,2,Medium,Clear,73
38.19,1,High,Clear,181
1.86,5,Medium,Rainy,30
22.91,6,Low,Rainy,80
1.7,1,Low,Clear,10
16.64,8,High,Rainy,158
26.47,5,Medium,Clear,79
4.92,5,Medium,Rainy,41
24.78,8,Low,Clear,63
46.3,8,Medium,Rainy,208
34.58,9,Medium,Clear,108
39.33,4,Medium,Clear,115
29.44,3,High,Rainy,224
44.92,10,Medium,Rainy,207
8.2,2,High,Clear,54
23.04,1,Low,Rainy,81
30.25,10,High,Rainy,248
43.8,5,Medium,Clear,123
16.09,6,Low,Clear,50
1.06,8,Medium,Clear,21
48.75,6,Medium,Clear,146
2.27,2,Medium,Clear,10
8.47,8,Low,Rainy,52
21.68,5,Medium,Rainy,102
25.32,3,Low,Clear,60
41.89,6,Medium,Clear,122
22.94,6,High,Clear,119
27.82,3,Low,Rainy,96
10.8,7,High,Rainy,117
28.89,7,Medium,Rainy,134
18.07,7,Low,Clear,46
5.84,8,High,Rainy,87
47.38,7,Medium,Clear,140
5.0,4,Medium,Clear,22
34.22,5,Medium,Clear,100
45.5,4,Medium,Clear,129
9.78,2,Low,Rainy,43
12.62,7,High,Clear,75
21.91,3,Low,Clear,52
15.43,1,High,Rainy,122
38.19,1,Medium,Clear,109
17.57,9,High,Clear,110
49.31,3,Low,Clear,105
43.08,7,Medium,Clear,123
44.87,9,Medium,Clear,137
4.12,7,High,Clear,49
9.64,8,Low,Rainy,46
9.3,6,High,Clear,62
33.93,3,Low,Clear,75
1.58,1,Medium,Clear,14
40.51,10,Low,Clear,96
27.81,8,Low,Clear,73
28.75,6,Medium,Clear,91
27.33,2,Low,Clear,62
27.23,10,Medium,Clear,83
10.7,8,Low,Clear,39
14.88,4,High,Clear,76
24.89,10,High,Rainy,205
34.21,9,Medium,Clear,105
14.33,9,Medium,Clear,60
40.5,9,Medium,Clear,124
40.72,4,Medium,Clear,116
14.42,6,Medium,Clear,52
28.44,4,Medium,Clear,90
18.1,10,Medium,Clear,58
10.34,10,Low,Rainy,54
40.49,5,Low,Clear,88
49.58,7,Medium,Rainy,215
28.72,7,Medium,Clear,95
45.78,10,High,Clear,230
32.47,6,Medium,Clear,96
28.72,10,Low,Clear,73
24.53,4,Medium,Rainy,110
12.55,5,Medium,Clear,51
5.13,5,Medium,Clear,29
22.67,9,Medium,Clear,75
28.5,6,Low,Rainy,108
25.96,4,High,Rainy,204
35.08,6,High,Clear,183
10.41,7,Low,Clear,29
18.36,7,Medium,Rainy,99
21.36,10,Low,Clear,53
10.14,3,Low,Clear,31
45.42,6,Low,Clear,97
34.39,7,Medium,Clear,100
5.5,1,High,Clear,37
35.93,4,High,Clear,177
27.84,7,Low,Clear,68
26.67,10,Medium,Clear,90
49.5,1,Low,Clear,106
31.29,8,Medium,Rainy,152
44.94,6,Medium,Clear,130
45.76,6,High,Clear,225
5.97,3,High,Clear,39
1.41,6,Low,Rainy,20
22.33,4,Medium,Clear,65
38.69,9,Medium,Clear,116
41.39,4,Medium,Clear,117
39.59,6,Low,Clear,90
22.92,6,Low,Rainy,89
37.75,1,High,Rainy,265
36.22,4,Low,Rainy,129
16.38,9,High,Clear,105
9.27,10,Low,Clear,30
31.45,6,Medium,Clear,101
34.18,4,Medium,Rainy,150
28.83,7,Low,Clear,69
11.45,10,High,Rainy,122
14.56,7,Medium,Clear,55
35.72,5,Low,Rainy,119
48.17,4,Medium,Clear,133
47.3,4,High,Rainy,335
26.46,7,Low,Rainy,101
44.44,6,High,Clear,218
2.44,4,High,Rainy,53
43.2,3,Low,Rainy,144
24.33,2,Low,Clear,59
39.29,4,Medium,Clear,118
1.27,7,High,Clear,33
43.56,2,Medium,Rainy,185
30.15,9,Medium,Clear,101
12.77,9,Low,Clear,42
18.03,6,High,Clear,101
10.83,9,Low,Rainy,51
21.8,1,Low,Clear,50
17.17,6,Medium,Clear,54
27.19,3,Medium,Clear,79
40.92,6,Low,Clear,91
49.13,5,Low,Clear,103
13.32,5,Low,Clear,38
6.22,1,Low,Clear,22
20.39,5,High,Rainy,169
8.03,6,Low,Clear,19
41.88,1,High,Clear,194
25.56,10,Medium,Clear,90
31.38,7,Medium,Clear,100
8.38,1,Medium,Clear,33
37.73,7,Medium,Rainy,168
48.71,9,Medium,Clear,144
24.64,7,High,Clear,141
48.16,10,Medium,Rainy,213
2.7,5,Low,Clear,15
2.75,3,Low,Rainy,21
48.04,7,Low,Clear,107
35.31,6,Low,Rainy,121
10.25,8,High,Clear,84
18.83,8,Medium,Rainy,100
25.88,10,Low,Clear,69
35.43,6,Medium,Clear,113
42.26,7,Medium,Clear,122
5.05,3,Low,Clear,16
33.17,4,Low,Clear,69
24.36,7,Low,Clear,59
30.28,6,Medium,Clear,93
25.92,3,Medium,Clear,78
23.08,10,High,Clear,136
11.07,7,Medium,Clear,44
24.14,3,Medium,Clear,75
10.29,10,Low,Clear,37
3.19,8,Low,Clear,16
19.32,7,Medium,Clear,69
2.22,4,High,Clear,34
28.56,1,Medium,Rainy,128
4.55,6,Low,Rainy,31
22.44,5,High,Clear,125
49.03,9,Medium,Clear,152
1.48,10,Low,Clear,21
18.98,6,Medium,Clear,62
33.99,1,Medium,Clear,99
8.79,3,High,Clear,57
28.48,2,High,Clear,146
13.65,3,Low,Rainy,55
11.92,1,Medium,Clear,39
44.85,2,Medium,Clear,130
10.96,8,Medium,Clear,48
19.45,3,Low,Clear,54
9.31,9,Medium,Rainy,64
14.91,4,Medium,Clear,58
15.36,2,Low,Clear,40
17.01,7,Medium,Clear,62
32.41,9,Low,Clear,76
37.39,5,Low,Clear,81
26.02,1,High,Rainy,198
30.91,9,Medium,Rainy,147
40.85,9,Medium,Clear,128
49.98,7,Medium,Rainy,213
23.37,1,Low,Rainy,78
46.89,4,Low,Rainy,159
25.03,1,Low,Clear,60
39.32,3,Medium,Clear,114
29.09,7,Low,Rainy,103
44.32,1,Medium,Clear,124
22.99,8,Low,Rainy,87
35.09,10,Low,Clear,85
23.85,4,Medium,Rainy,109
42.99,4,Medium,Rainy,173
49.72,1,High,Clear,227
12.92,5,Medium,Clear,49
24.24,8,Medium,Clear,80
4.98,8,Low,Clear,27
7.91,7,Medium,Clear,32
46.53,7,Medium,Clear,142
27.64,8,Low,Clear,71
20.36,8,Medium,Clear,64
33.9,1,Medium,Rainy,145
28.45,2,Medium,Clear,85
15.15,10,Medium,Clear,59
12.1,8,Low,Clear,45
29.92,1,High,Rainy,217
10.23,9,Medium,Clear,38
7.82,9,Low,Clear,32
16.6,10,High,Rainy,157
43.21,2,Medium,Rainy,182
2.8,6,High,Rainy,54
41.83,4,Low,Rainy,142
31.43,10,Low,Clear,73
2.98,7,Medium,Clear,27
30.5,2,High,Clear,151
21.87,10,Low,Clear,62
42.22,1,Medium,Clear,108
45.45,9,Low,Clear,111
15.04,9,Medium,Clear,53
39.42,9,Medium,Clear,125
16.18,5,Medium,Clear,49
15.49,3,Medium,Rainy,74
10.44,6,High,Clear,72
34.25,10,Medium,Rainy,161
13.82,1,Low,Rainy,50
23.78,10,High,Clear,131
40.79,8,Low,Clear,99
39.8,10,Medium,Rainy,185
42.92,4,Medium,Clear,130
8.89,2,Low,Clear,30
29.76,4,Medium,Rainy,130
45.83,1,Low,Clear,98
3.06,10,High,Clear,48
39.93,10,Medium,Rainy,186
13.07,8,Medium,Clear,49
33.81,6,Medium,Clear,102
36.15,1,Medium,Rainy,149
46.35,1,Medium,Rainy,195
25.93,2,Medium,Clear,79
42.56,7,Medium,Rainy,184
3.22,2,Low,Clear,23
21.61,3,Medium,Rainy,101
22.54,9,Low,Clear,57
27.38,1,High,Clear,131
24.59,9,Medium,Clear,88
48.43,6,Low,Clear,101
4.85,9,Low,Clear,25
13.99,10,Low,Rainy,70
48.46,8,High,Clear,235
22.82,7,High,Clear,124
28.99,10,Low,Clear,73
4.97,7,Medium,Clear,30
14.92,6,High,Rainy,138
2.94,8,Medium,Clear,22
7.74,9,Medium,Clear,38
32.03,8,Low,Rainy,125
38.42,9,High,Clear,202
43.63,5,High,Clear,207
13.32,3,Medium,Clear,43
17.31,4,Medium,Clear,48
28.9,4,Low,Rainy,101
5.1,9,Medium,Clear,28
40.53,9,Low,Clear,90
24.68,1,High,Clear,116
48.31,5,High,Clear,242
6.75,2,Low,Clear,22
7.53,5,Medium,Clear,28
18.08,5,Medium,Clear,58
11.13,3,High,Clear,68
35.13,4,Low,Clear,77
47.39,7,Medium,Clear,141
5.41,10,Medium,Clear,33
12.87,4,Low,Clear,37
12.66,3,Low,Clear,34
25.94,10,Medium,Clear,85
23.15,4,Low,Clear,57
36.62,2,Medium,Clear,101
36.9,1,Medium,Clear,102
29.06,5,Low,Clear,69
29.96,9,Medium,Clear,95
42.27,9,Medium,Clear,132
20.45,1,Low,Clear,51
1.6,1,High,Clear,15
11.44,8,Medium,Rainy,72
2.73,7,High,Clear,41
20.28,7,Medium,Clear,76
18.53,9,High,Clear,121
5.83,5,Medium,Clear,29
38.0,8,Low,Clear,89
28.1,7,Low,Clear,68
12.06,2,Medium,Rainy,59
38.2,2,Medium,Clear,110
33.73,4,Low,Rainy,109
10.39,1,High,Clear,62
49.16,10,High,Rainy,374
9.69,5,Medium,Clear,43
38.81,5,Low,Clear,85
48.45,1,Low,Clear,101
36.55,5,High,Rainy,281
33.62,4,Medium,Rainy,139
45.26,10,High,Clear,239
14.19,5,Low,Rainy,51
14.58,4,High,Clear,89
32.42,9,Medium,Rainy,153
44.22,9,Low,Clear,101
31.25,3,Medium,Clear,97
48.88,3,High,Clear,235
11.92,3,Low,Clear,40
41.47,7,Medium,Rainy,198
46.44,1,Medium,Rainy,189
21.92,4,Medium,Clear,70
48.14,9,Medium,Clear,143
10.91,8,High,Clear,77
47.69,3,High,Rainy,338
45.24,8,Medium,Clear,126
4.24,6,Medium,Clear,25
26.55,10,Medium,Clear,90
26.91,3,Medium,Clear,78
3.79,9,High,Rainy,77
2.94,10,Low,Rainy,36
1.25,7,Low,Clear,14
26.7,8,Low,Rainy,97
23.73,10,Low,Clear,69
47.08,2,Medium,Rainy,199
17.77,3,High,Clear,92
33.25,7,Low,Clear,79
1.37,2,Low,Rainy,19
33.51,6,High,Clear,176
45.76,7,Medium,Clear,135
18.38,6,High,Clear,105
16.39,5,High,Rainy,144
31.68,9,High,Clear,168
17.1,3,Medium,Clear,64
20.72,5,Medium,Clear,65
14.38,5,Medium,Clear,50
17.9,8,Medium,Clear,62
34.29,8,Medium,Clear,110
46.2,1,Medium,Clear,139
29.57,6,Medium,Clear,97
1.49,6,Medium,Clear,17
13.93,10,Medium,Rainy,85
47.66,2,Low,Rainy,156
45.61,5,Medium,Clear,131
6.67,6,Medium,Clear,29
45.51,3,Medium,Rainy,199
48.26,1,Medium,Clear,138
16.9,9,Medium,Rainy,100
35.35,2,Medium,Clear,108
28.44,4,Medium,Rainy,138
17.52,9,Low,Rainy,76
8.51,9,Medium,Clear,42
18.98,8,Medium,Clear,68
46.46,4,Medium,Clear,132
40.75,1,Low,Clear,94
17.2,7,Medium,Clear,57
27.84,2,Medium,Clear,85
20.89,8,Low,Clear,51
23.85,10,High,Clear,132
38.3,10,High,Rainy,296
27.61,2,Low,Clear,67
9.87,10,Medium,Clear,38
14.18,3,Medium,Clear,44
28.82,6,Low,Rainy,101
34.95,4,Medium,Clear,96
25.9,2,Medium,Clear,71
31.39,1,High,Clear,152
39.68,3,Medium,Clear,114
27.72,4,Medium,Clear,86
48.88,9,Medium,Rainy,224
12.54,9,Low,Clear,33
46.06,5,Low,Clear,112
13.14,5,Low,Clear,34
27.05,7,Low,Rainy,99
23.34,8,Low,Clear,58
19.27,3,Low,Rainy,68
48.17,5,Medium,Clear,131
14.34,7,Medium,Clear,52
34.07,2,Medium,Clear,99
40.4,9,Low,Clear,94
10.65,3,High,Clear,62
48.68,7,Low,Clear,111
27.79,9,Medium,Clear,89
45.81,9,Medium,Clear,143
33.53,3,Low,Clear,77
32.82,2,Low,Rainy,111
17.93,5,Medium,Clear,67
38.76,5,Low,Clear,88
2.46,8,Medium,Clear,24
28.24,6,Low,Clear,70
2.57,7,High,Clear,39
16.04,8,High,Clear,95
5.72,9,Medium,Clear,33
45.67,4,Low,Rainy,148
31.78,5,High,Clear,164
33.76,4,Medium,Clear,95
42.71,9,Medium,Clear,131
36.92,2,Medium,Rainy,148
7.09,8,Medium,Rainy,53
31.26,7,Medium,Clear,101
48.93,7,Medium,Clear,141
11.49,8,High,Clear,83
31.37,1,High,Rainy,227
28.62,1,High,Clear,145
20.19,7,High,Clear,126
47.78,2,High,Clear,233
18.46,4,Medium,Clear,59
5.59,6,Low,Clear,22
48.16,5,Medium,Clear,135
36.73,5,Medium,Clear,113
17.78,6,Medium,Rainy,97
14.75,10,Low,Rainy,64
46.47,7,Medium,Rainy,206
14.4,2,Low,Clear,32
27.32,4,High,Clear,133
11.53,7,High,Clear,84
49.77,5,High,Clear,235
38.71,10,Medium,Clear,125
28.81,9,Medium,Rainy,138
37.55,6,High,Rainy,283
45.9,4,Medium,Clear,133
48.19,10,Medium,Clear,145
39.51,4,High,Clear,196
42.6,3,Medium,Clear,116
20.49,6,Low,Clear,52
20.2,8,Medium,Clear,70
40.61,1,Medium,Rainy,170
38.22,2,Low,Clear,82
45.15,4,Low,Rainy,154
7.52,7,Medium,Rainy,54
34.85,2,High,Clear,166
32.73,10,Low,Rainy,118
40.13,8,Medium,Clear,113
2.2,3,Medium,Clear,15
41.49,2,High,Rainy,297
16.99,7,Medium,Rainy,83
34.67,10,Low,Clear,86
31.21,9,Medium,Clear,96
22.57,4,Low,Rainy,77
37.56,2,Medium,Clear,104
48.1,9,Medium,Clear,142
16.85,10,Medium,Clear,56
37.67,5,Low,Clear,87
16.41,10,Medium,Clear,65
42.44,7,High,Clear,215
22.43,10,Medium,Clear,74
23.01,5,Medium,Clear,71
38.82,5,Medium,Clear,110
25.31,6,Medium,Rainy,129
14.07,5,Low,Clear,36
49.78,8,Medium,Clear,156
31.39,4,High,Clear,154
32.61,3,Medium,Rainy,143
32.68,3,High,Clear,162
44.28,2,Medium,Rainy,186
10.01,8,Low,Rainy,53
3.9,7,Medium,Rainy,37
19.95,6,Medium,Clear,73
28.68,2,Low,Clear,62
15.0,2,Medium,Clear,45
34.77,10,Medium,Clear,106
4.62,1,Low,Clear,11
39.74,10,Medium,Clear,126
36.19,2,High,Clear,176
11.48,9,Medium,Clear,51
15.62,1,Low,Clear,31
40.54,10,Medium,Rainy,190
38.89,4,High,Clear,199
40.87,2,Medium,Clear,115
16.79,5,Low,Clear,40
48.51,10,High,Rainy,367
36.05,8,Medium,Rainy,162
4.19,1,High,Clear,28
24.41,9,Medium,Rainy,129
33.56,7,Low,Clear,89
9.26,5,Medium,Clear,36
45.19,5,Low,Rainy,150
37.95,9,Medium,Clear,116
4.99,9,Medium,Clear,25
45.75,2,Medium,Clear,126
20.81,8,Medium,Clear,70
23.17,5,High,Clear,115
39.37,2,Low,Clear,79
32.56,9,Medium,Clear,106
22.44,4,Medium,Rainy,108
13.72,5,High,Rainy,125
26.33,7,Low,Clear,63
29.38,2,Medium,Clear,83
31.92,5,Low,Rainy,108
30.65,8,Medium,Clear,95
31.25,1,Medium,Clear,84
24.31,8,High,Clear,138
28.53,2,Medium,Rainy,128
15.14,4,Medium,Clear,56
8.76,3,Low,Rainy,44
30.74,2,Low,Clear,57
3.3,10,Medium,Clear,33
4.2,10,High,Clear,53
13.12,2,Low,Rainy,46
10.52,10,Low,Clear,33
19.33,6,Low,Clear,48
19.19,3,Medium,Rainy,86
6.73,10,Low,Clear,27
13.08,4,High,Clear,76
1.22,4,Medium,Clear,10
18.2,2,Low,Clear,45
40.03,4,Medium,Rainy,179
14.04,2,Medium,Clear,45
32.52,4,High,Clear,163
5.81,8,High,Clear,52
1.6,9,High,Clear,40
25.42,4,Medium,Clear,81
23.61,4,Low,Clear,55
10.38,7,Medium,Rainy,63
15.04,1,Medium,Rainy,74
2.5,7,High,Clear,37
40.09,9,Low,Clear,86
15.76,4,Medium,Clear,52
11.75,2,Medium,Rainy,59
40.43,4,Medium,Clear,114
2.92,2,Low,Clear,13
14.94,10,High,Clear,103
13.87,7,High,Rainy,128
13.89,6,Low,Rainy,56
1.56,2,Medium,Clear,14
46.8,6,Medium,Clear,136
43.34,9,High,Clear,220
21.31,8,Low,Clear,52
22.83,9,Medium,Clear,75
26.68,5,High,Clear,149
24.44,10,Low,Clear,59
39.18,2,High,Clear,185
24.93,5,Medium,Clear,80
10.25,10,High,Clear,90
6.73,3,Low,Rainy,32
46.0,4,Low,Clear,102
3.37,7,Medium,Clear,20
44.98,2,High,Clear,209
34.83,6,High,Clear,178
20.83,1,Medium,Clear,65
10.17,10,Medium,Clear,44
16.21,3,Low,Clear,37
26.96,7,Medium,Clear,80
33.19,5,Low,Clear,80
34.88,8,Medium,Clear,109
22.92,7,Medium,Clear,79
19.32,7,Medium,Clear,66
38.65,1,Medium,Clear,112
46.35,1,Medium,Rainy,191
45.81,6,Medium,Rainy,198
28.03,8,Medium,Clear,88
4.87,3,Low,Rainy,25
4.59,8,Low,Clear,24
20.74,8,Low,Clear,48
36.91,1,Low,Clear,80
25.37,5,High,Rainy,194
31.74,9,Low,Rainy,121
42.32,10,High,Rainy,331
2.98,10,High,Rainy,66
46.27,3,Low,Clear,102
17.21,9,Medium,Clear,65
3.29,9,Medium,Clear,21
41.94,1,High,Clear,198
46.77,2,Low,Rainy,153
38.66,3,High,Rainy,283
40.42,4,High,Rainy,300
43.69,5,Medium,Clear,123
26.6,5,Low,Clear,66
34.34,10,Medium,Clear,114
15.04,5,High,Clear,88
13.24,3,Low,Clear,34
30.84,6,Medium,Clear,95
37.0,4,Low,Clear,79
20.46,9,High,Clear,123
20.61,2,Medium,Rainy,93
47.76,1,High,Rainy,337
26.4,7,High,Rainy,218
49.33,9,Medium,Rainy,219
43.28,10,High,Rainy,338
32.34,9,Low,Clear,74
1.45,3,Low,Clear,10
15.5,1,Medium,Clear,50
21.46,9,Medium,Clear,69
32.99,7,High,Clear,177
20.38,8,Medium,Clear,73
41.56,6,Medium,Clear,120
33.48,10,High,Clear,180
18.01,6,Medium,Clear,61
39.44,4,Low,Clear,86
15.85,2,Medium,Clear,43
4.08,1,Low,Clear,12
9.46,6,Low,Clear,33
1.13,9,Medium,Clear,22
41.79,10,Medium,Clear,132
31.73,10,Low,Rainy,114
28.96,2,High,Rainy,218
33.44,1,Medium,Rainy,145
33.03,1,Medium,Clear,91
28.71,7,Low,Rainy,105
42.28,1,Medium,Clear,115
22.61,9,Medium,Clear,79
40.44,9,Medium,Rainy,192
39.55,3,Medium,Clear,114
10.78,2,Medium,Rainy,52
23.23,9,Medium,Clear,77
41.91,3,Medium,Clear,129
41.71,2,Medium,Clear,112
2.18,4,High,Clear,27
11.93,7,Medium,Clear,47
21.77,4,Low,Clear,58
3.31,8,High,Rainy,59
13.77,5,Low,Clear,34
13.66,2,Medium,Clear,37
11.51,10,High,Clear,82
20.44,4,Low,Clear,46
40.84,7,Low,Clear,98
12.96,1,Medium,Clear,36
29.52,7,Medium,Clear,98
28.32,3,Low,Clear,70
41.08,7,Medium,Clear,121
20.31,3,Low,Clear,39
11.95,8,Low,Clear,39
44.68,4,Medium,Clear,133
41.81,1,Low,Clear,84
31.45,1,Medium,Clear,87
5.57,4,High,Clear,45
1.79,9,Low,Rainy,24
9.95,5,Low,Rainy,53
10.64,5,High,Clear,69
7.68,3,Medium,Clear,32
13.85,5,Medium,Clear,53
17.56,7,Medium,Rainy,85
37.97,3,Medium,Clear,110
35.77,5,High,Clear,177
6.11,3,Low,Clear,17
48.88,1,Medium,Clear,133
37.85,6,Medium,Rainy,169
9.01,3,Medium,Clear,31
7.1,2,Low,Clear,21
5.29,3,High,Clear,37
36.86,5,High,Clear,188
12.58,5,Low,Rainy,52
4.58,9,Medium,Rainy,49
21.67,9,Low,Clear,63
35.73,2,Medium,Clear,109
15.92,6,Medium,Clear,55
24.65,9,Medium,Clear,74
10.44,9,Medium,Clear,47
22.03,6,Medium,Clear,72
18.59,1,Medium,Clear,56
22.26,1,Low,Clear,52
23.82,9,Low,Clear,64
5.52,3,Medium,Clear,25
5.58,5,Medium,Clear,27
13.77,6,Medium,Rainy,79
6.67,1,Medium,Clear,30
13.39,1,High,Rainy,115
2.2,4,Medium,Rainy,29
18.19,6,High,Clear,101
11.46,8,Low,Clear,46
44.72,7,Medium,Clear,129
43.05,2,Medium,Clear,121
15.72,4,Medium,Clear,60
24.3,5,High,Rainy,194
47.83,8,Low,Clear,120
26.68,7,Low,Clear,64
42.57,4,Medium,Clear,120
41.49,8,Medium,Clear,126
47.12,8,Low,Clear,104
15.98,4,High,Clear,96
3.13,2,Low,Clear,11
6.09,3,Low,Clear,23
28.99,5,Medium,Rainy,135
26.98,1,Medium,Clear,80
15.62,5,Medium,Clear,58
13.19,4,Medium,Rainy,66
35.76,5,Low,Clear,82
17.68,1,Low,Clear,40
30.59,10,Low,Rainy,120
35.9,7,High,Clear,186
22.09,10,Low,Clear,67
10.48,9,High,Clear,83
43.18,5,Low,Clear,92
5.58,3,High,Clear,42
41.64,9,Medium,Clear,127
42.0,6,Medium,Rainy,185
28.98,6,Medium,Rainy,132
31.84,10,Low,Clear,78
18.54,10,Low,Clear,55
42.24,3,High,Clear,207
13.92,1,Low,Clear,30
28.43,4,Low,Clear,60
1.09,4,Medium,Clear,10
47.05,3,High,Clear,225
47.47,5,Medium,Clear,137
35.81,9,Medium,Rainy,168
21.74,9,High,Rainy,188
9.75,8,Medium,Clear,42
25.13,10,High,Clear,138
39.78,6,Low,Clear,89
30.66,4,Medium,Clear,94
26.85,2,High,Clear,133
42.62,10,Medium,Clear,124
16.34,3,Medium,Rainy,86
43.14,9,Low,Clear,97
22.53,1,Medium,Clear,67
1.12,7,Low,Clear,16
36.87,10,Medium,Clear,121
44.01,6,Medium,Clear,128
24.73,2,Medium,Clear,75
23.28,5,Medium,Clear,72
40.47,2,Medium,Rainy,170
44.35,9,Low,Clear,102
48.75,5,Low,Clear,112
17.94,6,Medium,Clear,65
30.14,4,High,Clear,150
41.32,1,Low,Clear,90
27.06,3,Medium,Rainy,122
23.63,5,Medium,Clear,74
29.02,3,Low,Clear,61
18.49,8,Low,Rainy,76
10.41,2,Medium,Clear,38
4.26,2,Low,Clear,15
30.89,1,Low,Clear,67
19.58,1,Medium,Clear,66
44.26,4,Medium,Clear,125
11.92,8,Medium,Rainy,76
16.22,8,Medium,Clear,58
48.55,8,Medium,Clear,143
28.26,1,Low,Rainy,93
17.99,1,Medium,Rainy,82
43.18,7,Medium,Rainy,187
37.43,7,Medium,Clear,116
29.08,10,Medium,Clear,93
44.57,5,Low,Clear,94
5.6,8,Low,Clear,28
20.33,6,Medium,Rainy,107
40.72,1,Medium,Clear,114
19.91,7,High,Clear,115
46.41,8,High,Clear,237
8.47,8,Medium,Clear,36
17.5,10,Low,Clear,51
21.86,9,Low,Clear,63
34.66,3,High,Rainy,256
10.57,2,High,Clear,61
1.48,8,Low,Clear,16
48.85,4,Medium,Clear,136
45.04,2,Medium,Clear,133
15.71,2,Low,Clear,42
24.69,2,High,Rainy,188
24.96,5,High,Clear,133
43.59,8,High,Clear,220
30.26,9,Medium,Clear,94
41.5,6,Medium,Clear,119
45.69,8,Medium,Clear,140
28.73,6,High,Clear,154
14.99,1,High,Clear,75
25.44,9,Medium,Clear,84
42.69,10,Medium,Clear,130
29.6,7,High,Rainy,238
44.89,2,Low,Clear,101
44.88,3,Low,Clear,94
19.29,2,Medium,Clear,56
22.96,9,High,Clear,130
34.22,8,Low,Clear,81
6.44,5,Medium,Clear,22
23.81,4,High,Clear,116
8.32,7,Medium,Clear,38
42.55,9,Low,Clear,100
47.2,8,Medium,Clear,140
7.94,8,Low,Clear,33
33.7,2,Medium,Clear,90
32.19,10,Medium,Clear,110
38.24,9,Medium,Clear,117
35.09,2,Medium,Clear,100
11.64,8,Medium,Clear,49
15.27,5,Medium,Clear,49
9.1,6,Low,Clear,27
46.14,10,Medium,Clear,145
26.57,9,Medium,Clear,89
48.83,8,Medium,Clear,144
23.02,5,Low,Clear,50
28.08,6,Low,Clear,62
39.68,5,High,Clear,195
40.06,9,Medium,Clear,123
12.33,5,High,Clear,80
15.13,6,High,Clear,94
5.79,1,Medium,Clear,28
40.47,8,Medium,Clear,121
39.9,8,Low,Rainy,134
4.98,8,Medium,Clear,27
13.61,7,Medium,Clear,51
23.04,7,High,Rainy,193
27.55,6,Medium,Clear,82
26.6,7,Medium,Clear,83
49.17,9,High,Rainy,367
38.44,5,Low,Clear,95
6.55,9,Medium,Rainy,56
15.38,9,Medium,Rainy,86
17.93,4,Low,Clear,43
16.44,9,Medium,Clear,67
39.51,8,Low,Clear,88
18.67,5,Low,Rainy,71
25.13,10,Medium,Clear,82
27.14,3,Low,Clear,60
14.25,9,Medium,Rainy,85
16.81,3,Low,Clear,33
39.22,3,Medium,Rainy,175
43.47,3,Medium,Clear,126
2.82,1,High,Rainy,38
30.65,6,Medium,Rainy,137
32.04,3,High,Clear,150
37.13,10,Medium,Clear,115
35.0,3,Medium,Rainy,150
43.99,9,High,Rainy,335
4.85,7,Low,Clear,22
20.03,8,Medium,Rainy,107
39.32,1,High,Clear,189
42.48,8,Low,Rainy,148
13.97,8,Low,Clear,46
29.68,8,Medium,Rainy,140
9.86,6,High,Clear,68
42.69,10,Medium,Clear,136
36.79,5,Medium,Clear,116
11.88,4,Medium,Clear,43
31.56,9,Medium,Clear,99
25.96,7,Medium,Clear,88
13.68,1,Medium,Clear,43
44.76,1,Medium,Clear,123
8.24,1,High,Clear,49
23.91,4,Low,Clear,61
29.56,9,High,Clear,161
41.35,3,High,Clear,199
8.36,10,Low,Clear,28
30.85,1,Medium,Clear,86
1.32,1,High,Clear,21
41.31,3,Medium,Rainy,180
12.5,7,Low,Rainy,50
36.32,8,High,Clear,189
30.49,4,Medium,Clear,95
3.46,2,Medium,Clear,10
9.98,7,Medium,Rainy,64
14.12,9,High,Rainy,143
44.45,10,High,Clear,233
24.56,6,Medium,Clear,81
45.76,2,High,Clear,215
3.33,9,Low,Clear,16
1.32,7,High,Rainy,49
47.46,9,Low,Rainy,165
36.47,2,High,Clear,173
39.38,10,Low,Rainy,141
45.87,4,Medium,Clear,129
49.24,6,High,Rainy,363
5.79,10,Medium,Rainy,51
8.76,7,Low,Clear,24
10.24,3,Medium,Clear,38
41.1,10,Low,Rainy,149
18.42,5,Medium,Rainy,96
30.07,4,Medium,Rainy,134
42.91,5,Low,Clear,98
34.47,6,Medium,Clear,99
4.21,6,Low,Clear,28
22.84,7,Low,Clear,51
4.31,6,Medium,Clear,17
24.46,6,Medium,Clear,82
11.75,4,Low,Clear,37
1.06,2,Medium,Rainy,18
40.84,10,High,Clear,221
48.5,7,Medium,Clear,145
48.24,7,Medium,Clear,139
15.66,3,Low,Rainy,62
41.61,5,Medium,Clear,117
34.26,6,Medium,Clear,101
40.2,10,Medium,Clear,130
42.47,9,Medium,Clear,128
49.03,3,Medium,Clear,137
8.43,3,Low,Clear,27
38.72,5,Low,Clear,92
36.97,2,High,Rainy,274
15.1,3,Medium,Clear,49
20.24,6,Medium,Rainy,96
9.66,3,Medium,Clear,39
45.75,1,Low,Clear,92
44.09,7,Medium,Clear,130
31.09,7,Medium,Clear,93
26.07,2,High,Rainy,196
12.41,5,High,Rainy,111
39.69,9,Low,Rainy,138
1.4,3,Low,Clear,10
23.68,8,Medium,Clear,68
43.17,4,Low,Clear,93
31.31,3,Medium,Clear,100
32.12,2,Low,Clear,75
4.46,9,Low,Rainy,37
15.05,5,Low,Clear,34
34.02,9,Low,Clear,80
3.43,8,Medium,Clear,26
17.22,3,High,Clear,100
18.34,4,Low,Rainy,60
25.44,6,Medium,Clear,80
18.76,10,Medium,Clear,62
23.25,5,Medium,Clear,74
27.8,10,High,Clear,157
7.29,10,Medium,Clear,38
9.84,3,Low,Clear,35
41.79,5,Low,Rainy,131
23.53,5,Medium,Clear,71
18.4,9,High,Clear,110
22.26,4,Low,Clear,50
9.57,8,Medium,Clear,36
12.75,4,Medium,Clear,38
26.26,10,Medium,Clear,90
18.59,2,Medium,Clear,60
24.3,3,Medium,Rainy,103
8.34,4,Low,Clear,31
8.67,8,Medium,Clear,39
19.81,9,Medium,Clear,66
19.56,6,Medium,Clear,67
44.28,8,Medium,Clear,129
2.64,10,Medium,Clear,30
49.65,5,Medium,Rainy,214
47.87,5,High,Clear,235
27.57,8,Low,Clear,64
36.22,4,Medium,Clear,110
46.83,3,Medium,Clear,138
13.31,10,Medium,Rainy,78
16.47,2,High,Clear,85
6.44,8,Medium,Clear,25
28.63,5,Medium,Clear,80
8.81,6,Medium,Clear,39
46.61,9,Low,Clear,104
22.15,3,Low,Clear,56
46.06,4,High,Clear,227
11.05,2,Medium,Rainy,55
35.01,6,Medium,Clear,110
32.73,9,Medium,Clear,105
20.58,2,Medium,Clear,67
45.02,5,Medium,Clear,122
22.31,10,Low,Rainy,89
10.72,1,Medium,Clear,40
48.87,4,Medium,Clear,133
22.63,8,High,Rainy,196
11.2,3,High,Clear,68
18.82,4,Medium,Clear,65
31.06,2,Low,Clear,68
26.09,9,Medium,Clear,87
32.12,5,Medium,Clear,90
33.43,3,Low,Rainy,115
7.05,10,High,Clear,65
16.43,7,Low,Clear,41
37.69,1,High,Clear,176
32.87,9,Medium,Rainy,147
5.33,7,High,Clear,49
16.44,1,Medium,Clear,53
46.63,4,Medium,Clear,131
43.24,7,Medium,Rainy,194
33.86,4,Medium,Clear,95
4.57,7,Low,Clear,21
30.75,3,Medium,Clear,90
1.6,4,High,Rainy,43
33.4,3,High,Clear,170
36.83,4,High,Rainy,272
25.36,10,Medium,Clear,84
1.19,3,Medium,Clear,11
33.66,10,High,Rainy,275
41.17,10,Medium,Clear,132
29.71,5,Medium,Rainy,134
35.75,4,Medium,Clear,103
5.43,3,Low,Clear,19
36.05,5,Medium,Rainy,160
31.1,10,Low,Clear,74
17.22,9,Medium,Clear,73
34.58,1,Medium,Clear,93
32.63,4,Medium,Clear,91
30.37,7,Medium,Clear,89
9.96,4,Medium,Rainy,56
15.51,8,High,Clear,98
49.58,7,Medium,Clear,140
22.22,5,Medium,Clear,79
3.91,10,Low,Rainy,32
45.05,4,High,Clear,208
9.47,8,Medium,Clear,41
20.77,1,Low,Rainy,75
14.62,2,Medium,Clear,40
48.23,5,Low,Clear,110
19.53,10,Medium,Clear,68
35.73,7,Low,Clear,86
30.32,9,Medium,Clear,102
3.11,3,Low,Clear,20
19.83,5,Medium,Clear,58
20.11,2,High,Rainy,162
49.5,6,Low,Clear,114
40.78,6,Medium,Clear,115
42.98,4,Low,Clear,88
16.36,2,Low,Clear,37
17.12,8,Low,Clear,56
26.26,8,Low,Clear,67
31.92,1,Medium,Clear,87
36.69,2,High,Clear,178
41.22,4,High,Rainy,308
43.79,1,Medium,Clear,122
2.21,6,Medium,Clear,17
40.01,2,High,Clear,191
30.93,3,Low,Clear,65
27.07,9,Low,Clear,65
31.79,7,Medium,Rainy,146
44.21,4,Low,Clear,98
27.72,10,High,Clear,153
8.95,1,Low,Clear,19
22.4,4,Medium,Clear,71
46.3,10,Medium,Clear,140
40.91,6,Medium,Clear,114
10.95,8,Low,Clear,30
35.99,9,Low,Clear,86
13.56,4,High,Rainy,126
18.08,6,Medium,Clear,56
23.98,2,Medium,Clear,62
22.6,2,Low,Clear,52
2.43,6,Low,Clear,24
38.93,9,Medium,Rainy,176
42.47,3,Medium,Clear,120
27.02,4,Low,Clear,68
9.47,9,Low,Clear,42
13.15,9,Low,Clear,32
7.19,5,Low,Clear,24
9.31,9,Medium,Clear,44
43.94,5,Medium,Rainy,186
24.53,5,Low,Clear,62
6.44,7,Medium,Clear,41
13.48,6,Low,Clear,39
47.53,10,High,Rainy,364
25.95,7,High,Rainy,205
26.27,10,Low,Clear,62
26.76,2,Medium,Clear,82
6.47,9,Medium,Rainy,58
48.55,6,High,Clear,237
5.14,9,Low,Rainy,31
35.3,1,Medium,Rainy,150
3.83,2,Medium,Clear,22
22.74,7,Medium,Rainy,108
45.08,2,Low,Clear,91
38.65,6,Medium,Rainy,173
17.4,2,Low,Rainy,61
28.02,10,Low,Rainy,108
9.1,5,Low,Rainy,43
47.85,6,Medium,Clear,143
35.73,7,Medium,Rainy,165
19.34,1,Medium,Clear,54
16.58,2,Low,Clear,40
12.69,2,Medium,Clear,41
39.54,1,Low,Clear,85
22.3,3,High,Clear,122
17.18,6,Medium,Clear,58
45.36,9,Medium,Clear,134
8.36,3,Medium,Clear,31
13.93,3,Medium,Clear,42
17.89,2,High,Rainy,139
13.73,2,Low,Clear,31
29.68,7,Medium,Rainy,138
30.45,4,Medium,Clear,90
3.68,6,Low,Rainy,17
8.08,8,Medium,Clear,41
10.73,5,Medium,Rainy,65
4.45,3,Low,Rainy,23
7.11,2,Medium,Clear,29
12.74,6,Medium,Rainy,70
17.94,8,High,Clear,112
39.77,10,Low,Clear,100
11.68,4,High,Rainy,118
33.83,2,Medium,Rainy,144
3.84,3,Medium,Rainy,28
33.25,3,Medium,Clear,99
39.94,9,Medium,Clear,117
30.64,10,Medium,Clear,103
10.87,4,Medium,Clear,44
17.19,6,High,Clear,104
40.45,9,High,Clear,203
22.17,10,High,Rainy,195
13.51,8,Low,Rainy,61
46.7,9,High,Clear,240
32.23,6,High,Clear,163
40.48,2,Medium,Clear,112
2.2,5,High,Clear,29
17.63,10,Low,Clear,52
23.49,3,Low,Clear,54
29.78,3,Low,Clear,67
10.31,10,Low,Clear,38
25.4,1,Medium,Clear,79
34.6,4,High,Clear,167
17.95,7,Low,Clear,47
34.88,3,Medium,Rainy,160
20.09,7,Medium,Clear,71
24.0,6,Low,Clear,56
7.58,1,High,Clear,42
32.91,5,High,Clear,164
11.99,6,Low,Clear,30
41.61,9,Medium,Clear,126
28.12,10,Low,Rainy,100
28.45,6,Medium,Rainy,132
45.71,8,Medium,Rainy,205
9.2,2,Low,Clear,18
26.98,1,Medium,Clear,73
19.73,1,High,Rainy,160
48.35,7,Medium,Clear,143
39.84,8,Medium,Clear,122
38.12,8,Low,Rainy,132
11.0,3,Low,Rainy,45
12.63,5,Medium,Rainy,73
2.43,7,Medium,Rainy,28
32.29,9,Medium,Clear,99
19.17,5,Medium,Clear,62
16.29,4,Low,Clear,38
32.21,4,Low,Clear,70
41.61,6,High,Rainy,321
7.52,9,Low,Clear,33
46.01,1,High,Rainy,324
2.68,1,Medium,Clear,17
5.66,1,Medium,Rainy,27
42.07,4,Low,Clear,95
25.14,4,Medium,Clear,73
47.02,8,High,Rainy,355
23.62,5,High,Rainy,185
46.38,10,Medium,Rainy,212
12.74,4,Medium,Clear,47
31.21,8,High,Clear,166
49.73,7,Low,Clear,111
19.43,6,Medium,Clear,69
1.07,2,Medium,Clear,13
4.14,5,Low,Clear,19
43.09,2,Low,Clear,93
25.1,6,Low,Clear,56
27.3,9,Medium,Clear,94
40.17,9,Medium,Clear,124
40.77,6,Low,Clear,90
24.39,4,Medium,Rainy,112
43.04,10,Medium,Rainy,197
23.95,9,Low,Clear,56
34.08,5,High,Clear,175
2.63,8,Low,Clear,26
7.76,9,Medium,Clear,41
42.72,5,Medium,Clear,119
16.34,6,Medium,Clear,52
17.4,4,Low,Rainy,63
33.49,1,Medium,Clear,100
30.03,1,Low,Rainy,104
5.03,5,Medium,Clear,19
38.52,3,Low,Clear,84
31.24,7,Low,Clear,72
42.91,4,Low,Clear,93
27.24,4,Medium,Clear,74
21.3,4,Medium,Clear,67
19.2,6,High,Rainy,160
1.22,9,Low,Clear,15
2.95,9,Medium,Rainy,39
7.43,5,Medium,Rainy,51
46.55,8,High,Clear,226
44.15,4,Medium,Rainy,184
25.36,8,Low,Clear,65
9.83,10,Medium,Clear,44
8.16,9,Medium,Clear,35
13.55,8,Low,Clear,39
45.53,8,Medium,Clear,136
26.55,9,Medium,Clear,89
40.4,10,Low,Clear,91
25.83,8,High,Clear,142
30.86,4,Medium,Rainy,136
30.9,5,Medium,Clear,101
2.54,10,Medium,Clear,22
22.82,6,Medium,Rainy,108
43.34,5,Low,Rainy,144
24.97,9,High,Clear,140
22.33,2,High,Clear,109
26.8,6,Medium,Rainy,129
19.66,10,Low,Clear,55
26.25,2,Medium,Clear,85
7.63,8,Medium,Clear,39
48.43,8,Low,Clear,111
2.67,5,Medium,Rainy,25
24.68,10,Low,Clear,64
11.29,8,Low,Clear,38
3.86,5,Low,Rainy,27
32.93,4,Medium,Clear,101
49.27,9,High,Clear,249
37.73,8,Medium,Clear,118
13.45,4,High,Rainy,115
25.18,2,High,Clear,127
3.44,2,Medium,Clear,15
27.05,2,Low,Clear,60
5.87,10,Medium,Clear,26
39.94,8,Medium,Clear,127
3.78,6,Medium,Clear,17
1.46,1,Medium,Clear,10
43.22,10,Low,Clear,100
47.18,4,Medium,Rainy,207
5.24,3,Medium,Rainy,32
14.67,10,Low,Clear,41
37.34,7,Medium,Rainy,173
27.44,10,Medium,Clear,89
47.51,5,Medium,Rainy,200
20.07,1,Medium,Clear,57
1.16,6,High,Clear,33
1.97,4,Medium,Clear,19
28.68,10,Medium,Rainy,143
37.85,6,High,Clear,194
39.74,7,Medium,Rainy,181
45.66,9,Low,Clear,105
12.22,1,Low,Clear,35
37.18,6,Medium,Clear,108
41.53,8,High,Clear,214
41.98,4,High,Clear,200
21.17,10,Medium,Clear,77
31.67,9,Low,Clear,80
28.03,4,High,Clear,142
30.28,4,High,Clear,160
14.82,9,Low,Rainy,64
34.48,4,High,Clear,174
35.79,9,Medium,Rainy,174
10.6,1,Low,Clear,33
22.74,8,High,Rainy,197
21.68,2,Low,Clear,47
37.7,8,Low,Clear,87
33.66,5,High,Clear,165
24.33,1,Low,Clear,54
32.97,1,Medium,Clear,97
13.88,6,High,Clear,87
12.39,1,High,Rainy,97
12.76,2,Low,Rainy,56
2.45,3,Medium,Clear,17
34.86,2,Low,Clear,75
49.31,9,Low,Clear,112
16.14,10,High,Clear,109
46.56,6,Medium,Clear,133
30.72,9,Low,Clear,78
12.02,5,Medium,Clear,48
1.58,4,Low,Clear,19
36.46,2,High,Rainy,258
35.13,4,Medium,Clear,101
12.23,8,Medium,Clear,46
17.3,2,Medium,Clear,53
45.0,8,High,Clear,226
8.7,2,High,Rainy,80
41.94,1,High,Clear,200
9.29,4,Medium,Clear,35
24.6,7,High,Rainy,204
25.45,2,Medium,Clear,78
24.13,3,Medium,Clear,76
15.11,6,Medium,Clear,54
13.41,2,Medium,Clear,47
36.92,9,Medium,Clear,111
14.51,6,Low,Clear,38
30.89,6,Low,Clear,71
42.49,8,High,Clear,218
42.01,1,Medium,Clear,119
9.19,10,High,Clear,78
33.08,3,Medium,Rainy,142
30.51,2,Low,Rainy,110
14.82,1,Low,Clear,36
20.18,6,Medium,Clear,65
14.97,4,Low,Rainy,63
27.32,6,Low,Rainy,101
40.38,8,Low,Clear,93
44.0,7,Medium,Clear,129
36.42,3,Low,Clear,79
24.69,3,Low,Rainy,87
47.95,6,Medium,Clear,139
28.63,1,High,Clear,134
24.45,3,High,Clear,124
42.98,8,High,Rainy,329
10.05,3,Low,Clear,26
8.74,1,Low,Clear,20
39.34,10,Low,Clear,96
43.66,9,Medium,Rainy,204
4.57,2,High,Clear,38
38.44,7,Medium,Rainy,167
21.8,8,Medium,Rainy,110
35.48,3,High,Clear,178
7.61,7,Medium,Rainy,49
48.68,10,Low,Clear,118
44.18,4,Medium,Clear,129
20.89,2,Low,Clear,50
44.77,4,Low,Rainy,140
44.85,8,Medium,Clear,138
23.6,2,Medium,Clear,71
47.4,6,Low,Clear,103
48.87,10,Medium,Clear,144
11.64,3,Medium,Rainy,58
4.27,3,High,Rainy,56
17.23,6,Medium,Rainy,89
24.95,3,Low,Clear,56
5.54,2,Low,Clear,21
7.89,2,High,Rainy,75
48.61,3,Low,Rainy,157
37.13,2,High,Rainy,259
43.87,6,Medium,Clear,136
48.59,4,Medium,Rainy,217
19.53,1,Medium,Clear,56
34.71,3,Low,Clear,73
10.02,10,Medium,Clear,44
28.03,3,Medium,Rainy,124
11.28,4,Medium,Rainy,61
8.86,6,Low,Clear,31
5.82,1,Low,Clear,15
29.41,2,Low,Rainy,101
47.54,10,Medium,Clear,139
6.99,3,Low,Clear,19
25.61,5,Low,Clear,68
34.67,7,High,Rainy,278
25.3,1,Medium,Rainy,108
45.68,2,High,Clear,214
9.15,4,High,Clear,62
2.18,10,Medium,Clear,16
19.77,1,Medium,Clear,66
28.22,1,Medium,Clear,74
13.47,9,Medium,Clear,49
9.25,6,Medium,Clear,36
40.44,2,Medium,Clear,120
10.24,10,Medium,Clear,51
22.69,7,High,Clear,126
47.77,10,Medium,Rainy,216
31.02,6,Medium,Rainy,139
25.39,6,Medium,Rainy,127
18.65,8,Medium,Clear,62
26.5,10,Low,Clear,68
36.98,3,High,Clear,178
41.3,10,Medium,Clear,132
32.84,2,Medium,Clear,94
39.73,9,Low,Clear,87
5.33,5,Medium,Clear,23
1.7,6,Medium,Clear,14
36.99,7,High,Clear,181
13.82,2,High,Clear,76
44.01,6,Medium,Rainy,197
27.26,1,Low,Clear,59
24.45,9,Medium,Rainy,120
38.87,6,Low,Clear,84
37.31,7,Medium,Clear,116
35.51,5,Medium,Clear,108
34.81,2,Medium,Clear,99
26.25,4,Medium,Clear,80
46.4,5,Medium,Rainy,194
44.64,10,Low,Rainy,155
17.14,2,Low,Clear,42
40.43,9,Medium,Clear,124
44.66,2,Medium,Clear,124
31.29,2,Medium,Clear,91
28.22,2,High,Clear,143
33.92,2,Medium,Rainy,146
8.99,5,Low,Rainy,40
5.28,7,Low,Clear,26
41.19,1,Medium,Rainy,178
29.09,9,High,Clear,158
7.0,6,Low,Clear,26
21.4,1,Low,Clear,50
15.61,1,Medium,Clear,45
43.9,9,Low,Clear,104
25.85,9,Medium,Clear,80
29.3,1,Low,Rainy,94
12.53,1,Low,Clear,30
40.15,5,High,Rainy,302
46.57,5,Medium,Clear,137
39.83,7,Low,Rainy,137
25.15,4,Medium,Rainy,121
41.92,10,Low,Clear,95
10.21,1,Medium,Clear,34
6.56,6,High,Clear,56
22.47,10,Medium,Clear,75
9.9,3,Medium,Rainy,56
13.7,7,Medium,Rainy,80
29.67,1,Low,Clear,59
20.79,4,Medium,Clear,61
43.43,10,Medium,Clear,132
12.06,9,Low,Clear,29
49.84,10,Medium,Clear,146
18.61,6,Medium,Rainy,96
26.25,2,Low,Clear,63
7.48,6,Medium,Clear,35
29.39,9,Low,Clear,66
48.1,1,Medium,Clear,129
37.72,5,Medium,Rainy,165
12.96,8,High,Clear,86
22.69,7,Medium,Rainy,114
21.85,10,Low,Clear,61
5.8,2,Low,Clear,21
44.41,8,Low,Clear,106
19.69,9,Medium,Clear,69
25.22,10,High,Rainy,214
15.27,8,Medium,Rainy,83
8.47,6,High,Clear,58
45.2,9,Medium,Clear,142
2.83,8,Medium,Rainy,38
20.59,4,High,Rainy,163
36.8,6,Low,Clear,80
16.13,5,Low,Clear,43
22.86,10,High,Clear,136
28.66,9,Medium,Rainy,141
49.76,4,Medium,Clear,144
38.16,1,Medium,Clear,108
48.39,9,Medium,Rainy,219
34.96,9,Medium,Clear,109
14.18,7,Medium,Clear,54
15.09,5,Low,Clear,38
41.3,7,Low,Clear,92
21.96,9,Medium,Clear,69
19.14,3,Medium,Clear,59
47.31,5,Medium,Clear,135
1.65,3,High,Clear,21
26.72,8,Low,Clear,68
38.98,1,Medium,Rainy,164
37.07,4,Medium,Clear,113
19.01,7,Low,Clear,52
27.25,9,Low,Rainy,99
1.27,10,High,Clear,45
27.21,2,Low,Rainy,90
29.93,9,Low,Clear,70
43.86,6,High,Rainy,333
11.33,7,Medium,Clear,47
41.43,4,Medium,Rainy,177
36.19,5,Low,Clear,86
33.64,1,Medium,Rainy,146
20.33,4,Medium,Clear,70
19.0,8,Medium,Clear,62
35.46,6,High,Clear,178
49.52,7,Medium,Clear,143
20.86,1,Medium,Clear,66
46.01,7,Medium,Clear,132
29.74,6,Low,Clear,63
43.54,4,Medium,Clear,116
11.64,2,Medium,Clear,37
38.35,2,Medium,Clear,111
41.91,7,Low,Clear,96
41.78,3,High,Clear,203
39.45,2,Medium,Clear,113
15.91,10,Medium,Rainy,88
26.58,3,Low,Rainy,91
15.69,10,Medium,Clear,64
17.81,2,Medium,Clear,56
15.76,3,High,Clear,84
14.93,5,Low,Rainy,59
34.98,10,Medium,Clear,107
32.86,10,High,Clear,180
11.01,10,High,Clear,83
34.88,5,Medium,Rainy,159
15.26,7,Medium,Clear,55
10.88,10,High,Clear,73
37.62,3,Low,Clear,87
18.78,3,High,Rainy,149
28.9,7,High,Clear,155
10.81,6,High,Clear,71
31.07,6,High,Rainy,241
11.19,4,Medium,Clear,41
9.18,4,Low,Clear,20
19.94,2,Low,Clear,45
39.71,6,Medium,Clear,119
9.65,10,Medium,Clear,45
6.73,3,Medium,Clear,26
2.55,6,High,Rainy,51
21.38,3,Low,Rainy,75
14.82,3,Medium,Clear,48
15.31,1,Medium,Rainy,77
49.12,5,Medium,Rainy,209
10.51,2,Medium,Rainy,63
23.46,10,Low,Rainy,93
49.33,2,Medium,Clear,142
2.5,9,Medium,Clear,28
35.14,2,High,Clear,171
19.18,2,Medium,Clear,60
45.4,6,Medium,Clear,136
45.69,10,Medium,Rainy,213
19.97,1,Medium,Rainy,87
11.85,8,Medium,Clear,44
21.97,1,High,Clear,109
48.3,9,High,Rainy,364
14.79,4,Medium,Clear,53
49.08,3,High,Clear,234
41.15,7,High,Clear,207
14.11,8,Medium,Clear,49
39.76,5,Low,Clear,93
3.44,3,Medium,Clear,22
27.86,4,Medium,Rainy,124
18.51,10,High,Clear,113
21.92,6,Low,Rainy,85
24.17,5,High,Rainy,193
25.63,4,Medium,Clear,76
33.16,3,Medium,Clear,102
35.14,6,High,Clear,174
48.81,7,High,Clear,244
38.38,2,Medium,Clear,119
34.7,6,Low,Clear,73
20.23,3,Medium,Clear,58
6.77,10,Low,Clear,35
3.88,8,Medium,Clear,27
24.41,2,Medium,Clear,73
33.74,5,Medium,Clear,103
32.86,8,Low,Clear,73
47.69,9,Medium,Clear,146
19.74,7,Medium,Rainy,96
31.76,9,High,Rainy,259
44.51,9,Medium,Clear,126
20.8,8,Medium,Clear,73
24.41,7,Low,Clear,62
46.23,6,Medium,Clear,136
27.96,3,Low,Clear,70
40.18,8,High,Rainy,307
46.85,3,High,Clear,231
28.98,9,Medium,Clear,88
6.35,9,Medium,Clear,43
41.26,10,Medium,Clear,124
41.07,10,Low,Clear,100
6.63,9,Low,Clear,30
27.86,4,Medium,Rainy,125
24.87,9,Medium,Clear,87
42.51,2,Medium,Rainy,181
14.46,1,High,Clear,79
21.89,8,Medium,Clear,72
30.63,6,High,Clear,161
26.35,10,Low,Clear,65
47.8,9,Low,Rainy,163
48.07,9,Medium,Clear,139
5.0,3,High,Rainy,63
15.59,2,Low,Clear,38
1.37,7,Medium,Clear,15
21.48,5,Low,Clear,57
33.44,10,Medium,Clear,98
24.09,6,Low,Rainy,86
4.29,5,Medium,Clear,23
10.6,4,High,Clear,64
9.49,1,Low,Clear,29
26.05,4,High,Rainy,206
34.21,10,Medium,Clear,111
16.5,3,Medium,Rainy,75
7.39,3,Low,Clear,21
40.13,5,Medium,Rainy,177
43.06,1,High,Rainy,307
14.55,6,Medium,Clear,51
21.62,2,Medium,Rainy,99
5.01,1,Low,Clear,19
12.16,8,Low,Rainy,60
38.58,10,Low,Clear,94
18.89,3,Low,Clear,44
30.63,6,Medium,Clear,93
47.36,2,Low,Rainy,151
36.46,5,Medium,Clear,111
23.22,9,Medium,Rainy,117
18.98,7,Low,Rainy,83
10.34,4,Medium,Clear,38
38.05,3,High,Clear,181
6.51,9,Low,Clear,38
4.01,4,Low,Clear,21
6.14,5,Medium,Rainy,39
12.9,6,Medium,Clear,44
31.73,10,Medium,Rainy,161
43.21,5,Medium,Clear,122
49.64,9,Medium,Clear,147
36.84,1,Medium,Clear,106
8.15,6,Medium,Clear,40
14.61,4,High,Rainy,134
7.47,4,Medium,Rainy,50
6.66,3,Low,Rainy,39
28.82,5,Medium,Rainy,136
45.43,8,Medium,Clear,140
34.53,4,High,Rainy,260
40.23,7,Medium,Clear,118
25.9,8,High,Clear,150
24.29,5,High,Clear,128
46.94,10,Medium,Rainy,216
36.38,1,Medium,Clear,95
23.51,8,Medium,Clear,81
17.3,10,Medium,Clear,70
5.56,3,Medium,Rainy,33
41.23,4,Low,Clear,93
9.3,10,Medium,Clear,37
26.24,7,High,Clear,142
32.23,9,Low,Clear,83
37.46,4,Low,Clear,82
5.08,4,Medium,Clear,27
1.52,6,Low,Clear,16
35.59,9,High,Clear,185
23.27,4,Medium,Clear,70
9.88,10,Low,Clear,37
49.12,8,Medium,Rainy,220
39.78,3,Medium,Rainy,165
29.35,2,Medium,Clear,95
35.4,4,Medium,Clear,102
8.6,4,Low,Clear,29
48.15,7,Medium,Clear,143
49.82,7,Low,Clear,112
32.77,9,Medium,Rainy,153
33.75,10,Medium,Clear,105
35.52,2,Medium,Rainy,151
33.62,4,Medium,Clear,97
22.49,3,Low,Clear,46
27.49,3,Medium,Clear,85
14.85,7,Low,Clear,39
22.9,10,Low,Clear,72
22.37,6,Low,Clear,58
15.12,3,High,Clear,84
39.55,8,High,Clear,205
21.07,8,Medium,Clear,67
28.03,7,Medium,Rainy,141
8.65,9,High,Clear,68
24.27,3,Medium,Rainy,116
38.31,5,Medium,Clear,115
22.78,6,Medium,Rainy,118
28.33,9,Low,Clear,72
