Date,ProductId,SalesQuantity,Price,Promotion,DayOfWeek,Season
2023-01-01,2,23,231.26,No,Sunday,Winter
2023-01-01,7,31,17.53,No,Sunday,Winter
2023-01-01,14,25,99.5,No,Sunday,Winter
2023-01-01,15,43,377.76,No,Sunday,Winter
2023-01-01,17,18,357.85,No,Sunday,Winter
2023-01-01,23,41,319.08,No,Sunday,Winter
2023-01-01,24,43,297.91,No,Sunday,Winter
2023-01-01,26,36,246.4,No,Sunday,Winter
2023-01-01,28,29,241.51,No,Sunday,Winter
2023-01-01,32,54,87.33,Yes,Sunday,Winter
2023-01-01,35,72,295.31,Yes,Sunday,Winter
2023-01-01,37,34,109.21,No,Sunday,Winter
2023-01-01,39,23,256.18,No,Sunday,Winter
2023-01-01,43,38,51.67,No,Sunday,Winter
2023-01-01,49,23,176.08,No,Sunday,Winter
2023-01-01,49,61,143.86,Yes,Sunday,Winter
2023-01-01,49,29,176.08,No,Sunday,Winter
2023-01-02,2,43,200.88,Yes,Monday,Winter
2023-01-02,2,17,231.26,No,Monday,Winter
2023-01-02,12,18,85.5,No,Monday,Winter
2023-01-02,14,18,99.5,No,Monday,Winter
2023-01-02,17,16,357.85,No,Monday,Winter
2023-01-02,20,48,303.91,Yes,Monday,Winter
2023-01-02,22,31,399.69,No,Monday,Winter
2023-01-02,37,53,78.34,Yes,Monday,Winter
2023-01-02,42,19,363.99,No,Monday,Winter
2023-01-03,1,24,268.05,No,Tuesday,Winter
2023-01-03,1,25,268.05,No,Tuesday,Winter
2023-01-03,7,50,14.58,Yes,Tuesday,Winter
2023-01-03,16,28,176.15,No,Tuesday,Winter
2023-01-03,17,26,357.85,No,Tuesday,Winter
2023-01-03,24,29,297.91,No,Tuesday,Winter
2023-01-03,25,22,183.24,No,Tuesday,Winter
2023-01-03,29,25,352.17,No,Tuesday,Winter
2023-01-03,34,65,135.56,Yes,Tuesday,Winter
2023-01-03,46,25,360.9,No,Tuesday,Winter
2023-01-04,5,55,376.56,Yes,Wednesday,Winter
2023-01-04,12,24,85.5,No,Wednesday,Winter
2023-01-04,14,20,99.5,No,Wednesday,Winter
2023-01-04,21,58,95.33,Yes,Wednesday,Winter
2023-01-04,34,26,157.47,No,Wednesday,Winter
2023-01-04,36,18,399.14,No,Wednesday,Winter
2023-01-04,47,35,178.77,No,Wednesday,Winter
2023-01-04,49,48,137.42,Yes,Wednesday,Winter
2023-01-05,6,23,231.03,No,Thursday,Winter
2023-01-05,8,25,218.96,No,Thursday,Winter
2023-01-05,8,26,218.96,No,Thursday,Winter
2023-01-05,14,55,74.62,Yes,Thursday,Winter
2023-01-05,17,34,260.28,Yes,Thursday,Winter
2023-01-05,23,30,319.08,No,Thursday,Winter
2023-01-05,23,17,319.08,No,Thursday,Winter
2023-01-05,29,24,352.17,No,Thursday,Winter
2023-01-05,36,24,399.14,No,Thursday,Winter
2023-01-05,44,48,95.4,Yes,Thursday,Winter
2023-01-06,5,14,435.2,No,Friday,Winter
2023-01-06,6,14,231.03,No,Friday,Winter
2023-01-06,27,22,302.7,No,Friday,Winter
2023-01-06,29,26,352.17,No,Friday,Winter
2023-01-06,34,43,137.6,Yes,Friday,Winter
2023-01-06,42,26,363.99,No,Friday,Winter
2023-01-06,44,32,117.8,No,Friday,Winter
2023-01-07,5,31,435.2,No,Saturday,Winter
2023-01-07,7,40,17.53,No,Saturday,Winter
2023-01-07,23,36,319.08,No,Saturday,Winter
2023-01-07,26,83,202.43,Yes,Saturday,Winter
2023-01-07,27,94,266.36,Yes,Saturday,Winter
2023-01-07,31,36,109.11,No,Saturday,Winter
2023-01-07,32,47,114.83,No,Saturday,Winter
2023-01-07,37,41,109.21,No,Saturday,Winter
2023-01-07,38,38,479.93,No,Saturday,Winter
2023-01-07,42,40,363.99,No,Saturday,Winter
2023-01-07,43,31,51.67,No,Saturday,Winter
2023-01-07,50,65,338.66,Yes,Saturday,Winter
2023-01-08,7,29,17.53,No,Sunday,Winter
2023-01-08,14,34,99.5,No,Sunday,Winter
2023-01-08,15,45,377.76,No,Sunday,Winter
2023-01-08,16,40,176.15,No,Sunday,Winter
2023-01-08,16,36,176.15,No,Sunday,Winter
2023-01-08,19,61,179.77,Yes,Sunday,Winter
2023-01-08,21,32,121.17,No,Sunday,Winter
2023-01-08,24,36,297.91,No,Sunday,Winter
2023-01-08,25,41,183.24,No,Sunday,Winter
2023-01-08,38,45,479.93,No,Sunday,Winter
2023-01-08,40,27,459.32,No,Sunday,Winter
2023-01-08,45,36,14.32,No,Sunday,Winter
2023-01-08,45,38,14.32,No,Sunday,Winter
2023-01-09,4,22,439.81,No,Monday,Winter
2023-01-09,8,31,187.79,Yes,Monday,Winter
2023-01-09,13,23,326.8,No,Monday,Winter
2023-01-09,18,31,33.45,No,Monday,Winter
2023-01-09,21,26,121.17,No,Monday,Winter
2023-01-09,44,25,117.8,No,Monday,Winter
2023-01-10,3,20,294.01,No,Tuesday,Winter
2023-01-10,4,24,439.81,No,Tuesday,Winter
2023-01-10,6,23,231.03,No,Tuesday,Winter
2023-01-10,11,26,329.15,No,Tuesday,Winter
2023-01-10,16,41,139.13,Yes,Tuesday,Winter
2023-01-10,19,23,209.85,No,Tuesday,Winter
2023-01-10,24,22,297.91,No,Tuesday,Winter
2023-01-10,27,36,263.64,Yes,Tuesday,Winter
2023-01-10,33,22,12.84,No,Tuesday,Winter
2023-01-10,34,48,131.2,Yes,Tuesday,Winter
2023-01-10,34,46,127.1,Yes,Tuesday,Winter
2023-01-10,38,8,479.93,No,Tuesday,Winter
2023-01-10,39,29,256.18,No,Tuesday,Winter
2023-01-10,40,19,459.32,No,Tuesday,Winter
2023-01-11,8,43,183.5,Yes,Wednesday,Winter
2023-01-11,14,29,99.5,No,Wednesday,Winter
2023-01-11,16,25,176.15,No,Wednesday,Winter
2023-01-11,17,20,357.85,No,Wednesday,Winter
2023-01-11,18,24,33.45,No,Wednesday,Winter
2023-01-11,34,60,120.13,Yes,Wednesday,Winter
2023-01-11,49,41,150.52,Yes,Wednesday,Winter
2023-01-12,6,22,231.03,No,Thursday,Winter
2023-01-12,10,28,283.3,No,Thursday,Winter
2023-01-12,10,14,283.3,No,Thursday,Winter
2023-01-12,11,23,329.15,No,Thursday,Winter
2023-01-12,11,16,329.15,No,Thursday,Winter
2023-01-12,17,36,357.85,No,Thursday,Winter
2023-01-12,20,55,308.01,Yes,Thursday,Winter
2023-01-12,21,28,121.17,No,Thursday,Winter
2023-01-12,23,41,226.04,Yes,Thursday,Winter
2023-01-12,24,17,297.91,No,Thursday,Winter
2023-01-12,24,34,257.78,Yes,Thursday,Winter
2023-01-12,25,24,183.24,No,Thursday,Winter
2023-01-12,27,48,245.27,Yes,Thursday,Winter
2023-01-12,32,32,114.83,No,Thursday,Winter
2023-01-12,34,24,157.47,No,Thursday,Winter
2023-01-12,38,26,479.93,No,Thursday,Winter
2023-01-12,45,29,14.32,No,Thursday,Winter
2023-01-12,47,26,178.77,No,Thursday,Winter
2023-01-13,3,34,294.01,No,Friday,Winter
2023-01-13,12,19,85.5,No,Friday,Winter
2023-01-13,29,22,352.17,No,Friday,Winter
2023-01-13,31,34,77.32,Yes,Friday,Winter
2023-01-13,32,19,114.83,No,Friday,Winter
2023-01-13,34,48,131.0,Yes,Friday,Winter
2023-01-13,38,55,400.54,Yes,Friday,Winter
2023-01-13,40,18,459.32,No,Friday,Winter
2023-01-13,41,50,319.46,Yes,Friday,Winter
2023-01-13,43,46,44.86,Yes,Friday,Winter
2023-01-13,43,25,51.67,No,Friday,Winter
2023-01-13,43,22,51.67,No,Friday,Winter
2023-01-13,44,58,92.92,Yes,Friday,Winter
2023-01-13,44,24,117.8,No,Friday,Winter
2023-01-13,47,26,178.77,No,Friday,Winter
2023-01-13,50,10,411.47,No,Friday,Winter
2023-01-14,15,45,377.76,No,Saturday,Winter
2023-01-14,17,79,261.68,Yes,Saturday,Winter
2023-01-14,19,32,209.85,No,Saturday,Winter
2023-01-14,24,14,297.91,No,Saturday,Winter
2023-01-14,26,38,246.4,No,Saturday,Winter
2023-01-14,27,32,302.7,No,Saturday,Winter
2023-01-14,30,36,160.06,Yes,Saturday,Winter
2023-01-14,30,43,222.51,No,Saturday,Winter
2023-01-14,45,31,14.32,No,Saturday,Winter
2023-01-14,48,34,395.46,No,Saturday,Winter
2023-01-14,49,31,176.08,No,Saturday,Winter
2023-01-15,10,29,283.3,No,Sunday,Winter
2023-01-15,10,47,283.3,No,Sunday,Winter
2023-01-15,11,56,329.15,No,Sunday,Winter
2023-01-15,22,32,399.69,No,Sunday,Winter
2023-01-15,22,34,399.69,No,Sunday,Winter
2023-01-15,25,90,133.96,Yes,Sunday,Winter
2023-01-15,29,34,352.17,No,Sunday,Winter
2023-01-15,35,54,376.97,No,Sunday,Winter
2023-01-15,40,32,459.32,No,Sunday,Winter
2023-01-16,7,32,17.53,No,Monday,Winter
2023-01-16,8,34,192.81,Yes,Monday,Winter
2023-01-16,8,14,218.96,No,Monday,Winter
2023-01-16,12,46,76.91,Yes,Monday,Winter
2023-01-16,15,31,377.76,No,Monday,Winter
2023-01-16,20,14,355.47,No,Monday,Winter
2023-01-16,24,41,246.41,Yes,Monday,Winter
2023-01-16,29,23,352.17,No,Monday,Winter
2023-01-16,39,19,256.18,No,Monday,Winter
2023-01-16,44,23,117.8,No,Monday,Winter
2023-01-17,6,48,166.51,Yes,Tuesday,Winter
2023-01-17,8,28,218.96,No,Tuesday,Winter
2023-01-17,11,26,329.15,No,Tuesday,Winter
2023-01-17,13,19,326.8,No,Tuesday,Winter
2023-01-17,14,16,99.5,No,Tuesday,Winter
2023-01-17,14,30,99.5,No,Tuesday,Winter
2023-01-17,23,28,319.08,No,Tuesday,Winter
2023-01-17,24,18,297.91,No,Tuesday,Winter
2023-01-17,26,17,246.4,No,Tuesday,Winter
2023-01-17,34,17,157.47,No,Tuesday,Winter
2023-01-17,36,20,399.14,No,Tuesday,Winter
2023-01-17,40,17,459.32,No,Tuesday,Winter
2023-01-17,42,58,292.91,Yes,Tuesday,Winter
2023-01-17,45,53,12.77,Yes,Tuesday,Winter
2023-01-17,50,22,411.47,No,Tuesday,Winter
2023-01-18,12,26,85.5,No,Wednesday,Winter
2023-01-18,15,53,303.1,Yes,Wednesday,Winter
2023-01-18,15,17,377.76,No,Wednesday,Winter
2023-01-18,17,22,357.85,No,Wednesday,Winter
2023-01-18,28,31,241.51,No,Wednesday,Winter
2023-01-18,47,26,178.77,No,Wednesday,Winter
2023-01-18,48,24,395.46,No,Wednesday,Winter
2023-01-19,1,24,268.05,No,Thursday,Winter
2023-01-19,1,35,268.05,No,Thursday,Winter
2023-01-19,5,19,435.2,No,Thursday,Winter
2023-01-19,7,35,17.53,No,Thursday,Winter
2023-01-19,8,29,218.96,No,Thursday,Winter
2023-01-19,8,26,218.96,No,Thursday,Winter
2023-01-19,8,26,218.96,No,Thursday,Winter
2023-01-19,13,18,326.8,No,Thursday,Winter
2023-01-19,15,41,277.59,Yes,Thursday,Winter
2023-01-19,20,23,355.47,No,Thursday,Winter
2023-01-19,22,23,399.69,No,Thursday,Winter
2023-01-19,24,48,266.73,Yes,Thursday,Winter
2023-01-19,28,62,176.55,Yes,Thursday,Winter
2023-01-19,29,25,352.17,No,Thursday,Winter
2023-01-19,34,25,157.47,No,Thursday,Winter
2023-01-19,35,31,376.97,No,Thursday,Winter
2023-01-19,41,20,356.31,No,Thursday,Winter
2023-01-19,47,35,178.77,No,Thursday,Winter
2023-01-20,23,43,279.74,Yes,Friday,Winter
2023-01-20,24,13,297.91,No,Friday,Winter
2023-01-20,31,46,83.32,Yes,Friday,Winter
2023-01-20,33,30,12.84,No,Friday,Winter
2023-01-20,36,24,399.14,No,Friday,Winter
2023-01-20,38,22,479.93,No,Friday,Winter
2023-01-20,41,30,356.31,No,Friday,Winter
2023-01-20,42,17,363.99,No,Friday,Winter
2023-01-20,46,24,360.9,No,Friday,Winter
2023-01-20,48,28,395.46,No,Friday,Winter
2023-01-21,1,31,268.05,No,Saturday,Winter
2023-01-21,2,40,231.26,No,Saturday,Winter
2023-01-21,4,36,439.81,No,Saturday,Winter
2023-01-21,6,49,231.03,No,Saturday,Winter
2023-01-21,19,86,173.5,Yes,Saturday,Winter
2023-01-21,22,32,399.69,No,Saturday,Winter
2023-01-21,23,36,319.08,No,Saturday,Winter
2023-01-21,25,34,183.24,No,Saturday,Winter
2023-01-21,29,40,352.17,No,Saturday,Winter
2023-01-21,46,25,360.9,No,Saturday,Winter
2023-01-21,48,79,354.17,Yes,Saturday,Winter
2023-01-21,49,25,176.08,No,Saturday,Winter
2023-01-22,3,43,294.01,No,Sunday,Winter
2023-01-22,6,40,231.03,No,Sunday,Winter
2023-01-22,7,23,17.53,No,Sunday,Winter
2023-01-22,13,32,326.8,No,Sunday,Winter
2023-01-22,13,36,326.8,No,Sunday,Winter
2023-01-22,17,50,357.85,No,Sunday,Winter
2023-01-22,19,68,165.45,Yes,Sunday,Winter
2023-01-22,21,68,97.89,Yes,Sunday,Winter
2023-01-22,22,34,399.69,No,Sunday,Winter
2023-01-22,23,65,267.04,Yes,Sunday,Winter
2023-01-22,28,47,241.51,No,Sunday,Winter
2023-01-22,32,68,86.21,Yes,Sunday,Winter
2023-01-22,41,38,356.31,No,Sunday,Winter
2023-01-22,44,31,117.8,No,Sunday,Winter
2023-01-22,47,31,178.77,No,Sunday,Winter
2023-01-23,1,20,268.05,No,Monday,Winter
2023-01-23,2,25,231.26,No,Monday,Winter
2023-01-23,3,28,294.01,No,Monday,Winter
2023-01-23,15,50,282.14,Yes,Monday,Winter
2023-01-23,17,22,357.85,No,Monday,Winter
2023-01-23,27,18,302.7,No,Monday,Winter
2023-01-23,36,24,399.14,No,Monday,Winter
2023-01-23,50,25,411.47,No,Monday,Winter
2023-01-24,9,34,219.69,Yes,Tuesday,Winter
2023-01-24,13,20,326.8,No,Tuesday,Winter
2023-01-25,3,23,294.01,No,Wednesday,Winter
2023-01-25,9,28,307.03,No,Wednesday,Winter
2023-01-25,13,20,326.8,No,Wednesday,Winter
2023-01-25,15,22,377.76,No,Wednesday,Winter
2023-01-25,22,48,282.47,Yes,Wednesday,Winter
2023-01-25,22,20,399.69,No,Wednesday,Winter
2023-01-25,23,34,227.94,Yes,Wednesday,Winter
2023-01-25,24,22,297.91,No,Wednesday,Winter
2023-01-25,24,32,297.91,No,Wednesday,Winter
2023-01-25,25,25,183.24,No,Wednesday,Winter
2023-01-25,26,50,195.14,Yes,Wednesday,Winter
2023-01-25,26,25,246.4,No,Wednesday,Winter
2023-01-25,32,28,114.83,No,Wednesday,Winter
2023-01-25,40,29,459.32,No,Wednesday,Winter
2023-01-25,41,46,262.19,Yes,Wednesday,Winter
2023-01-25,42,28,363.99,No,Wednesday,Winter
2023-01-25,45,26,14.32,No,Wednesday,Winter
2023-01-26,1,28,268.05,No,Thursday,Winter
2023-01-26,2,50,173.1,Yes,Thursday,Winter
2023-01-26,10,23,283.3,No,Thursday,Winter
2023-01-26,13,36,254.48,Yes,Thursday,Winter
2023-01-26,16,62,145.51,Yes,Thursday,Winter
2023-01-26,23,24,319.08,No,Thursday,Winter
2023-01-26,25,28,183.24,No,Thursday,Winter
2023-01-26,27,20,302.7,No,Thursday,Winter
2023-01-26,28,38,193.68,Yes,Thursday,Winter
2023-01-26,42,28,363.99,No,Thursday,Winter
2023-01-27,9,50,215.49,Yes,Friday,Winter
2023-01-27,12,20,85.5,No,Friday,Winter
2023-01-27,24,43,233.56,Yes,Friday,Winter
2023-01-27,26,26,246.4,No,Friday,Winter
2023-01-27,27,62,212.24,Yes,Friday,Winter
2023-01-27,40,16,459.32,No,Friday,Winter
2023-01-27,42,29,363.99,No,Friday,Winter
2023-01-27,43,20,51.67,No,Friday,Winter
2023-01-27,47,55,146.16,Yes,Friday,Winter
2023-01-28,4,45,439.81,No,Saturday,Winter
2023-01-28,6,40,231.03,No,Saturday,Winter
2023-01-28,7,36,17.53,No,Saturday,Winter
2023-01-28,15,36,377.76,No,Saturday,Winter
2023-01-28,17,36,357.85,No,Saturday,Winter
2023-01-28,17,34,357.85,No,Saturday,Winter
2023-01-28,18,76,26.47,Yes,Saturday,Winter
2023-01-28,30,36,222.51,No,Saturday,Winter
2023-01-28,41,36,356.31,No,Saturday,Winter
2023-01-28,48,49,395.46,No,Saturday,Winter
2023-01-29,2,83,177.79,Yes,Sunday,Winter
2023-01-29,12,36,85.5,No,Sunday,Winter
2023-01-29,19,36,209.85,No,Sunday,Winter
2023-01-29,19,83,176.48,Yes,Sunday,Winter
2023-01-29,22,54,399.69,No,Sunday,Winter
2023-01-29,24,43,297.91,No,Sunday,Winter
2023-01-29,31,45,109.11,No,Sunday,Winter
2023-01-29,37,58,83.61,Yes,Sunday,Winter
2023-01-29,37,45,109.21,No,Sunday,Winter
2023-01-29,44,36,92.39,Yes,Sunday,Winter
2023-01-29,47,34,178.77,No,Sunday,Winter
2023-01-29,48,25,395.46,No,Sunday,Winter
2023-01-30,9,31,307.03,No,Monday,Winter
2023-01-30,15,43,335.57,Yes,Monday,Winter
2023-01-30,24,24,297.91,No,Monday,Winter
2023-01-30,27,23,302.7,No,Monday,Winter
2023-01-30,29,23,352.17,No,Monday,Winter
2023-01-30,35,23,376.97,No,Monday,Winter
2023-01-30,36,28,399.14,No,Monday,Winter
2023-01-30,48,36,395.46,No,Monday,Winter
2023-01-31,12,36,85.5,No,Tuesday,Winter
2023-01-31,17,19,357.85,No,Tuesday,Winter
2023-01-31,22,55,318.89,Yes,Tuesday,Winter
2023-01-31,23,28,319.08,No,Tuesday,Winter
2023-01-31,27,46,223.54,Yes,Tuesday,Winter
2023-01-31,42,20,363.99,No,Tuesday,Winter
2023-01-31,49,53,128.17,Yes,Tuesday,Winter
2023-02-01,7,41,15.04,Yes,Wednesday,Winter
2023-02-01,10,19,283.3,No,Wednesday,Winter
2023-02-01,19,38,174.4,Yes,Wednesday,Winter
2023-02-01,33,43,9.96,Yes,Wednesday,Winter
2023-02-01,37,29,109.21,No,Wednesday,Winter
2023-02-01,38,13,479.93,No,Wednesday,Winter
2023-02-02,7,35,17.53,No,Thursday,Winter
2023-02-02,10,46,253.8,Yes,Thursday,Winter
2023-02-02,11,29,329.15,No,Thursday,Winter
2023-02-02,12,29,85.5,No,Thursday,Winter
2023-02-02,17,13,357.85,No,Thursday,Winter
2023-02-02,17,25,357.85,No,Thursday,Winter
2023-02-03,22,20,399.69,No,Friday,Winter
2023-02-03,42,23,363.99,No,Friday,Winter
2023-02-03,48,13,395.46,No,Friday,Winter
2023-02-03,49,16,176.08,No,Friday,Winter
2023-02-04,9,29,307.03,No,Saturday,Winter
2023-02-04,17,65,317.18,Yes,Saturday,Winter
2023-02-04,18,38,33.45,No,Saturday,Winter
2023-02-04,21,86,93.48,Yes,Saturday,Winter
2023-02-04,26,49,246.4,No,Saturday,Winter
2023-02-04,28,79,208.9,Yes,Saturday,Winter
2023-02-04,32,32,114.83,No,Saturday,Winter
2023-02-04,33,45,12.84,No,Saturday,Winter
2023-02-04,35,31,376.97,No,Saturday,Winter
2023-02-04,46,38,360.9,No,Saturday,Winter
2023-02-04,47,29,178.77,No,Saturday,Winter
2023-02-05,5,40,435.2,No,Sunday,Winter
2023-02-05,11,58,284.27,Yes,Sunday,Winter
2023-02-05,13,45,326.8,No,Sunday,Winter
2023-02-05,22,31,399.69,No,Sunday,Winter
2023-02-05,22,32,399.69,No,Sunday,Winter
2023-02-05,23,36,319.08,No,Sunday,Winter
2023-02-06,5,26,375.79,Yes,Monday,Winter
2023-02-06,11,25,329.15,No,Monday,Winter
2023-02-06,13,22,233.11,Yes,Monday,Winter
2023-02-06,13,25,326.8,No,Monday,Winter
2023-02-06,28,25,241.51,No,Monday,Winter
2023-02-06,40,22,459.32,No,Monday,Winter
2023-02-06,50,19,411.47,No,Monday,Winter
2023-02-07,15,20,377.76,No,Tuesday,Winter
2023-02-07,17,20,357.85,No,Tuesday,Winter
2023-02-07,25,26,183.24,No,Tuesday,Winter
2023-02-07,39,19,256.18,No,Tuesday,Winter
2023-02-07,40,28,459.32,No,Tuesday,Winter
2023-02-07,44,29,117.8,No,Tuesday,Winter
2023-02-07,46,23,360.9,No,Tuesday,Winter
2023-02-08,3,48,236.72,Yes,Wednesday,Winter
2023-02-08,7,24,17.53,No,Wednesday,Winter
2023-02-08,7,22,17.53,No,Wednesday,Winter
2023-02-08,8,50,156.19,Yes,Wednesday,Winter
2023-02-08,12,14,85.5,No,Wednesday,Winter
2023-02-08,13,25,326.8,No,Wednesday,Winter
2023-02-08,14,25,99.5,No,Wednesday,Winter
2023-02-08,15,26,377.76,No,Wednesday,Winter
2023-02-08,16,22,176.15,No,Wednesday,Winter
2023-02-08,16,30,176.15,No,Wednesday,Winter
2023-02-08,17,32,357.85,No,Wednesday,Winter
2023-02-08,19,46,171.89,Yes,Wednesday,Winter
2023-02-08,21,18,121.17,No,Wednesday,Winter
2023-02-08,24,23,297.91,No,Wednesday,Winter
2023-02-08,25,46,133.94,Yes,Wednesday,Winter
2023-02-08,30,22,222.51,No,Wednesday,Winter
2023-02-08,31,23,109.11,No,Wednesday,Winter
2023-02-08,33,34,12.84,No,Wednesday,Winter
2023-02-08,35,48,332.97,Yes,Wednesday,Winter
2023-02-08,40,22,459.32,No,Wednesday,Winter
2023-02-09,3,13,294.01,No,Thursday,Winter
2023-02-09,6,25,231.03,No,Thursday,Winter
2023-02-09,6,30,231.03,No,Thursday,Winter
2023-02-09,12,25,85.5,No,Thursday,Winter
2023-02-09,21,12,121.17,No,Thursday,Winter
2023-02-09,23,24,319.08,No,Thursday,Winter
2023-02-09,25,24,183.24,No,Thursday,Winter
2023-02-09,25,30,183.24,No,Thursday,Winter
2023-02-09,28,20,241.51,No,Thursday,Winter
2023-02-09,29,26,352.17,No,Thursday,Winter
2023-02-09,31,26,109.11,No,Thursday,Winter
2023-02-09,39,19,256.18,No,Thursday,Winter
2023-02-10,24,25,297.91,No,Friday,Winter
2023-02-10,27,25,302.7,No,Friday,Winter
2023-02-10,31,24,109.11,No,Friday,Winter
2023-02-10,35,19,376.97,No,Friday,Winter
2023-02-10,35,38,336.88,Yes,Friday,Winter
2023-02-10,35,31,376.97,No,Friday,Winter
2023-02-10,38,20,479.93,No,Friday,Winter
2023-02-10,38,23,479.93,No,Friday,Winter
2023-02-10,42,58,298.29,Yes,Friday,Winter
2023-02-10,48,31,395.46,No,Friday,Winter
2023-02-10,50,38,361.33,Yes,Friday,Winter
2023-02-10,50,17,411.47,No,Friday,Winter
2023-02-11,1,31,268.05,No,Saturday,Winter
2023-02-11,7,36,17.53,No,Saturday,Winter
2023-02-11,7,22,17.53,No,Saturday,Winter
2023-02-11,9,79,239.0,Yes,Saturday,Winter
2023-02-11,16,43,176.15,No,Saturday,Winter
2023-02-11,17,36,357.85,No,Saturday,Winter
2023-02-11,22,27,399.69,No,Saturday,Winter
2023-02-11,23,58,233.18,Yes,Saturday,Winter
2023-02-11,38,31,479.93,No,Saturday,Winter
2023-02-11,39,52,256.18,No,Saturday,Winter
2023-02-11,45,40,14.32,No,Saturday,Winter
2023-02-11,45,32,14.32,No,Saturday,Winter
2023-02-12,2,41,231.26,No,Sunday,Winter
2023-02-12,2,50,231.26,No,Sunday,Winter
2023-02-12,3,29,294.01,No,Sunday,Winter
2023-02-12,7,40,17.53,No,Sunday,Winter
2023-02-12,12,83,66.38,Yes,Sunday,Winter
2023-02-12,20,43,355.47,No,Sunday,Winter
2023-02-12,21,31,121.17,No,Sunday,Winter
2023-02-12,23,83,269.36,Yes,Sunday,Winter
2023-02-12,28,36,241.51,No,Sunday,Winter
2023-02-12,30,34,222.51,No,Sunday,Winter
2023-02-12,31,54,109.11,No,Sunday,Winter
2023-02-12,36,36,399.14,No,Sunday,Winter
2023-02-12,46,41,360.9,No,Sunday,Winter
2023-02-13,11,19,329.15,No,Monday,Winter
2023-02-13,13,16,326.8,No,Monday,Winter
2023-02-13,15,30,377.76,No,Monday,Winter
2023-02-13,16,14,176.15,No,Monday,Winter
2023-02-13,18,20,33.45,No,Monday,Winter
2023-02-13,25,25,183.24,No,Monday,Winter
2023-02-13,37,26,109.21,No,Monday,Winter
2023-02-13,40,26,459.32,No,Monday,Winter
2023-02-13,41,20,356.31,No,Monday,Winter
2023-02-13,44,20,117.8,No,Monday,Winter
2023-02-13,49,22,176.08,No,Monday,Winter
2023-02-14,13,26,326.8,No,Tuesday,Winter
2023-02-14,16,29,176.15,No,Tuesday,Winter
2023-02-14,21,23,121.17,No,Tuesday,Winter
2023-02-14,21,30,121.17,No,Tuesday,Winter
2023-02-14,21,48,85.84,Yes,Tuesday,Winter
2023-02-14,27,25,302.7,No,Tuesday,Winter
2023-02-14,29,23,352.17,No,Tuesday,Winter
2023-02-14,33,34,11.08,Yes,Tuesday,Winter
2023-02-14,38,46,373.99,Yes,Tuesday,Winter
2023-02-15,1,72,209.53,Yes,Wednesday,Winter
2023-02-15,13,24,326.8,No,Wednesday,Winter
2023-02-15,16,17,176.15,No,Wednesday,Winter
2023-02-15,17,23,357.85,No,Wednesday,Winter
2023-02-15,18,14,33.45,No,Wednesday,Winter
2023-02-15,32,28,114.83,No,Wednesday,Winter
2023-02-15,36,25,399.14,No,Wednesday,Winter
2023-02-15,39,24,256.18,No,Wednesday,Winter
2023-02-16,6,24,231.03,No,Thursday,Winter
2023-02-16,7,31,17.53,No,Thursday,Winter
2023-02-16,10,31,232.82,Yes,Thursday,Winter
2023-02-16,13,23,326.8,No,Thursday,Winter
2023-02-16,18,38,24.47,Yes,Thursday,Winter
2023-02-16,21,25,121.17,No,Thursday,Winter
2023-02-16,22,23,399.69,No,Thursday,Winter
2023-02-16,25,20,183.24,No,Thursday,Winter
2023-02-16,27,23,302.7,No,Thursday,Winter
2023-02-16,31,25,109.11,No,Thursday,Winter
2023-02-16,37,23,109.21,No,Thursday,Winter
2023-02-16,37,23,109.21,No,Thursday,Winter
2023-02-16,41,22,356.31,No,Thursday,Winter
2023-02-16,43,20,51.67,No,Thursday,Winter
2023-02-17,3,26,294.01,No,Friday,Winter
2023-02-17,8,20,218.96,No,Friday,Winter
2023-02-17,12,25,85.5,No,Friday,Winter
2023-02-17,19,55,176.73,Yes,Friday,Winter
2023-02-17,26,16,246.4,No,Friday,Winter
2023-02-17,32,28,114.83,No,Friday,Winter
2023-02-17,36,25,399.14,No,Friday,Winter
2023-02-17,47,13,178.77,No,Friday,Winter
2023-02-18,2,58,177.25,Yes,Saturday,Winter
2023-02-18,6,20,231.03,No,Saturday,Winter
2023-02-18,8,65,160.78,Yes,Saturday,Winter
2023-02-18,11,31,329.15,No,Saturday,Winter
2023-02-18,11,47,231.67,Yes,Saturday,Winter
2023-02-18,14,18,99.5,No,Saturday,Winter
2023-02-18,19,43,209.85,No,Saturday,Winter
2023-02-18,26,38,246.4,No,Saturday,Winter
2023-02-18,27,38,302.7,No,Saturday,Winter
2023-02-18,31,29,109.11,No,Saturday,Winter
2023-02-18,35,29,376.97,No,Saturday,Winter
2023-02-18,36,27,399.14,No,Saturday,Winter
2023-02-18,47,50,178.77,No,Saturday,Winter
2023-02-18,49,41,176.08,No,Saturday,Winter
2023-02-19,16,54,125.42,Yes,Sunday,Winter
2023-02-19,19,38,209.85,No,Sunday,Winter
2023-02-19,23,68,239.21,Yes,Sunday,Winter
2023-02-19,27,52,302.7,No,Sunday,Winter
2023-02-19,30,34,222.51,No,Sunday,Winter
2023-02-19,39,38,256.18,No,Sunday,Winter
2023-02-19,40,41,459.32,No,Sunday,Winter
2023-02-19,41,34,356.31,No,Sunday,Winter
2023-02-19,45,23,14.32,No,Sunday,Winter
2023-02-20,12,18,85.5,No,Monday,Winter
2023-02-20,13,28,326.8,No,Monday,Winter
2023-02-20,14,19,99.5,No,Monday,Winter
2023-02-20,16,17,176.15,No,Monday,Winter
2023-02-20,26,24,246.4,No,Monday,Winter
2023-02-20,29,29,352.17,No,Monday,Winter
2023-02-20,32,48,84.65,Yes,Monday,Winter
2023-02-20,38,29,479.93,No,Monday,Winter
2023-02-20,39,36,190.26,Yes,Monday,Winter
2023-02-20,50,28,411.47,No,Monday,Winter
2023-02-21,18,20,33.45,No,Tuesday,Winter
2023-02-21,20,25,355.47,No,Tuesday,Winter
2023-02-21,21,26,121.17,No,Tuesday,Winter
2023-02-21,25,24,183.24,No,Tuesday,Winter
2023-02-21,47,48,156.46,Yes,Tuesday,Winter
2023-02-21,49,17,176.08,No,Tuesday,Winter
2023-02-22,9,24,307.03,No,Wednesday,Winter
2023-02-22,12,20,85.5,No,Wednesday,Winter
2023-02-22,15,22,377.76,No,Wednesday,Winter
2023-02-22,18,17,33.45,No,Wednesday,Winter
2023-02-22,33,25,12.84,No,Wednesday,Winter
2023-02-22,33,23,12.84,No,Wednesday,Winter
2023-02-22,36,25,399.14,No,Wednesday,Winter
2023-02-22,39,34,181.14,Yes,Wednesday,Winter
2023-02-22,42,58,274.32,Yes,Wednesday,Winter
2023-02-22,46,26,360.9,No,Wednesday,Winter
2023-02-22,47,31,160.66,Yes,Wednesday,Winter
2023-02-23,10,20,283.3,No,Thursday,Winter
2023-02-23,11,29,329.15,No,Thursday,Winter
2023-02-23,14,18,99.5,No,Thursday,Winter
2023-02-23,14,22,99.5,No,Thursday,Winter
2023-02-23,15,30,377.76,No,Thursday,Winter
2023-02-23,22,26,399.69,No,Thursday,Winter
2023-02-23,30,22,222.51,No,Thursday,Winter
2023-02-23,32,26,114.83,No,Thursday,Winter
2023-02-23,34,23,157.47,No,Thursday,Winter
2023-02-23,36,19,399.14,No,Thursday,Winter
2023-02-23,39,32,256.18,No,Thursday,Winter
2023-02-23,44,16,117.8,No,Thursday,Winter
2023-02-24,12,24,85.5,No,Friday,Winter
2023-02-24,16,29,176.15,No,Friday,Winter
2023-02-24,18,26,33.45,No,Friday,Winter
2023-02-24,23,26,319.08,No,Friday,Winter
2023-02-24,27,31,302.7,No,Friday,Winter
2023-02-24,35,18,376.97,No,Friday,Winter
2023-02-24,43,35,51.67,No,Friday,Winter
2023-02-24,49,53,155.82,Yes,Friday,Winter
2023-02-25,14,27,99.5,No,Saturday,Winter
2023-02-25,14,31,99.5,No,Saturday,Winter
2023-02-25,14,32,99.5,No,Saturday,Winter
2023-02-25,20,25,355.47,No,Saturday,Winter
2023-02-25,24,43,297.91,No,Saturday,Winter
2023-02-25,28,43,241.51,No,Saturday,Winter
2023-02-25,33,61,9.73,Yes,Saturday,Winter
2023-02-25,37,32,109.21,No,Saturday,Winter
2023-02-25,45,41,14.32,No,Saturday,Winter
2023-02-25,47,38,178.77,No,Saturday,Winter
2023-02-26,1,49,268.05,No,Sunday,Winter
2023-02-26,3,23,294.01,No,Sunday,Winter
2023-02-26,11,34,329.15,No,Sunday,Winter
2023-02-26,20,32,355.47,No,Sunday,Winter
2023-02-26,21,34,121.17,No,Sunday,Winter
2023-02-26,22,72,333.68,Yes,Sunday,Winter
2023-02-26,27,32,302.7,No,Sunday,Winter
2023-02-26,32,79,85.42,Yes,Sunday,Winter
2023-02-26,43,90,43.11,Yes,Sunday,Winter
2023-02-26,48,90,298.14,Yes,Sunday,Winter
2023-02-27,5,19,435.2,No,Monday,Winter
2023-02-27,14,32,99.5,No,Monday,Winter
2023-02-27,16,38,136.92,Yes,Monday,Winter
2023-02-27,16,24,176.15,No,Monday,Winter
2023-02-27,16,24,176.15,No,Monday,Winter
2023-02-27,17,50,302.81,Yes,Monday,Winter
2023-02-27,18,19,33.45,No,Monday,Winter
2023-02-27,23,38,274.24,Yes,Monday,Winter
2023-02-27,25,20,183.24,No,Monday,Winter
2023-02-27,29,16,352.17,No,Monday,Winter
2023-02-27,30,58,175.34,Yes,Monday,Winter
2023-02-27,31,19,109.11,No,Monday,Winter
2023-02-27,42,28,363.99,No,Monday,Winter
2023-02-27,50,18,411.47,No,Monday,Winter
2023-02-28,1,30,268.05,No,Tuesday,Winter
2023-02-28,4,26,439.81,No,Tuesday,Winter
2023-02-28,7,22,17.53,No,Tuesday,Winter
2023-02-28,11,20,329.15,No,Tuesday,Winter
2023-02-28,11,16,329.15,No,Tuesday,Winter
2023-02-28,15,43,300.4,Yes,Tuesday,Winter
2023-02-28,17,34,300.93,Yes,Tuesday,Winter
2023-02-28,21,22,121.17,No,Tuesday,Winter
2023-02-28,23,22,319.08,No,Tuesday,Winter
2023-02-28,24,38,297.91,No,Tuesday,Winter
2023-02-28,25,53,154.13,Yes,Tuesday,Winter
2023-02-28,26,24,246.4,No,Tuesday,Winter
2023-02-28,32,48,96.29,Yes,Tuesday,Winter
2023-02-28,37,22,109.21,No,Tuesday,Winter
2023-02-28,39,22,256.18,No,Tuesday,Winter
2023-03-01,2,15,231.26,No,Wednesday,Spring
2023-03-01,3,28,209.56,Yes,Wednesday,Spring
2023-03-01,8,24,218.96,No,Wednesday,Spring
2023-03-01,9,32,221.19,Yes,Wednesday,Spring
2023-03-01,16,15,176.15,No,Wednesday,Spring
2023-03-01,34,25,157.47,No,Wednesday,Spring
2023-03-01,39,21,256.18,No,Wednesday,Spring
2023-03-02,15,21,377.76,No,Thursday,Spring
2023-03-02,18,17,33.45,No,Thursday,Spring
2023-03-02,21,32,91.72,Yes,Thursday,Spring
2023-03-02,27,22,302.7,No,Thursday,Spring
2023-03-02,42,25,363.99,No,Thursday,Spring
2023-03-02,43,36,40.01,Yes,Thursday,Spring
2023-03-02,50,27,411.47,No,Thursday,Spring
2023-03-03,12,22,85.5,No,Friday,Spring
2023-03-03,19,23,209.85,No,Friday,Spring
2023-03-03,24,28,240.57,Yes,Friday,Spring
2023-03-03,27,24,302.7,No,Friday,Spring
2023-03-03,34,15,157.47,No,Friday,Spring
2023-03-03,45,44,12.8,Yes,Friday,Spring
2023-03-03,46,44,315.21,Yes,Friday,Spring
2023-03-04,5,32,435.2,No,Saturday,Spring
2023-03-04,6,32,231.03,No,Saturday,Spring
2023-03-04,9,38,307.03,No,Saturday,Spring
2023-03-04,12,30,85.5,No,Saturday,Spring
2023-03-04,15,57,291.75,Yes,Saturday,Spring
2023-03-04,29,30,352.17,No,Saturday,Spring
2023-03-04,34,32,157.47,No,Saturday,Spring
2023-03-04,40,30,459.32,No,Saturday,Spring
2023-03-04,41,27,356.31,No,Saturday,Spring
2023-03-04,48,27,395.46,No,Saturday,Spring
2023-03-04,50,16,411.47,No,Saturday,Spring
2023-03-05,5,27,435.2,No,Sunday,Spring
2023-03-05,20,39,355.47,No,Sunday,Spring
2023-03-05,21,45,108.89,Yes,Sunday,Spring
2023-03-05,26,24,246.4,No,Sunday,Spring
2023-03-05,28,84,200.85,Yes,Sunday,Spring
2023-03-05,35,38,376.97,No,Sunday,Spring
2023-03-05,48,27,395.46,No,Sunday,Spring
2023-03-06,1,40,188.15,Yes,Monday,Spring
2023-03-06,2,14,231.26,No,Monday,Spring
2023-03-06,5,17,435.2,No,Monday,Spring
2023-03-06,5,21,435.2,No,Monday,Spring
2023-03-06,11,44,260.91,Yes,Monday,Spring
2023-03-06,17,18,357.85,No,Monday,Spring
2023-03-06,26,17,246.4,No,Monday,Spring
2023-03-06,26,19,246.4,No,Monday,Spring
2023-03-06,28,42,212.37,Yes,Monday,Spring
2023-03-06,42,21,363.99,No,Monday,Spring
2023-03-06,44,36,87.01,Yes,Monday,Spring
2023-03-06,45,14,14.32,No,Monday,Spring
2023-03-06,45,24,14.32,No,Monday,Spring
2023-03-06,48,34,321.31,Yes,Monday,Spring
2023-03-07,6,19,231.03,No,Tuesday,Spring
2023-03-07,13,24,326.8,No,Tuesday,Spring
2023-03-07,14,52,76.45,Yes,Tuesday,Spring
2023-03-07,16,20,176.15,No,Tuesday,Spring
2023-03-07,17,20,357.85,No,Tuesday,Spring
2023-03-07,19,25,209.85,No,Tuesday,Spring
2023-03-07,24,22,297.91,No,Tuesday,Spring
2023-03-07,26,20,246.4,No,Tuesday,Spring
2023-03-07,33,46,9.78,Yes,Tuesday,Spring
2023-03-07,40,14,459.32,No,Tuesday,Spring
2023-03-07,50,52,291.89,Yes,Tuesday,Spring
2023-03-08,3,19,294.01,No,Wednesday,Spring
2023-03-08,30,13,222.51,No,Wednesday,Spring
2023-03-08,36,19,399.14,No,Wednesday,Spring
2023-03-08,36,18,399.14,No,Wednesday,Spring
2023-03-08,42,19,363.99,No,Wednesday,Spring
2023-03-09,8,22,218.96,No,Thursday,Spring
2023-03-09,16,48,153.63,Yes,Thursday,Spring
2023-03-09,16,22,176.15,No,Thursday,Spring
2023-03-09,28,21,241.51,No,Thursday,Spring
2023-03-09,29,19,352.17,No,Thursday,Spring
2023-03-09,32,27,114.83,No,Thursday,Spring
2023-03-09,33,16,12.84,No,Thursday,Spring
2023-03-09,36,24,399.14,No,Thursday,Spring
2023-03-09,39,20,256.18,No,Thursday,Spring
2023-03-09,39,17,256.18,No,Thursday,Spring
2023-03-09,44,50,104.29,Yes,Thursday,Spring
2023-03-10,2,16,231.26,No,Friday,Spring
2023-03-10,3,12,294.01,No,Friday,Spring
2023-03-10,6,19,231.03,No,Friday,Spring
2023-03-10,9,24,307.03,No,Friday,Spring
2023-03-10,10,24,283.3,No,Friday,Spring
2023-03-10,11,56,265.71,Yes,Friday,Spring
2023-03-10,21,20,121.17,No,Friday,Spring
2023-03-10,24,15,297.91,No,Friday,Spring
2023-03-10,24,20,297.91,No,Friday,Spring
2023-03-10,26,21,246.4,No,Friday,Spring
2023-03-10,27,23,302.7,No,Friday,Spring
2023-03-10,33,20,12.84,No,Friday,Spring
2023-03-10,38,19,479.93,No,Friday,Spring
2023-03-10,40,21,459.32,No,Friday,Spring
2023-03-10,45,20,14.32,No,Friday,Spring
2023-03-10,47,14,178.77,No,Friday,Spring
2023-03-10,49,18,176.08,No,Friday,Spring
2023-03-11,2,21,231.26,No,Saturday,Spring
2023-03-11,4,27,439.81,No,Saturday,Spring
2023-03-11,5,40,435.2,No,Saturday,Spring
2023-03-11,8,66,195.5,Yes,Saturday,Spring
2023-03-11,12,21,85.5,No,Saturday,Spring
2023-03-11,13,30,326.8,No,Saturday,Spring
2023-03-11,20,36,355.47,No,Saturday,Spring
2023-03-11,37,30,109.21,No,Saturday,Spring
2023-03-11,46,36,360.9,No,Saturday,Spring
2023-03-11,49,22,176.08,No,Saturday,Spring
2023-03-12,1,22,268.05,No,Sunday,Spring
2023-03-12,9,69,267.35,Yes,Sunday,Spring
2023-03-12,11,69,294.67,Yes,Sunday,Spring
2023-03-12,14,21,99.5,No,Sunday,Spring
2023-03-12,16,20,176.15,No,Sunday,Spring
2023-03-12,18,46,33.45,No,Sunday,Spring
2023-03-12,34,34,157.47,No,Sunday,Spring
2023-03-12,34,28,157.47,No,Sunday,Spring
2023-03-12,35,40,376.97,No,Sunday,Spring
2023-03-13,4,17,439.81,No,Monday,Spring
2023-03-13,5,18,435.2,No,Monday,Spring
2023-03-13,20,12,355.47,No,Monday,Spring
2023-03-13,24,22,297.91,No,Monday,Spring
2023-03-13,28,32,205.05,Yes,Monday,Spring
2023-03-13,31,16,109.11,No,Monday,Spring
2023-03-13,32,42,95.14,Yes,Monday,Spring
2023-03-13,38,31,479.93,No,Monday,Spring
2023-03-13,41,23,356.31,No,Monday,Spring
2023-03-13,46,30,297.71,Yes,Monday,Spring
2023-03-14,4,14,439.81,No,Tuesday,Spring
2023-03-14,8,19,218.96,No,Tuesday,Spring
2023-03-14,9,22,307.03,No,Tuesday,Spring
2023-03-14,11,19,329.15,No,Tuesday,Spring
2023-03-14,12,17,85.5,No,Tuesday,Spring
2023-03-14,13,22,326.8,No,Tuesday,Spring
2023-03-14,14,44,76.8,Yes,Tuesday,Spring
2023-03-14,15,42,265.98,Yes,Tuesday,Spring
2023-03-14,17,22,357.85,No,Tuesday,Spring
2023-03-14,20,26,355.47,No,Tuesday,Spring
2023-03-14,20,20,355.47,No,Tuesday,Spring
2023-03-14,25,40,137.72,Yes,Tuesday,Spring
2023-03-14,34,21,157.47,No,Tuesday,Spring
2023-03-14,39,34,256.18,No,Tuesday,Spring
2023-03-14,40,20,459.32,No,Tuesday,Spring
2023-03-14,40,54,342.08,Yes,Tuesday,Spring
2023-03-14,42,17,363.99,No,Tuesday,Spring
2023-03-14,45,15,14.32,No,Tuesday,Spring
2023-03-14,45,34,12.47,Yes,Tuesday,Spring
2023-03-15,4,40,337.39,Yes,Wednesday,Spring
2023-03-15,14,25,99.5,No,Wednesday,Spring
2023-03-15,24,20,297.91,No,Wednesday,Spring
2023-03-15,25,17,183.24,No,Wednesday,Spring
2023-03-15,32,18,114.83,No,Wednesday,Spring
2023-03-15,33,14,12.84,No,Wednesday,Spring
2023-03-15,38,20,479.93,No,Wednesday,Spring
2023-03-15,45,19,14.32,No,Wednesday,Spring
2023-03-15,47,25,178.77,No,Wednesday,Spring
2023-03-16,3,27,294.01,No,Thursday,Spring
2023-03-16,3,19,294.01,No,Thursday,Spring
2023-03-16,3,36,246.66,Yes,Thursday,Spring
2023-03-16,15,13,377.76,No,Thursday,Spring
2023-03-16,20,20,355.47,No,Thursday,Spring
2023-03-16,28,34,201.64,Yes,Thursday,Spring
2023-03-16,30,19,222.51,No,Thursday,Spring
2023-03-16,31,34,91.85,Yes,Thursday,Spring
2023-03-16,34,25,157.47,No,Thursday,Spring
2023-03-16,35,18,376.97,No,Thursday,Spring
2023-03-16,36,48,297.23,Yes,Thursday,Spring
2023-03-16,37,25,109.21,No,Thursday,Spring
2023-03-16,44,26,117.8,No,Thursday,Spring
2023-03-16,44,56,86.53,Yes,Thursday,Spring
2023-03-16,45,12,14.32,No,Thursday,Spring
2023-03-16,49,22,176.08,No,Thursday,Spring
2023-03-16,49,20,176.08,No,Thursday,Spring
2023-03-17,1,21,268.05,No,Friday,Spring
2023-03-17,1,15,268.05,No,Friday,Spring
2023-03-17,2,14,231.26,No,Friday,Spring
2023-03-17,9,22,307.03,No,Friday,Spring
2023-03-17,12,17,85.5,No,Friday,Spring
2023-03-17,17,20,357.85,No,Friday,Spring
2023-03-17,17,32,301.35,Yes,Friday,Spring
2023-03-17,19,21,209.85,No,Friday,Spring
2023-03-17,20,17,355.47,No,Friday,Spring
2023-03-17,23,24,319.08,No,Friday,Spring
2023-03-17,23,22,319.08,No,Friday,Spring
2023-03-17,43,20,51.67,No,Friday,Spring
2023-03-17,43,13,51.67,No,Friday,Spring
2023-03-17,43,20,51.67,No,Friday,Spring
2023-03-18,10,57,249.11,Yes,Saturday,Spring
2023-03-18,33,30,12.84,No,Saturday,Spring
2023-03-18,46,54,287.36,Yes,Saturday,Spring
2023-03-18,49,63,153.23,Yes,Saturday,Spring
2023-03-19,3,30,294.01,No,Sunday,Spring
2023-03-19,8,36,218.96,No,Sunday,Spring
2023-03-19,9,22,307.03,No,Sunday,Spring
2023-03-19,12,27,85.5,No,Sunday,Spring
2023-03-19,20,28,355.47,No,Sunday,Spring
2023-03-19,24,78,236.79,Yes,Sunday,Spring
2023-03-19,32,32,114.83,No,Sunday,Spring
2023-03-19,32,32,114.83,No,Sunday,Spring
2023-03-19,33,33,12.84,No,Sunday,Spring
2023-03-19,39,72,213.92,Yes,Sunday,Spring
2023-03-19,44,26,117.8,No,Sunday,Spring
2023-03-19,46,18,360.9,No,Sunday,Spring
2023-03-20,4,21,439.81,No,Monday,Spring
2023-03-20,6,22,231.03,No,Monday,Spring
2023-03-20,14,21,99.5,No,Monday,Spring
2023-03-20,27,24,302.7,No,Monday,Spring
2023-03-20,30,40,179.56,Yes,Monday,Spring
2023-03-20,31,16,109.11,No,Monday,Spring
2023-03-20,33,24,12.84,No,Monday,Spring
2023-03-20,33,23,12.84,No,Monday,Spring
2023-03-20,39,18,256.18,No,Monday,Spring
2023-03-20,42,16,363.99,No,Monday,Spring
2023-03-20,46,12,360.9,No,Monday,Spring
2023-03-20,48,21,395.46,No,Monday,Spring
2023-03-20,50,48,314.75,Yes,Monday,Spring
2023-03-20,50,20,411.47,No,Monday,Spring
2023-03-21,14,30,99.5,No,Tuesday,Spring
2023-03-21,34,27,157.47,No,Tuesday,Spring
2023-03-21,41,23,356.31,No,Tuesday,Spring
2023-03-21,46,19,360.9,No,Tuesday,Spring
2023-03-22,8,24,218.96,No,Wednesday,Spring
2023-03-22,9,29,307.03,No,Wednesday,Spring
2023-03-22,29,19,352.17,No,Wednesday,Spring
2023-03-22,32,18,114.83,No,Wednesday,Spring
2023-03-22,37,20,109.21,No,Wednesday,Spring
2023-03-22,42,28,276.74,Yes,Wednesday,Spring
2023-03-22,43,24,51.67,No,Wednesday,Spring
2023-03-22,46,23,360.9,No,Wednesday,Spring
2023-03-22,47,19,178.77,No,Wednesday,Spring
2023-03-23,3,8,294.01,No,Thursday,Spring
2023-03-23,8,16,218.96,No,Thursday,Spring
2023-03-23,9,17,307.03,No,Thursday,Spring
2023-03-23,18,44,23.99,Yes,Thursday,Spring
2023-03-23,20,36,291.14,Yes,Thursday,Spring
2023-03-23,22,22,399.69,No,Thursday,Spring
2023-03-23,29,17,352.17,No,Thursday,Spring
2023-03-23,30,20,222.51,No,Thursday,Spring
2023-03-23,37,24,89.62,Yes,Thursday,Spring
2023-03-23,39,40,229.19,Yes,Thursday,Spring
2023-03-23,42,31,363.99,No,Thursday,Spring
2023-03-23,47,15,178.77,No,Thursday,Spring
2023-03-23,50,12,411.47,No,Thursday,Spring
2023-03-24,15,18,377.76,No,Friday,Spring
2023-03-24,16,14,176.15,No,Friday,Spring
2023-03-24,17,22,357.85,No,Friday,Spring
2023-03-24,17,19,357.85,No,Friday,Spring
2023-03-24,25,13,183.24,No,Friday,Spring
2023-03-24,28,17,241.51,No,Friday,Spring
2023-03-24,29,18,352.17,No,Friday,Spring
2023-03-24,32,21,114.83,No,Friday,Spring
2023-03-24,36,22,399.14,No,Friday,Spring
2023-03-24,42,16,363.99,No,Friday,Spring
2023-03-25,3,38,294.01,No,Saturday,Spring
2023-03-25,10,22,283.3,No,Saturday,Spring
2023-03-25,13,66,241.84,Yes,Saturday,Spring
2023-03-25,13,48,279.08,Yes,Saturday,Spring
2023-03-25,15,26,377.76,No,Saturday,Spring
2023-03-25,19,33,209.85,No,Saturday,Spring
2023-03-25,26,28,246.4,No,Saturday,Spring
2023-03-25,27,72,231.38,Yes,Saturday,Spring
2023-03-25,27,38,302.7,No,Saturday,Spring
2023-03-25,29,39,352.17,No,Saturday,Spring
2023-03-25,31,28,109.11,No,Saturday,Spring
2023-03-25,35,32,376.97,No,Saturday,Spring
2023-03-25,37,51,96.23,Yes,Saturday,Spring
2023-03-25,41,33,356.31,No,Saturday,Spring
2023-03-25,44,72,88.1,Yes,Saturday,Spring
2023-03-25,47,20,178.77,No,Saturday,Spring
2023-03-25,48,28,395.46,No,Saturday,Spring
2023-03-26,5,27,435.2,No,Sunday,Spring
2023-03-26,5,32,435.2,No,Sunday,Spring
2023-03-26,8,21,218.96,No,Sunday,Spring
2023-03-26,12,24,85.5,No,Sunday,Spring
2023-03-26,18,27,33.45,No,Sunday,Spring
2023-03-26,21,28,121.17,No,Sunday,Spring
2023-03-26,24,38,297.91,No,Sunday,Spring
2023-03-26,30,39,222.51,No,Sunday,Spring
2023-03-26,36,32,399.14,No,Sunday,Spring
2023-03-26,42,28,363.99,No,Sunday,Spring
2023-03-27,6,21,231.03,No,Monday,Spring
2023-03-27,8,27,218.96,No,Monday,Spring
2023-03-27,10,17,283.3,No,Monday,Spring
2023-03-27,14,19,99.5,No,Monday,Spring
2023-03-27,18,20,33.45,No,Monday,Spring
2023-03-27,22,20,399.69,No,Monday,Spring
2023-03-27,39,54,229.07,Yes,Monday,Spring
2023-03-27,40,32,459.32,No,Monday,Spring
2023-03-27,42,22,363.99,No,Monday,Spring
2023-03-27,46,22,360.9,No,Monday,Spring
2023-03-27,48,22,395.46,No,Monday,Spring
2023-03-28,4,15,439.81,No,Tuesday,Spring
2023-03-28,5,19,435.2,No,Tuesday,Spring
2023-03-28,5,32,323.33,Yes,Tuesday,Spring
2023-03-28,5,20,435.2,No,Tuesday,Spring
2023-03-28,13,24,326.8,No,Tuesday,Spring
2023-03-28,15,27,377.76,No,Tuesday,Spring
2023-03-28,20,31,355.47,No,Tuesday,Spring
2023-03-28,20,19,355.47,No,Tuesday,Spring
2023-03-28,22,14,399.69,No,Tuesday,Spring
2023-03-28,26,18,246.4,No,Tuesday,Spring
2023-03-28,31,18,109.11,No,Tuesday,Spring
2023-03-28,35,28,274.46,Yes,Tuesday,Spring
2023-03-29,6,13,231.03,No,Wednesday,Spring
2023-03-29,7,25,17.53,No,Wednesday,Spring
2023-03-29,12,48,66.13,Yes,Wednesday,Spring
2023-03-29,20,23,355.47,No,Wednesday,Spring
2023-03-29,21,27,121.17,No,Wednesday,Spring
2023-03-29,24,18,297.91,No,Wednesday,Spring
2023-03-29,28,17,241.51,No,Wednesday,Spring
2023-03-29,37,22,109.21,No,Wednesday,Spring
2023-03-29,38,38,431.85,Yes,Wednesday,Spring
2023-03-29,41,19,356.31,No,Wednesday,Spring
2023-03-29,41,20,356.31,No,Wednesday,Spring
2023-03-29,41,34,260.63,Yes,Wednesday,Spring
2023-03-29,48,16,395.46,No,Wednesday,Spring
2023-03-30,13,19,326.8,No,Thursday,Spring
2023-03-30,14,42,74.7,Yes,Thursday,Spring
2023-03-30,14,26,99.5,No,Thursday,Spring
2023-03-30,19,16,209.85,No,Thursday,Spring
2023-03-30,22,27,399.69,No,Thursday,Spring
2023-03-30,44,20,117.8,No,Thursday,Spring
2023-03-30,49,40,136.58,Yes,Thursday,Spring
2023-03-30,50,18,411.47,No,Thursday,Spring
2023-03-31,1,26,218.08,Yes,Friday,Spring
2023-03-31,4,12,439.81,No,Friday,Spring
2023-03-31,7,28,17.53,No,Friday,Spring
2023-03-31,10,16,283.3,No,Friday,Spring
2023-03-31,16,24,176.15,No,Friday,Spring
2023-03-31,17,24,357.85,No,Friday,Spring
2023-03-31,18,17,33.45,No,Friday,Spring
2023-03-31,19,34,186.13,Yes,Friday,Spring
2023-03-31,23,17,319.08,No,Friday,Spring
2023-03-31,27,30,227.42,Yes,Friday,Spring
2023-03-31,33,8,12.84,No,Friday,Spring
2023-03-31,34,56,128.44,Yes,Friday,Spring
2023-03-31,38,14,479.93,No,Friday,Spring
2023-03-31,40,23,459.32,No,Friday,Spring
2023-03-31,41,21,356.31,No,Friday,Spring
2023-03-31,43,23,51.67,No,Friday,Spring
2023-03-31,44,14,117.8,No,Friday,Spring
2023-04-01,8,42,218.96,No,Saturday,Spring
2023-04-01,15,22,377.76,No,Saturday,Spring
2023-04-01,16,27,176.15,No,Saturday,Spring
2023-04-01,18,90,23.47,Yes,Saturday,Spring
2023-04-01,30,30,222.51,No,Saturday,Spring
2023-04-01,43,28,51.67,No,Saturday,Spring
2023-04-02,4,21,439.81,No,Sunday,Spring
2023-04-02,11,21,329.15,No,Sunday,Spring
2023-04-02,14,26,99.5,No,Sunday,Spring
2023-04-02,16,42,176.15,No,Sunday,Spring
2023-04-02,17,36,357.85,No,Sunday,Spring
2023-04-02,21,33,121.17,No,Sunday,Spring
2023-04-02,21,24,121.17,No,Sunday,Spring
2023-04-02,23,36,319.08,No,Sunday,Spring
2023-04-02,26,34,246.4,No,Sunday,Spring
2023-04-02,41,22,356.31,No,Sunday,Spring
2023-04-02,47,32,178.77,No,Sunday,Spring
2023-04-02,49,40,176.08,No,Sunday,Spring
2023-04-03,1,20,268.05,No,Monday,Spring
2023-04-03,2,38,197.25,Yes,Monday,Spring
2023-04-03,4,20,439.81,No,Monday,Spring
2023-04-03,11,19,329.15,No,Monday,Spring
2023-04-03,13,16,326.8,No,Monday,Spring
2023-04-03,15,18,377.76,No,Monday,Spring
2023-04-03,31,20,109.11,No,Monday,Spring
2023-04-03,37,20,109.21,No,Monday,Spring
2023-04-03,40,20,459.32,No,Monday,Spring
2023-04-03,42,19,363.99,No,Monday,Spring
2023-04-03,43,18,51.67,No,Monday,Spring
2023-04-03,48,22,395.46,No,Monday,Spring
2023-04-03,48,26,395.46,No,Monday,Spring
2023-04-03,50,28,363.87,Yes,Monday,Spring
2023-04-04,6,17,231.03,No,Tuesday,Spring
2023-04-04,13,21,326.8,No,Tuesday,Spring
2023-04-04,14,16,99.5,No,Tuesday,Spring
2023-04-04,22,21,399.69,No,Tuesday,Spring
2023-04-04,45,15,14.32,No,Tuesday,Spring
2023-04-05,6,17,231.03,No,Wednesday,Spring
2023-04-05,18,15,33.45,No,Wednesday,Spring
2023-04-05,26,38,204.37,Yes,Wednesday,Spring
2023-04-05,28,20,241.51,No,Wednesday,Spring
2023-04-05,30,21,222.51,No,Wednesday,Spring
2023-04-05,36,13,399.14,No,Wednesday,Spring
2023-04-05,42,36,326.96,Yes,Wednesday,Spring
2023-04-05,44,44,98.63,Yes,Wednesday,Spring
2023-04-05,46,24,360.9,No,Wednesday,Spring
2023-04-06,4,28,310.84,Yes,Thursday,Spring
2023-04-06,9,19,307.03,No,Thursday,Spring
2023-04-06,19,21,209.85,No,Thursday,Spring
2023-04-06,20,17,355.47,No,Thursday,Spring
2023-04-06,29,17,352.17,No,Thursday,Spring
2023-04-06,33,21,12.84,No,Thursday,Spring
2023-04-06,38,21,479.93,No,Thursday,Spring
2023-04-06,39,16,256.18,No,Thursday,Spring
2023-04-06,39,36,218.9,Yes,Thursday,Spring
2023-04-06,42,22,363.99,No,Thursday,Spring
2023-04-06,46,10,360.9,No,Thursday,Spring
2023-04-06,49,17,176.08,No,Thursday,Spring
2023-04-07,6,14,231.03,No,Friday,Spring
2023-04-07,8,24,218.96,No,Friday,Spring
2023-04-07,14,14,99.5,No,Friday,Spring
2023-04-07,22,40,283.65,Yes,Friday,Spring
2023-04-07,26,20,246.4,No,Friday,Spring
2023-04-07,28,21,241.51,No,Friday,Spring
2023-04-07,31,17,109.11,No,Friday,Spring
2023-04-07,39,13,256.18,No,Friday,Spring
2023-04-07,39,16,256.18,No,Friday,Spring
2023-04-07,48,21,395.46,No,Friday,Spring
2023-04-08,1,33,268.05,No,Saturday,Spring
2023-04-08,1,69,230.14,Yes,Saturday,Spring
2023-04-08,2,26,231.26,No,Saturday,Spring
2023-04-08,6,18,231.03,No,Saturday,Spring
2023-04-08,19,32,209.85,No,Saturday,Spring
2023-04-08,31,27,109.11,No,Saturday,Spring
2023-04-08,40,42,459.32,No,Saturday,Spring
2023-04-08,45,22,14.32,No,Saturday,Spring
2023-04-08,46,26,360.9,No,Saturday,Spring
2023-04-09,1,28,268.05,No,Sunday,Spring
2023-04-09,1,21,268.05,No,Sunday,Spring
2023-04-09,2,26,231.26,No,Sunday,Spring
2023-04-09,4,48,378.16,Yes,Sunday,Spring
2023-04-09,9,27,307.03,No,Sunday,Spring
2023-04-09,19,26,209.85,No,Sunday,Spring
2023-04-09,19,33,209.85,No,Sunday,Spring
2023-04-09,23,32,319.08,No,Sunday,Spring
2023-04-09,25,38,183.24,No,Sunday,Spring
2023-04-09,31,27,109.11,No,Sunday,Spring
2023-04-09,31,21,109.11,No,Sunday,Spring
2023-04-09,32,39,114.83,No,Sunday,Spring
2023-04-09,34,38,157.47,No,Sunday,Spring
2023-04-09,36,34,399.14,No,Sunday,Spring
2023-04-09,37,28,109.21,No,Sunday,Spring
2023-04-09,37,26,109.21,No,Sunday,Spring
2023-04-10,18,15,33.45,No,Monday,Spring
2023-04-10,21,42,106.13,Yes,Monday,Spring
2023-04-10,26,24,246.4,No,Monday,Spring
2023-04-10,26,13,246.4,No,Monday,Spring
2023-04-10,34,13,157.47,No,Monday,Spring
2023-04-10,42,16,363.99,No,Monday,Spring
2023-04-10,50,19,411.47,No,Monday,Spring
2023-04-11,4,19,439.81,No,Tuesday,Spring
2023-04-11,10,19,283.3,No,Tuesday,Spring
2023-04-11,13,25,326.8,No,Tuesday,Spring
2023-04-11,14,56,74.31,Yes,Tuesday,Spring
2023-04-11,17,18,357.85,No,Tuesday,Spring
2023-04-11,18,23,33.45,No,Tuesday,Spring
2023-04-11,27,22,302.7,No,Tuesday,Spring
2023-04-11,31,14,109.11,No,Tuesday,Spring
2023-04-11,37,24,109.21,No,Tuesday,Spring
2023-04-11,38,21,479.93,No,Tuesday,Spring
2023-04-11,38,20,479.93,No,Tuesday,Spring
2023-04-11,43,22,51.67,No,Tuesday,Spring
2023-04-11,47,19,178.77,No,Tuesday,Spring
2023-04-12,3,24,294.01,No,Wednesday,Spring
2023-04-12,6,23,231.03,No,Wednesday,Spring
2023-04-12,6,21,231.03,No,Wednesday,Spring
2023-04-12,9,29,307.03,No,Wednesday,Spring
2023-04-12,13,15,326.8,No,Wednesday,Spring
2023-04-12,13,12,326.8,No,Wednesday,Spring
2023-04-12,15,15,377.76,No,Wednesday,Spring
2023-04-12,16,15,176.15,No,Wednesday,Spring
2023-04-12,20,22,355.47,No,Wednesday,Spring
2023-04-12,24,23,297.91,No,Wednesday,Spring
2023-04-12,33,32,9.02,Yes,Wednesday,Spring
2023-04-12,43,19,51.67,No,Wednesday,Spring
2023-04-13,8,20,218.96,No,Thursday,Spring
2023-04-13,16,15,176.15,No,Thursday,Spring
2023-04-13,17,21,357.85,No,Thursday,Spring
2023-04-13,22,15,399.69,No,Thursday,Spring
2023-04-13,27,23,302.7,No,Thursday,Spring
2023-04-13,33,23,12.84,No,Thursday,Spring
2023-04-13,37,19,109.21,No,Thursday,Spring
2023-04-13,41,42,318.38,Yes,Thursday,Spring
2023-04-13,50,24,411.47,No,Thursday,Spring
2023-04-14,2,13,231.26,No,Friday,Spring
2023-04-14,6,15,231.03,No,Friday,Spring
2023-04-14,7,22,17.53,No,Friday,Spring
2023-04-14,10,48,234.23,Yes,Friday,Spring
2023-04-14,11,21,329.15,No,Friday,Spring
2023-04-14,15,50,286.52,Yes,Friday,Spring
2023-04-14,15,18,377.76,No,Friday,Spring
2023-04-14,28,21,241.51,No,Friday,Spring
2023-04-14,32,26,114.83,No,Friday,Spring
2023-04-14,33,18,12.84,No,Friday,Spring
2023-04-14,41,16,356.31,No,Friday,Spring
2023-04-14,42,22,363.99,No,Friday,Spring
2023-04-14,46,26,360.9,No,Friday,Spring
2023-04-14,48,18,395.46,No,Friday,Spring
2023-04-15,6,24,231.03,No,Saturday,Spring
2023-04-15,9,21,307.03,No,Saturday,Spring
2023-04-15,10,36,283.3,No,Saturday,Spring
2023-04-15,14,51,83.45,Yes,Saturday,Spring
2023-04-15,15,28,377.76,No,Saturday,Spring
2023-04-15,31,33,109.11,No,Saturday,Spring
2023-04-15,32,12,114.83,No,Saturday,Spring
2023-04-15,33,54,10.29,Yes,Saturday,Spring
2023-04-15,46,36,360.9,No,Saturday,Spring
2023-04-16,1,38,268.05,No,Sunday,Spring
2023-04-16,18,28,33.45,No,Sunday,Spring
2023-04-16,19,27,209.85,No,Sunday,Spring
2023-04-16,20,24,355.47,No,Sunday,Spring
2023-04-16,21,42,121.17,No,Sunday,Spring
2023-04-16,24,42,297.91,No,Sunday,Spring
2023-04-16,26,69,209.23,Yes,Sunday,Spring
2023-04-16,28,30,241.51,No,Sunday,Spring
2023-04-16,30,26,222.51,No,Sunday,Spring
2023-04-16,31,28,109.11,No,Sunday,Spring
2023-04-16,32,30,114.83,No,Sunday,Spring
2023-04-16,49,39,176.08,No,Sunday,Spring
2023-04-17,2,38,182.98,Yes,Monday,Spring
2023-04-17,12,19,85.5,No,Monday,Spring
2023-04-17,14,13,99.5,No,Monday,Spring
2023-04-17,16,19,176.15,No,Monday,Spring
2023-04-17,24,28,297.91,No,Monday,Spring
2023-04-17,25,36,135.25,Yes,Monday,Spring
2023-04-17,31,14,109.11,No,Monday,Spring
2023-04-17,40,36,356.64,Yes,Monday,Spring
2023-04-17,47,18,178.77,No,Monday,Spring
2023-04-18,7,28,12.92,Yes,Tuesday,Spring
2023-04-18,9,21,307.03,No,Tuesday,Spring
2023-04-18,17,21,357.85,No,Tuesday,Spring
2023-04-18,23,18,319.08,No,Tuesday,Spring
2023-04-18,26,24,246.4,No,Tuesday,Spring
2023-04-18,27,40,239.77,Yes,Tuesday,Spring
2023-04-18,28,46,195.5,Yes,Tuesday,Spring
2023-04-18,31,23,109.11,No,Tuesday,Spring
2023-04-18,36,21,399.14,No,Tuesday,Spring
2023-04-18,36,13,399.14,No,Tuesday,Spring
2023-04-18,37,21,109.21,No,Tuesday,Spring
2023-04-18,39,46,199.82,Yes,Tuesday,Spring
2023-04-19,4,48,345.34,Yes,Wednesday,Spring
2023-04-19,5,12,435.2,No,Wednesday,Spring
2023-04-19,6,20,231.03,No,Wednesday,Spring
2023-04-19,9,40,245.28,Yes,Wednesday,Spring
2023-04-19,18,20,33.45,No,Wednesday,Spring
2023-04-19,19,21,209.85,No,Wednesday,Spring
2023-04-19,20,15,355.47,No,Wednesday,Spring
2023-04-19,21,27,121.17,No,Wednesday,Spring
2023-04-19,24,20,297.91,No,Wednesday,Spring
2023-04-19,30,25,222.51,No,Wednesday,Spring
2023-04-19,31,58,79.92,Yes,Wednesday,Spring
2023-04-19,31,58,92.02,Yes,Wednesday,Spring
2023-04-19,39,23,256.18,No,Wednesday,Spring
2023-04-19,41,48,286.67,Yes,Wednesday,Spring
2023-04-19,42,21,363.99,No,Wednesday,Spring
2023-04-19,47,23,178.77,No,Wednesday,Spring
2023-04-19,47,29,178.77,No,Wednesday,Spring
2023-04-20,7,56,13.43,Yes,Thursday,Spring
2023-04-20,19,20,209.85,No,Thursday,Spring
2023-04-20,22,26,399.69,No,Thursday,Spring
2023-04-20,27,16,302.7,No,Thursday,Spring
2023-04-20,48,22,395.46,No,Thursday,Spring
2023-04-21,1,12,268.05,No,Friday,Spring
2023-04-21,3,44,246.35,Yes,Friday,Spring
2023-04-21,11,18,329.15,No,Friday,Spring
2023-04-21,12,17,85.5,No,Friday,Spring
2023-04-21,12,15,85.5,No,Friday,Spring
2023-04-21,13,54,242.79,Yes,Friday,Spring
2023-04-21,14,21,99.5,No,Friday,Spring
2023-04-21,16,26,176.15,No,Friday,Spring
2023-04-21,17,20,357.85,No,Friday,Spring
2023-04-21,18,17,33.45,No,Friday,Spring
2023-04-21,18,18,33.45,No,Friday,Spring
2023-04-21,21,21,121.17,No,Friday,Spring
2023-04-21,22,22,399.69,No,Friday,Spring
2023-04-21,24,17,297.91,No,Friday,Spring
2023-04-21,36,14,399.14,No,Friday,Spring
2023-04-21,41,22,356.31,No,Friday,Spring
2023-04-21,42,27,363.99,No,Friday,Spring
2023-04-21,45,48,11.27,Yes,Friday,Spring
2023-04-22,3,42,294.01,No,Saturday,Spring
2023-04-22,10,45,234.37,Yes,Saturday,Spring
2023-04-22,10,38,283.3,No,Saturday,Spring
2023-04-22,10,38,283.3,No,Saturday,Spring
2023-04-22,17,38,357.85,No,Saturday,Spring
2023-04-22,19,39,209.85,No,Saturday,Spring
2023-04-22,25,34,183.24,No,Saturday,Spring
2023-04-22,26,44,246.4,No,Saturday,Spring
2023-04-22,30,44,222.51,No,Saturday,Spring
2023-04-22,31,30,109.11,No,Saturday,Spring
2023-04-22,35,33,376.97,No,Saturday,Spring
2023-04-22,35,51,376.97,No,Saturday,Spring
2023-04-22,43,27,51.67,No,Saturday,Spring
2023-04-22,47,32,178.77,No,Saturday,Spring
2023-04-23,2,22,231.26,No,Sunday,Spring
2023-04-23,3,16,294.01,No,Sunday,Spring
2023-04-23,3,24,294.01,No,Sunday,Spring
2023-04-23,4,60,384.47,Yes,Sunday,Spring
2023-04-23,5,30,435.2,No,Sunday,Spring
2023-04-23,9,39,307.03,No,Sunday,Spring
2023-04-23,12,33,85.5,No,Sunday,Spring
2023-04-23,13,33,326.8,No,Sunday,Spring
2023-04-23,33,38,12.84,No,Sunday,Spring
2023-04-23,36,38,399.14,No,Sunday,Spring
2023-04-23,43,20,51.67,No,Sunday,Spring
2023-04-23,45,36,11.07,Yes,Sunday,Spring
2023-04-23,45,28,14.32,No,Sunday,Spring
2023-04-23,47,34,178.77,No,Sunday,Spring
2023-04-23,48,28,395.46,No,Sunday,Spring
2023-04-23,48,42,298.51,Yes,Sunday,Spring
2023-04-23,50,72,350.58,Yes,Sunday,Spring
2023-04-23,50,26,411.47,No,Sunday,Spring
2023-04-24,1,42,211.92,Yes,Monday,Spring
2023-04-24,9,19,307.03,No,Monday,Spring
2023-04-24,12,19,85.5,No,Monday,Spring
2023-04-24,13,22,326.8,No,Monday,Spring
2023-04-24,17,17,357.85,No,Monday,Spring
2023-04-24,21,19,121.17,No,Monday,Spring
2023-04-24,27,13,302.7,No,Monday,Spring
2023-04-24,28,13,241.51,No,Monday,Spring
2023-04-24,44,17,117.8,No,Monday,Spring
2023-04-24,46,18,360.9,No,Monday,Spring
2023-04-24,48,27,395.46,No,Monday,Spring
2023-04-24,48,13,395.46,No,Monday,Spring
2023-04-25,1,30,268.05,No,Tuesday,Spring
2023-04-25,4,12,439.81,No,Tuesday,Spring
2023-04-25,15,15,377.76,No,Tuesday,Spring
2023-04-25,21,20,121.17,No,Tuesday,Spring
2023-04-25,39,21,256.18,No,Tuesday,Spring
2023-04-25,44,28,117.8,No,Tuesday,Spring
2023-04-25,49,21,176.08,No,Tuesday,Spring
2023-04-26,2,30,174.89,Yes,Wednesday,Spring
2023-04-26,12,13,85.5,No,Wednesday,Spring
2023-04-26,25,46,134.6,Yes,Wednesday,Spring
2023-04-26,26,17,246.4,No,Wednesday,Spring
2023-04-26,26,40,217.56,Yes,Wednesday,Spring
2023-04-26,33,25,12.84,No,Wednesday,Spring
2023-04-26,36,27,399.14,No,Wednesday,Spring
2023-04-26,38,44,353.1,Yes,Wednesday,Spring
2023-04-26,39,19,256.18,No,Wednesday,Spring
2023-04-26,46,21,360.9,No,Wednesday,Spring
2023-04-26,48,17,395.46,No,Wednesday,Spring
2023-04-27,12,12,85.5,No,Thursday,Spring
2023-04-27,13,32,250.41,Yes,Thursday,Spring
2023-04-27,15,27,377.76,No,Thursday,Spring
2023-04-27,21,21,121.17,No,Thursday,Spring
2023-04-27,22,19,399.69,No,Thursday,Spring
2023-04-27,24,18,297.91,No,Thursday,Spring
2023-04-27,29,36,273.57,Yes,Thursday,Spring
2023-04-27,30,18,222.51,No,Thursday,Spring
2023-04-27,34,18,157.47,No,Thursday,Spring
2023-04-27,34,34,113.13,Yes,Thursday,Spring
2023-04-27,37,20,109.21,No,Thursday,Spring
2023-04-27,37,22,109.21,No,Thursday,Spring
2023-04-27,38,33,479.93,No,Thursday,Spring
2023-04-27,44,28,117.8,No,Thursday,Spring
2023-04-27,50,16,411.47,No,Thursday,Spring
2023-04-28,1,20,268.05,No,Friday,Spring
2023-04-28,2,18,231.26,No,Friday,Spring
2023-04-28,3,22,294.01,No,Friday,Spring
2023-04-28,3,22,294.01,No,Friday,Spring
2023-04-28,10,25,283.3,No,Friday,Spring
2023-04-28,10,30,209.78,Yes,Friday,Spring
2023-04-28,12,34,65.0,Yes,Friday,Spring
2023-04-28,16,25,176.15,No,Friday,Spring
2023-04-28,17,25,357.85,No,Friday,Spring
2023-04-28,20,16,355.47,No,Friday,Spring
2023-04-28,31,26,109.11,No,Friday,Spring
2023-04-28,37,52,85.86,Yes,Friday,Spring
2023-04-28,38,14,479.93,No,Friday,Spring
2023-04-28,41,36,318.67,Yes,Friday,Spring
2023-04-28,48,24,395.46,No,Friday,Spring
2023-04-28,48,22,395.46,No,Friday,Spring
2023-04-28,48,17,395.46,No,Friday,Spring
2023-04-29,1,72,201.36,Yes,Saturday,Spring
2023-04-29,20,27,355.47,No,Saturday,Spring
2023-04-29,36,20,399.14,No,Saturday,Spring
2023-04-29,36,34,399.14,No,Saturday,Spring
2023-04-29,36,34,399.14,No,Saturday,Spring
2023-04-29,37,22,109.21,No,Saturday,Spring
2023-04-29,38,28,479.93,No,Saturday,Spring
2023-04-29,39,21,256.18,No,Saturday,Spring
2023-04-29,39,51,230.11,Yes,Saturday,Spring
2023-04-29,44,45,85.73,Yes,Saturday,Spring
2023-04-30,3,24,294.01,No,Sunday,Spring
2023-04-30,15,36,377.76,No,Sunday,Spring
2023-04-30,25,28,183.24,No,Sunday,Spring
2023-04-30,34,33,157.47,No,Sunday,Spring
2023-04-30,42,34,363.99,No,Sunday,Spring
2023-04-30,42,30,363.99,No,Sunday,Spring
2023-04-30,45,75,12.78,Yes,Sunday,Spring
2023-04-30,47,38,178.77,No,Sunday,Spring
2023-04-30,47,24,178.77,No,Sunday,Spring
2023-04-30,47,38,178.77,No,Sunday,Spring
2023-04-30,49,30,176.08,No,Sunday,Spring
2023-04-30,50,15,411.47,No,Sunday,Spring
2023-05-01,1,30,207.64,Yes,Monday,Spring
2023-05-01,23,22,249.09,Yes,Monday,Spring
2023-05-01,28,17,241.51,No,Monday,Spring
2023-05-01,31,28,90.35,Yes,Monday,Spring
2023-05-01,34,23,157.47,No,Monday,Spring
2023-05-01,41,13,356.31,No,Monday,Spring
2023-05-02,1,24,268.05,No,Tuesday,Spring
2023-05-02,5,23,435.2,No,Tuesday,Spring
2023-05-02,7,28,17.53,No,Tuesday,Spring
2023-05-02,19,54,163.67,Yes,Tuesday,Spring
2023-05-02,19,25,209.85,No,Tuesday,Spring
2023-05-02,31,12,109.11,No,Tuesday,Spring
2023-05-02,32,20,114.83,No,Tuesday,Spring
2023-05-02,37,54,83.42,Yes,Tuesday,Spring
2023-05-02,39,22,256.18,No,Tuesday,Spring
2023-05-02,40,14,459.32,No,Tuesday,Spring
2023-05-02,42,27,363.99,No,Tuesday,Spring
2023-05-02,43,38,38.8,Yes,Tuesday,Spring
2023-05-03,15,16,377.76,No,Wednesday,Spring
2023-05-03,20,16,355.47,No,Wednesday,Spring
2023-05-03,22,22,399.69,No,Wednesday,Spring
2023-05-03,28,48,180.24,Yes,Wednesday,Spring
2023-05-03,33,17,12.84,No,Wednesday,Spring
2023-05-03,36,21,399.14,No,Wednesday,Spring
2023-05-03,42,22,363.99,No,Wednesday,Spring
2023-05-03,42,28,363.99,No,Wednesday,Spring
2023-05-03,50,46,325.13,Yes,Wednesday,Spring
2023-05-04,4,18,439.81,No,Thursday,Spring
2023-05-04,4,26,439.81,No,Thursday,Spring
2023-05-04,10,21,283.3,No,Thursday,Spring
2023-05-04,12,25,85.5,No,Thursday,Spring
2023-05-04,18,20,33.45,No,Thursday,Spring
2023-05-04,18,14,33.45,No,Thursday,Spring
2023-05-04,19,27,209.85,No,Thursday,Spring
2023-05-04,22,12,399.69,No,Thursday,Spring
2023-05-04,24,22,297.91,No,Thursday,Spring
2023-05-04,31,30,109.11,No,Thursday,Spring
2023-05-04,46,22,360.9,No,Thursday,Spring
2023-05-04,50,17,411.47,No,Thursday,Spring
2023-05-05,7,30,13.08,Yes,Friday,Spring
2023-05-05,9,38,215.01,Yes,Friday,Spring
2023-05-05,10,44,199.87,Yes,Friday,Spring
2023-05-05,18,26,33.45,No,Friday,Spring
2023-05-05,24,21,297.91,No,Friday,Spring
2023-05-05,27,25,302.7,No,Friday,Spring
2023-05-05,35,38,283.32,Yes,Friday,Spring
2023-05-05,36,21,399.14,No,Friday,Spring
2023-05-05,37,50,91.79,Yes,Friday,Spring
2023-05-05,38,19,479.93,No,Friday,Spring
2023-05-06,2,36,231.26,No,Saturday,Spring
2023-05-06,4,57,390.4,Yes,Saturday,Spring
2023-05-06,4,51,325.89,Yes,Saturday,Spring
2023-05-06,6,18,231.03,No,Saturday,Spring
2023-05-06,12,24,85.5,No,Saturday,Spring
2023-05-06,13,34,326.8,No,Saturday,Spring
2023-05-06,23,33,319.08,No,Saturday,Spring
2023-05-06,26,21,246.4,No,Saturday,Spring
2023-05-06,32,22,114.83,No,Saturday,Spring
2023-05-06,38,42,479.93,No,Saturday,Spring
2023-05-06,42,57,274.4,Yes,Saturday,Spring
2023-05-06,43,72,37.47,Yes,Saturday,Spring
2023-05-06,44,42,117.8,No,Saturday,Spring
2023-05-07,3,39,294.01,No,Sunday,Spring
2023-05-07,4,36,439.81,No,Sunday,Spring
2023-05-07,12,26,85.5,No,Sunday,Spring
2023-05-07,15,27,377.76,No,Sunday,Spring
2023-05-07,18,27,33.45,No,Sunday,Spring
2023-05-07,22,28,399.69,No,Sunday,Spring
2023-05-07,23,66,224.33,Yes,Sunday,Spring
2023-05-07,24,36,297.91,No,Sunday,Spring
2023-05-07,27,36,302.7,No,Sunday,Spring
2023-05-07,29,54,287.97,Yes,Sunday,Spring
2023-05-07,35,39,288.91,Yes,Sunday,Spring
2023-05-07,43,34,51.67,No,Sunday,Spring
2023-05-08,13,23,326.8,No,Monday,Spring
2023-05-08,13,20,326.8,No,Monday,Spring
2023-05-08,17,14,357.85,No,Monday,Spring
2023-05-08,17,34,255.41,Yes,Monday,Spring
2023-05-08,18,22,33.45,No,Monday,Spring
2023-05-08,18,18,33.45,No,Monday,Spring
2023-05-08,30,19,222.51,No,Monday,Spring
2023-05-08,32,46,84.92,Yes,Monday,Spring
2023-05-08,33,26,12.84,No,Monday,Spring
2023-05-08,33,16,12.84,No,Monday,Spring
2023-05-08,34,32,133.08,Yes,Monday,Spring
2023-05-08,35,20,376.97,No,Monday,Spring
2023-05-08,39,52,216.31,Yes,Monday,Spring
2023-05-08,48,18,395.46,No,Monday,Spring
2023-05-08,48,10,395.46,No,Monday,Spring
2023-05-09,1,19,268.05,No,Tuesday,Spring
2023-05-09,4,22,439.81,No,Tuesday,Spring
2023-05-09,7,19,17.53,No,Tuesday,Spring
2023-05-09,10,18,283.3,No,Tuesday,Spring
2023-05-09,11,48,241.26,Yes,Tuesday,Spring
2023-05-09,18,15,33.45,No,Tuesday,Spring
2023-05-09,25,14,183.24,No,Tuesday,Spring
2023-05-09,30,28,222.51,No,Tuesday,Spring
2023-05-09,33,22,12.84,No,Tuesday,Spring
2023-05-09,34,23,157.47,No,Tuesday,Spring
2023-05-09,37,24,109.21,No,Tuesday,Spring
2023-05-09,39,27,256.18,No,Tuesday,Spring
2023-05-09,39,18,256.18,No,Tuesday,Spring
2023-05-09,41,13,356.31,No,Tuesday,Spring
2023-05-09,47,42,137.56,Yes,Tuesday,Spring
2023-05-09,50,20,411.47,No,Tuesday,Spring
2023-05-10,3,20,294.01,No,Wednesday,Spring
2023-05-10,4,22,439.81,No,Wednesday,Spring
2023-05-10,4,13,439.81,No,Wednesday,Spring
2023-05-10,5,29,435.2,No,Wednesday,Spring
2023-05-10,5,20,435.2,No,Wednesday,Spring
2023-05-10,5,15,435.2,No,Wednesday,Spring
2023-05-10,7,23,17.53,No,Wednesday,Spring
2023-05-10,13,42,283.66,Yes,Wednesday,Spring
2023-05-10,14,23,99.5,No,Wednesday,Spring
2023-05-10,18,40,25.24,Yes,Wednesday,Spring
2023-05-10,19,14,209.85,No,Wednesday,Spring
2023-05-10,25,36,154.18,Yes,Wednesday,Spring
2023-05-10,33,28,9.94,Yes,Wednesday,Spring
2023-05-10,42,19,363.99,No,Wednesday,Spring
2023-05-10,44,36,98.82,Yes,Wednesday,Spring
2023-05-10,47,34,178.77,No,Wednesday,Spring
2023-05-10,47,28,146.72,Yes,Wednesday,Spring
2023-05-11,2,18,231.26,No,Thursday,Spring
2023-05-11,2,19,231.26,No,Thursday,Spring
2023-05-11,9,30,240.13,Yes,Thursday,Spring
2023-05-11,13,21,326.8,No,Thursday,Spring
2023-05-11,27,27,302.7,No,Thursday,Spring
2023-05-11,33,44,11.22,Yes,Thursday,Spring
2023-05-11,37,26,109.21,No,Thursday,Spring
2023-05-11,41,50,282.74,Yes,Thursday,Spring
2023-05-11,49,12,176.08,No,Thursday,Spring
2023-05-11,50,42,363.59,Yes,Thursday,Spring
2023-05-12,4,26,439.81,No,Friday,Spring
2023-05-12,9,17,307.03,No,Friday,Spring
2023-05-12,13,17,326.8,No,Friday,Spring
2023-05-12,24,20,297.91,No,Friday,Spring
2023-05-12,30,28,222.51,No,Friday,Spring
2023-05-12,32,18,114.83,No,Friday,Spring
2023-05-12,35,16,376.97,No,Friday,Spring
2023-05-12,36,46,313.21,Yes,Friday,Spring
2023-05-12,42,32,256.02,Yes,Friday,Spring
2023-05-12,44,20,117.8,No,Friday,Spring
2023-05-12,47,52,153.46,Yes,Friday,Spring
2023-05-12,48,21,395.46,No,Friday,Spring
2023-05-12,49,19,176.08,No,Friday,Spring
2023-05-13,1,45,268.05,No,Saturday,Spring
2023-05-13,11,24,329.15,No,Saturday,Spring
2023-05-13,20,22,355.47,No,Saturday,Spring
2023-05-13,25,42,183.24,No,Saturday,Spring
2023-05-13,29,22,352.17,No,Saturday,Spring
2023-05-13,29,20,352.17,No,Saturday,Spring
2023-05-13,38,26,479.93,No,Saturday,Spring
2023-05-13,43,24,51.67,No,Saturday,Spring
2023-05-14,13,32,326.8,No,Sunday,Spring
2023-05-14,17,22,357.85,No,Sunday,Spring
2023-05-14,18,32,33.45,No,Sunday,Spring
2023-05-14,18,21,33.45,No,Sunday,Spring
2023-05-14,18,69,24.25,Yes,Sunday,Spring
2023-05-14,20,30,355.47,No,Sunday,Spring
2023-05-14,30,39,222.51,No,Sunday,Spring
2023-05-14,37,22,109.21,No,Sunday,Spring
2023-05-14,42,54,306.53,Yes,Sunday,Spring
2023-05-14,45,18,14.32,No,Sunday,Spring
2023-05-14,49,36,176.08,No,Sunday,Spring
2023-05-15,2,32,183.39,Yes,Monday,Spring
2023-05-15,4,12,439.81,No,Monday,Spring
2023-05-15,12,22,85.5,No,Monday,Spring
2023-05-15,19,34,176.79,Yes,Monday,Spring
2023-05-15,29,52,256.69,Yes,Monday,Spring
2023-05-15,38,27,479.93,No,Monday,Spring
2023-05-15,41,23,356.31,No,Monday,Spring
2023-05-15,42,29,363.99,No,Monday,Spring
2023-05-16,10,22,283.3,No,Tuesday,Spring
2023-05-16,13,32,252.09,Yes,Tuesday,Spring
2023-05-16,20,15,355.47,No,Tuesday,Spring
2023-05-16,31,18,109.11,No,Tuesday,Spring
2023-05-16,43,18,51.67,No,Tuesday,Spring
2023-05-17,5,38,306.54,Yes,Wednesday,Spring
2023-05-17,5,13,435.2,No,Wednesday,Spring
2023-05-17,9,31,307.03,No,Wednesday,Spring
2023-05-17,13,18,326.8,No,Wednesday,Spring
2023-05-17,18,29,33.45,No,Wednesday,Spring
2023-05-17,19,27,209.85,No,Wednesday,Spring
2023-05-17,19,56,173.51,Yes,Wednesday,Spring
2023-05-17,26,21,246.4,No,Wednesday,Spring
2023-05-17,28,17,241.51,No,Wednesday,Spring
2023-05-17,30,25,222.51,No,Wednesday,Spring
2023-05-17,36,32,343.8,Yes,Wednesday,Spring
2023-05-17,40,32,459.32,No,Wednesday,Spring
2023-05-17,47,19,178.77,No,Wednesday,Spring
2023-05-17,49,23,176.08,No,Wednesday,Spring
2023-05-18,3,25,294.01,No,Thursday,Spring
2023-05-18,5,40,367.64,Yes,Thursday,Spring
2023-05-18,10,20,283.3,No,Thursday,Spring
2023-05-18,11,18,329.15,No,Thursday,Spring
2023-05-18,11,20,329.15,No,Thursday,Spring
2023-05-18,24,21,297.91,No,Thursday,Spring
2023-05-18,38,11,479.93,No,Thursday,Spring
2023-05-18,45,30,12.46,Yes,Thursday,Spring
2023-05-19,2,14,231.26,No,Friday,Spring
2023-05-19,8,19,218.96,No,Friday,Spring
2023-05-19,15,24,377.76,No,Friday,Spring
2023-05-19,17,34,315.1,Yes,Friday,Spring
2023-05-19,23,38,230.62,Yes,Friday,Spring
2023-05-19,30,42,174.31,Yes,Friday,Spring
2023-05-19,33,48,9.44,Yes,Friday,Spring
2023-05-19,34,20,157.47,No,Friday,Spring
2023-05-19,37,48,94.89,Yes,Friday,Spring
2023-05-19,43,48,43.25,Yes,Friday,Spring
2023-05-20,1,20,268.05,No,Saturday,Spring
2023-05-20,4,42,439.81,No,Saturday,Spring
2023-05-20,7,30,17.53,No,Saturday,Spring
2023-05-20,28,30,241.51,No,Saturday,Spring
2023-05-20,31,32,109.11,No,Saturday,Spring
2023-05-20,34,27,157.47,No,Saturday,Spring
2023-05-20,38,24,479.93,No,Saturday,Spring
2023-05-20,38,20,479.93,No,Saturday,Spring
2023-05-20,42,45,318.84,Yes,Saturday,Spring
2023-05-20,46,75,314.31,Yes,Saturday,Spring
2023-05-21,3,36,294.01,No,Sunday,Spring
2023-05-21,3,26,294.01,No,Sunday,Spring
2023-05-21,4,32,439.81,No,Sunday,Spring
2023-05-21,6,30,231.03,No,Sunday,Spring
2023-05-21,6,32,231.03,No,Sunday,Spring
2023-05-21,30,66,198.12,Yes,Sunday,Spring
2023-05-21,33,28,12.84,No,Sunday,Spring
2023-05-21,35,87,274.53,Yes,Sunday,Spring
2023-05-21,35,24,376.97,No,Sunday,Spring
2023-05-21,36,22,399.14,No,Sunday,Spring
2023-05-21,38,28,479.93,No,Sunday,Spring
2023-05-21,42,21,363.99,No,Sunday,Spring
2023-05-21,43,18,51.67,No,Sunday,Spring
2023-05-21,47,38,178.77,No,Sunday,Spring
2023-05-21,49,34,176.08,No,Sunday,Spring
2023-05-22,1,30,226.99,Yes,Monday,Spring
2023-05-22,8,17,218.96,No,Monday,Spring
2023-05-22,9,21,307.03,No,Monday,Spring
2023-05-22,37,13,109.21,No,Monday,Spring
2023-05-22,44,48,97.24,Yes,Monday,Spring
2023-05-23,1,14,268.05,No,Tuesday,Spring
2023-05-23,2,20,231.26,No,Tuesday,Spring
2023-05-23,2,22,231.26,No,Tuesday,Spring
2023-05-23,6,18,231.03,No,Tuesday,Spring
2023-05-23,6,27,231.03,No,Tuesday,Spring
2023-05-23,12,26,85.5,No,Tuesday,Spring
2023-05-23,18,23,33.45,No,Tuesday,Spring
2023-05-23,22,19,399.69,No,Tuesday,Spring
2023-05-23,34,24,157.47,No,Tuesday,Spring
2023-05-23,34,56,122.8,Yes,Tuesday,Spring
2023-05-23,42,18,363.99,No,Tuesday,Spring
2023-05-23,44,25,117.8,No,Tuesday,Spring
2023-05-23,50,48,338.05,Yes,Tuesday,Spring
2023-05-24,3,20,294.01,No,Wednesday,Spring
2023-05-24,4,20,439.81,No,Wednesday,Spring
2023-05-24,8,20,218.96,No,Wednesday,Spring
2023-05-24,14,19,99.5,No,Wednesday,Spring
2023-05-24,25,30,148.6,Yes,Wednesday,Spring
2023-05-24,26,13,246.4,No,Wednesday,Spring
2023-05-24,26,16,246.4,No,Wednesday,Spring
2023-05-24,29,23,352.17,No,Wednesday,Spring
2023-05-24,32,28,114.83,No,Wednesday,Spring
2023-05-24,33,19,12.84,No,Wednesday,Spring
2023-05-24,35,18,376.97,No,Wednesday,Spring
2023-05-24,39,16,256.18,No,Wednesday,Spring
2023-05-24,40,16,459.32,No,Wednesday,Spring
2023-05-24,49,19,176.08,No,Wednesday,Spring
2023-05-24,50,20,411.47,No,Wednesday,Spring
2023-05-25,4,48,349.0,Yes,Thursday,Spring
2023-05-25,9,46,224.72,Yes,Thursday,Spring
2023-05-25,14,23,99.5,No,Thursday,Spring
2023-05-25,18,32,26.87,Yes,Thursday,Spring
2023-05-25,28,22,241.51,No,Thursday,Spring
2023-05-25,30,38,189.77,Yes,Thursday,Spring
2023-05-25,32,25,114.83,No,Thursday,Spring
2023-05-25,32,25,114.83,No,Thursday,Spring
2023-05-25,34,28,157.47,No,Thursday,Spring
2023-05-25,37,24,109.21,No,Thursday,Spring
2023-05-25,48,18,395.46,No,Thursday,Spring
2023-05-26,1,14,268.05,No,Friday,Spring
2023-05-26,14,28,89.11,Yes,Friday,Spring
2023-05-26,19,20,209.85,No,Friday,Spring
2023-05-26,20,22,355.47,No,Friday,Spring
2023-05-26,20,32,278.43,Yes,Friday,Spring
2023-05-26,25,30,183.24,No,Friday,Spring
2023-05-26,26,17,246.4,No,Friday,Spring
2023-05-26,32,24,114.83,No,Friday,Spring
2023-05-26,37,24,109.21,No,Friday,Spring
2023-05-26,38,21,479.93,No,Friday,Spring
2023-05-26,45,15,14.32,No,Friday,Spring
2023-05-26,47,29,178.77,No,Friday,Spring
2023-05-26,49,22,176.08,No,Friday,Spring
2023-05-27,5,33,435.2,No,Saturday,Spring
2023-05-27,11,21,329.15,No,Saturday,Spring
2023-05-27,18,48,29.5,Yes,Saturday,Spring
2023-05-27,20,22,355.47,No,Saturday,Spring
2023-05-27,22,72,354.25,Yes,Saturday,Spring
2023-05-27,24,27,297.91,No,Saturday,Spring
2023-05-27,25,63,140.8,Yes,Saturday,Spring
2023-05-27,26,81,219.21,Yes,Saturday,Spring
2023-05-27,28,24,241.51,No,Saturday,Spring
2023-05-27,29,51,262.49,Yes,Saturday,Spring
2023-05-27,32,27,114.83,No,Saturday,Spring
2023-05-27,35,14,376.97,No,Saturday,Spring
2023-05-27,36,75,332.9,Yes,Saturday,Spring
2023-05-27,45,24,14.32,No,Saturday,Spring
2023-05-27,48,51,315.48,Yes,Saturday,Spring
2023-05-28,5,33,435.2,No,Sunday,Spring
2023-05-28,9,69,229.18,Yes,Sunday,Spring
2023-05-28,9,87,259.96,Yes,Sunday,Spring
2023-05-28,17,27,357.85,No,Sunday,Spring
2023-05-28,18,54,24.52,Yes,Sunday,Spring
2023-05-28,21,26,121.17,No,Sunday,Spring
2023-05-28,23,30,319.08,No,Sunday,Spring
2023-05-28,37,27,109.21,No,Sunday,Spring
2023-05-28,37,30,109.21,No,Sunday,Spring
2023-05-28,44,28,117.8,No,Sunday,Spring
2023-05-28,48,32,395.46,No,Sunday,Spring
2023-05-29,11,16,329.15,No,Monday,Spring
2023-05-29,15,18,377.76,No,Monday,Spring
2023-05-29,15,16,377.76,No,Monday,Spring
2023-05-29,23,32,319.08,No,Monday,Spring
2023-05-29,23,28,253.19,Yes,Monday,Spring
2023-05-29,33,22,12.84,No,Monday,Spring
2023-05-29,35,20,376.97,No,Monday,Spring
2023-05-29,42,40,323.31,Yes,Monday,Spring
2023-05-29,43,25,51.67,No,Monday,Spring
2023-05-29,46,28,360.9,No,Monday,Spring
2023-05-29,50,13,411.47,No,Monday,Spring
2023-05-29,50,20,411.47,No,Monday,Spring
2023-05-30,29,14,352.17,No,Tuesday,Spring
2023-05-30,30,20,222.51,No,Tuesday,Spring
2023-05-30,38,18,479.93,No,Tuesday,Spring
2023-05-30,41,23,356.31,No,Tuesday,Spring
2023-05-30,42,32,286.61,Yes,Tuesday,Spring
2023-05-30,45,40,12.01,Yes,Tuesday,Spring
2023-05-30,47,19,178.77,No,Tuesday,Spring
2023-05-31,8,17,218.96,No,Wednesday,Spring
2023-05-31,13,20,326.8,No,Wednesday,Spring
2023-05-31,17,13,357.85,No,Wednesday,Spring
2023-05-31,20,22,355.47,No,Wednesday,Spring
2023-05-31,21,19,121.17,No,Wednesday,Spring
2023-05-31,25,20,183.24,No,Wednesday,Spring
2023-05-31,30,17,222.51,No,Wednesday,Spring
2023-05-31,38,17,479.93,No,Wednesday,Spring
2023-05-31,48,16,395.46,No,Wednesday,Spring
2023-06-01,9,20,307.03,No,Thursday,Summer
2023-06-01,14,15,99.5,No,Thursday,Summer
2023-06-01,28,20,241.51,No,Thursday,Summer
2023-06-01,29,20,352.17,No,Thursday,Summer
2023-06-01,31,20,109.11,No,Thursday,Summer
2023-06-01,33,46,9.97,Yes,Thursday,Summer
2023-06-01,43,22,51.67,No,Thursday,Summer
2023-06-01,47,24,178.77,No,Thursday,Summer
2023-06-02,15,18,377.76,No,Friday,Summer
2023-06-02,19,19,209.85,No,Friday,Summer
2023-06-02,25,25,183.24,No,Friday,Summer
2023-06-02,26,23,246.4,No,Friday,Summer
2023-06-02,30,25,222.51,No,Friday,Summer
2023-06-02,32,31,90.91,Yes,Friday,Summer
2023-06-02,33,23,12.84,No,Friday,Summer
2023-06-02,35,15,376.97,No,Friday,Summer
2023-06-02,47,24,178.77,No,Friday,Summer
2023-06-03,2,26,231.26,No,Saturday,Summer
2023-06-03,4,30,439.81,No,Saturday,Summer
2023-06-03,6,30,231.03,No,Saturday,Summer
2023-06-03,7,20,17.53,No,Saturday,Summer
2023-06-03,9,31,307.03,No,Saturday,Summer
2023-06-03,10,35,283.3,No,Saturday,Summer
2023-06-03,12,35,85.5,No,Saturday,Summer
2023-06-03,12,43,85.5,No,Saturday,Summer
2023-06-03,16,50,176.15,No,Saturday,Summer
2023-06-03,18,33,33.45,No,Saturday,Summer
2023-06-03,20,23,355.47,No,Saturday,Summer
2023-06-03,27,31,302.7,No,Saturday,Summer
2023-06-03,32,33,114.83,No,Saturday,Summer
2023-06-03,35,76,305.31,Yes,Saturday,Summer
2023-06-03,43,25,51.67,No,Saturday,Summer
2023-06-03,44,76,104.6,Yes,Saturday,Summer
2023-06-03,46,73,270.99,Yes,Saturday,Summer
2023-06-03,47,26,178.77,No,Saturday,Summer
2023-06-03,48,30,395.46,No,Saturday,Summer
2023-06-03,50,73,314.57,Yes,Saturday,Summer
2023-06-04,8,102,162.89,Yes,Sunday,Summer
2023-06-04,14,53,86.1,Yes,Sunday,Summer
2023-06-04,17,66,267.08,Yes,Sunday,Summer
2023-06-04,18,38,33.45,No,Sunday,Summer
2023-06-04,19,38,209.85,No,Sunday,Summer
2023-06-04,22,25,399.69,No,Sunday,Summer
2023-06-04,28,48,241.51,No,Sunday,Summer
2023-06-04,32,36,114.83,No,Sunday,Summer
2023-06-04,34,40,157.47,No,Sunday,Summer
2023-06-04,35,26,376.97,No,Sunday,Summer
2023-06-04,39,25,256.18,No,Sunday,Summer
2023-06-04,47,33,178.77,No,Sunday,Summer
2023-06-05,4,14,439.81,No,Monday,Summer
2023-06-05,9,38,307.03,No,Monday,Summer
2023-06-05,13,18,326.8,No,Monday,Summer
2023-06-05,15,21,377.76,No,Monday,Summer
2023-06-05,17,26,357.85,No,Monday,Summer
2023-06-05,20,22,355.47,No,Monday,Summer
2023-06-05,24,55,267.67,Yes,Monday,Summer
2023-06-05,31,37,76.85,Yes,Monday,Summer
2023-06-05,31,21,109.11,No,Monday,Summer
2023-06-05,32,64,86.66,Yes,Monday,Summer
2023-06-05,42,18,363.99,No,Monday,Summer
2023-06-05,43,26,51.67,No,Monday,Summer
2023-06-05,44,40,88.44,Yes,Monday,Summer
2023-06-05,46,46,292.91,Yes,Monday,Summer
2023-06-05,50,57,310.32,Yes,Monday,Summer
2023-06-06,3,21,294.01,No,Tuesday,Summer
2023-06-06,9,32,307.03,No,Tuesday,Summer
2023-06-06,13,73,234.84,Yes,Tuesday,Summer
2023-06-06,18,32,33.45,No,Tuesday,Summer
2023-06-06,25,25,183.24,No,Tuesday,Summer
2023-06-06,29,19,352.17,No,Tuesday,Summer
2023-06-06,40,23,459.32,No,Tuesday,Summer
2023-06-06,45,21,14.32,No,Tuesday,Summer
2023-06-06,47,31,178.77,No,Tuesday,Summer
2023-06-06,49,25,176.08,No,Tuesday,Summer
2023-06-07,11,18,329.15,No,Wednesday,Summer
2023-06-07,11,21,329.15,No,Wednesday,Summer
2023-06-07,27,12,302.7,No,Wednesday,Summer
2023-06-07,39,26,256.18,No,Wednesday,Summer
2023-06-07,48,55,277.91,Yes,Wednesday,Summer
2023-06-07,50,20,411.47,No,Wednesday,Summer
2023-06-08,3,48,227.96,Yes,Thursday,Summer
2023-06-08,6,15,231.03,No,Thursday,Summer
2023-06-08,8,57,156.57,Yes,Thursday,Summer
2023-06-08,10,19,283.3,No,Thursday,Summer
2023-06-08,21,23,121.17,No,Thursday,Summer
2023-06-08,21,59,96.38,Yes,Thursday,Summer
2023-06-08,23,40,268.07,Yes,Thursday,Summer
2023-06-08,28,40,214.95,Yes,Thursday,Summer
2023-06-08,33,20,12.84,No,Thursday,Summer
2023-06-08,35,23,376.97,No,Thursday,Summer
2023-06-09,6,28,231.03,No,Friday,Summer
2023-06-09,7,28,17.53,No,Friday,Summer
2023-06-09,8,31,218.96,No,Friday,Summer
2023-06-09,21,26,121.17,No,Friday,Summer
2023-06-09,23,22,319.08,No,Friday,Summer
2023-06-09,31,26,109.11,No,Friday,Summer
2023-06-09,39,24,256.18,No,Friday,Summer
2023-06-09,41,19,356.31,No,Friday,Summer
2023-06-09,45,22,14.32,No,Friday,Summer
2023-06-09,47,22,178.77,No,Friday,Summer
2023-06-10,3,26,294.01,No,Saturday,Summer
2023-06-10,4,35,439.81,No,Saturday,Summer
2023-06-10,7,41,17.53,No,Saturday,Summer
2023-06-10,13,28,326.8,No,Saturday,Summer
2023-06-10,16,33,176.15,No,Saturday,Summer
2023-06-10,16,28,176.15,No,Saturday,Summer
2023-06-10,21,25,121.17,No,Saturday,Summer
2023-06-10,23,36,319.08,No,Saturday,Summer
2023-06-10,24,23,297.91,No,Saturday,Summer
2023-06-10,24,25,297.91,No,Saturday,Summer
2023-06-10,26,21,246.4,No,Saturday,Summer
2023-06-10,33,38,12.84,No,Saturday,Summer
2023-06-10,41,28,356.31,No,Saturday,Summer
2023-06-10,42,25,363.99,No,Saturday,Summer
2023-06-10,46,21,360.9,No,Saturday,Summer
2023-06-10,46,31,360.9,No,Saturday,Summer
2023-06-10,47,89,152.33,Yes,Saturday,Summer
2023-06-11,1,36,268.05,No,Sunday,Summer
2023-06-11,4,35,439.81,No,Sunday,Summer
2023-06-11,17,25,357.85,No,Sunday,Summer
2023-06-11,17,35,357.85,No,Sunday,Summer
2023-06-11,18,30,33.45,No,Sunday,Summer
2023-06-11,23,43,233.82,Yes,Sunday,Summer
2023-06-11,23,41,319.08,No,Sunday,Summer
2023-06-11,24,82,209.91,Yes,Sunday,Summer
2023-06-11,29,20,352.17,No,Sunday,Summer
2023-06-11,29,73,309.84,Yes,Sunday,Summer
2023-06-11,31,31,109.11,No,Sunday,Summer
2023-06-11,37,25,109.21,No,Sunday,Summer
2023-06-11,39,28,256.18,No,Sunday,Summer
2023-06-11,42,30,363.99,No,Sunday,Summer
2023-06-12,2,46,200.13,Yes,Monday,Summer
2023-06-12,3,23,294.01,No,Monday,Summer
2023-06-12,4,25,439.81,No,Monday,Summer
2023-06-12,15,64,270.61,Yes,Monday,Summer
2023-06-12,19,24,209.85,No,Monday,Summer
2023-06-12,24,18,297.91,No,Monday,Summer
2023-06-12,24,21,297.91,No,Monday,Summer
2023-06-12,27,26,302.7,No,Monday,Summer
2023-06-12,31,40,86.09,Yes,Monday,Summer
2023-06-12,40,19,459.32,No,Monday,Summer
2023-06-12,47,24,178.77,No,Monday,Summer
2023-06-13,1,19,268.05,No,Tuesday,Summer
2023-06-13,6,20,231.03,No,Tuesday,Summer
2023-06-13,7,24,17.53,No,Tuesday,Summer
2023-06-13,20,18,355.47,No,Tuesday,Summer
2023-06-13,22,21,399.69,No,Tuesday,Summer
2023-06-13,25,21,183.24,No,Tuesday,Summer
2023-06-13,27,22,302.7,No,Tuesday,Summer
2023-06-13,29,37,285.04,Yes,Tuesday,Summer
2023-06-13,32,20,114.83,No,Tuesday,Summer
2023-06-13,39,25,256.18,No,Tuesday,Summer
2023-06-13,40,40,406.82,Yes,Tuesday,Summer
2023-06-13,43,15,51.67,No,Tuesday,Summer
2023-06-13,49,25,176.08,No,Tuesday,Summer
2023-06-13,49,18,176.08,No,Tuesday,Summer
2023-06-14,2,66,175.4,Yes,Wednesday,Summer
2023-06-14,3,20,294.01,No,Wednesday,Summer
2023-06-14,6,16,231.03,No,Wednesday,Summer
2023-06-14,10,25,283.3,No,Wednesday,Summer
2023-06-14,16,26,176.15,No,Wednesday,Summer
2023-06-14,31,15,109.11,No,Wednesday,Summer
2023-06-14,32,19,114.83,No,Wednesday,Summer
2023-06-14,43,30,51.67,No,Wednesday,Summer
2023-06-14,44,20,117.8,No,Wednesday,Summer
2023-06-14,44,19,117.8,No,Wednesday,Summer
2023-06-14,48,46,288.43,Yes,Wednesday,Summer
2023-06-15,1,29,268.05,No,Thursday,Summer
2023-06-15,1,23,268.05,No,Thursday,Summer
2023-06-15,8,24,218.96,No,Thursday,Summer
2023-06-15,13,15,326.8,No,Thursday,Summer
2023-06-15,16,25,176.15,No,Thursday,Summer
2023-06-15,18,19,33.45,No,Thursday,Summer
2023-06-15,20,19,355.47,No,Thursday,Summer
2023-06-15,25,40,145.13,Yes,Thursday,Summer
2023-06-15,26,28,246.4,No,Thursday,Summer
2023-06-15,36,21,399.14,No,Thursday,Summer
2023-06-15,38,21,479.93,No,Thursday,Summer
2023-06-15,41,57,273.62,Yes,Thursday,Summer
2023-06-15,41,20,356.31,No,Thursday,Summer
2023-06-15,45,21,14.32,No,Thursday,Summer
2023-06-16,12,26,85.5,No,Friday,Summer
2023-06-16,21,30,121.17,No,Friday,Summer
2023-06-16,24,16,297.91,No,Friday,Summer
2023-06-16,25,46,149.23,Yes,Friday,Summer
2023-06-16,30,21,222.51,No,Friday,Summer
2023-06-16,37,23,109.21,No,Friday,Summer
2023-06-16,41,44,313.55,Yes,Friday,Summer
2023-06-16,44,23,117.8,No,Friday,Summer
2023-06-17,3,46,294.01,No,Saturday,Summer
2023-06-17,9,40,307.03,No,Saturday,Summer
2023-06-17,9,43,307.03,No,Saturday,Summer
2023-06-17,14,28,99.5,No,Saturday,Summer
2023-06-17,14,23,99.5,No,Saturday,Summer
2023-06-17,20,33,355.47,No,Saturday,Summer
2023-06-17,37,31,109.21,No,Saturday,Summer
2023-06-17,37,35,109.21,No,Saturday,Summer
2023-06-17,38,41,479.93,No,Saturday,Summer
2023-06-17,38,21,479.93,No,Saturday,Summer
2023-06-17,38,53,405.56,Yes,Saturday,Summer
2023-06-17,40,28,459.32,No,Saturday,Summer
2023-06-17,45,26,14.32,No,Saturday,Summer
2023-06-18,1,31,268.05,No,Sunday,Summer
2023-06-18,6,26,231.03,No,Sunday,Summer
2023-06-18,8,21,218.96,No,Sunday,Summer
2023-06-18,8,59,196.34,Yes,Sunday,Summer
2023-06-18,8,33,218.96,No,Sunday,Summer
2023-06-18,47,25,178.77,No,Sunday,Summer
2023-06-19,1,48,210.32,Yes,Monday,Summer
2023-06-19,2,20,231.26,No,Monday,Summer
2023-06-19,5,31,435.2,No,Monday,Summer
2023-06-19,23,48,230.75,Yes,Monday,Summer
2023-06-19,25,28,183.24,No,Monday,Summer
2023-06-19,31,51,85.88,Yes,Monday,Summer
2023-06-19,40,24,459.32,No,Monday,Summer
2023-06-19,42,40,307.5,Yes,Monday,Summer
2023-06-19,44,53,92.26,Yes,Monday,Summer
2023-06-20,10,32,283.3,No,Tuesday,Summer
2023-06-20,13,33,326.8,No,Tuesday,Summer
2023-06-20,17,30,357.85,No,Tuesday,Summer
2023-06-20,18,42,24.68,Yes,Tuesday,Summer
2023-06-20,22,28,399.69,No,Tuesday,Summer
2023-06-20,23,26,319.08,No,Tuesday,Summer
2023-06-20,30,16,222.51,No,Tuesday,Summer
2023-06-20,37,29,109.21,No,Tuesday,Summer
2023-06-20,37,16,109.21,No,Tuesday,Summer
2023-06-20,38,42,407.93,Yes,Tuesday,Summer
2023-06-20,38,35,391.09,Yes,Tuesday,Summer
2023-06-20,41,22,356.31,No,Tuesday,Summer
2023-06-20,41,23,356.31,No,Tuesday,Summer
2023-06-20,44,19,117.8,No,Tuesday,Summer
2023-06-20,46,51,258.74,Yes,Tuesday,Summer
2023-06-21,1,15,268.05,No,Wednesday,Summer
2023-06-21,3,31,254.48,Yes,Wednesday,Summer
2023-06-21,11,21,329.15,No,Wednesday,Summer
2023-06-21,19,13,209.85,No,Wednesday,Summer
2023-06-21,21,11,121.17,No,Wednesday,Summer
2023-06-21,28,51,180.48,Yes,Wednesday,Summer
2023-06-21,32,30,114.83,No,Wednesday,Summer
2023-06-21,34,28,157.47,No,Wednesday,Summer
2023-06-21,36,34,399.14,No,Wednesday,Summer
2023-06-21,47,25,178.77,No,Wednesday,Summer
2023-06-22,2,20,231.26,No,Thursday,Summer
2023-06-22,5,20,435.2,No,Thursday,Summer
2023-06-22,8,46,162.72,Yes,Thursday,Summer
2023-06-22,8,30,218.96,No,Thursday,Summer
2023-06-22,16,21,176.15,No,Thursday,Summer
2023-06-22,18,29,33.45,No,Thursday,Summer
2023-06-22,19,23,209.85,No,Thursday,Summer
2023-06-22,27,20,302.7,No,Thursday,Summer
2023-06-22,36,16,399.14,No,Thursday,Summer
2023-06-22,38,14,479.93,No,Thursday,Summer
2023-06-22,40,24,459.32,No,Thursday,Summer
2023-06-22,46,21,360.9,No,Thursday,Summer
2023-06-23,10,31,283.3,No,Friday,Summer
2023-06-23,12,19,85.5,No,Friday,Summer
2023-06-23,16,32,176.15,No,Friday,Summer
2023-06-23,27,16,302.7,No,Friday,Summer
2023-06-24,5,25,435.2,No,Saturday,Summer
2023-06-24,16,89,144.33,Yes,Saturday,Summer
2023-06-24,20,69,253.09,Yes,Saturday,Summer
2023-06-24,21,38,121.17,No,Saturday,Summer
2023-06-24,21,20,121.17,No,Saturday,Summer
2023-06-24,30,40,222.51,No,Saturday,Summer
2023-06-24,31,35,109.11,No,Saturday,Summer
2023-06-24,36,25,399.14,No,Saturday,Summer
2023-06-24,37,63,91.04,Yes,Saturday,Summer
2023-06-24,46,31,360.9,No,Saturday,Summer
2023-06-24,50,76,342.96,Yes,Saturday,Summer
2023-06-25,11,21,329.15,No,Sunday,Summer
2023-06-25,18,30,33.45,No,Sunday,Summer
2023-06-25,20,30,355.47,No,Sunday,Summer
2023-06-25,23,33,319.08,No,Sunday,Summer
2023-06-25,36,89,288.3,Yes,Sunday,Summer
2023-06-26,7,14,17.53,No,Monday,Summer
2023-06-26,10,19,283.3,No,Monday,Summer
2023-06-26,12,23,85.5,No,Monday,Summer
2023-06-26,19,24,209.85,No,Monday,Summer
2023-06-26,21,24,121.17,No,Monday,Summer
2023-06-26,21,51,107.14,Yes,Monday,Summer
2023-06-26,24,44,260.15,Yes,Monday,Summer
2023-06-26,34,55,131.81,Yes,Monday,Summer
2023-06-26,41,46,307.53,Yes,Monday,Summer
2023-06-26,42,16,363.99,No,Monday,Summer
2023-06-26,43,20,51.67,No,Monday,Summer
2023-06-26,45,15,14.32,No,Monday,Summer
2023-06-27,3,16,294.01,No,Tuesday,Summer
2023-06-27,14,28,99.5,No,Tuesday,Summer
2023-06-27,15,21,377.76,No,Tuesday,Summer
2023-06-27,16,36,176.15,No,Tuesday,Summer
2023-06-27,16,18,176.15,No,Tuesday,Summer
2023-06-27,34,26,157.47,No,Tuesday,Summer
2023-06-27,48,31,298.41,Yes,Tuesday,Summer
2023-06-27,49,22,176.08,No,Tuesday,Summer
2023-06-27,49,26,176.08,No,Tuesday,Summer
2023-06-27,49,24,176.08,No,Tuesday,Summer
2023-06-28,12,16,85.5,No,Wednesday,Summer
2023-06-28,15,22,377.76,No,Wednesday,Summer
2023-06-28,25,48,136.44,Yes,Wednesday,Summer
2023-06-28,27,28,302.7,No,Wednesday,Summer
2023-06-28,27,44,234.89,Yes,Wednesday,Summer
2023-06-28,27,21,302.7,No,Wednesday,Summer
2023-06-28,31,25,109.11,No,Wednesday,Summer
2023-06-28,39,19,256.18,No,Wednesday,Summer
2023-06-28,39,26,256.18,No,Wednesday,Summer
2023-06-28,43,23,51.67,No,Wednesday,Summer
2023-06-28,46,25,360.9,No,Wednesday,Summer
2023-06-28,47,23,178.77,No,Wednesday,Summer
2023-06-28,49,10,176.08,No,Wednesday,Summer
2023-06-29,6,22,231.03,No,Thursday,Summer
2023-06-29,7,11,17.53,No,Thursday,Summer
2023-06-29,8,21,218.96,No,Thursday,Summer
2023-06-29,9,19,307.03,No,Thursday,Summer
2023-06-29,15,24,377.76,No,Thursday,Summer
2023-06-29,18,19,33.45,No,Thursday,Summer
2023-06-29,21,21,121.17,No,Thursday,Summer
2023-06-29,31,28,109.11,No,Thursday,Summer
2023-06-29,39,28,256.18,No,Thursday,Summer
2023-06-29,41,19,356.31,No,Thursday,Summer
2023-06-29,50,15,411.47,No,Thursday,Summer
2023-06-30,13,28,326.8,No,Friday,Summer
2023-06-30,19,19,209.85,No,Friday,Summer
2023-06-30,21,25,121.17,No,Friday,Summer
2023-06-30,26,21,246.4,No,Friday,Summer
2023-06-30,26,23,246.4,No,Friday,Summer
2023-06-30,33,15,12.84,No,Friday,Summer
2023-06-30,35,18,376.97,No,Friday,Summer
2023-06-30,37,26,109.21,No,Friday,Summer
2023-06-30,38,35,479.93,No,Friday,Summer
2023-06-30,46,25,360.9,No,Friday,Summer
2023-07-01,3,36,294.01,No,Saturday,Summer
2023-07-01,4,20,439.81,No,Saturday,Summer
2023-07-01,6,40,231.03,No,Saturday,Summer
2023-07-01,10,26,283.3,No,Saturday,Summer
2023-07-01,15,35,377.76,No,Saturday,Summer
2023-07-01,18,40,33.45,No,Saturday,Summer
2023-07-01,20,45,355.47,No,Saturday,Summer
2023-07-01,25,45,183.24,No,Saturday,Summer
2023-07-01,26,28,246.4,No,Saturday,Summer
2023-07-01,26,59,173.64,Yes,Saturday,Summer
2023-07-01,29,35,352.17,No,Saturday,Summer
2023-07-01,35,31,376.97,No,Saturday,Summer
2023-07-01,44,36,117.8,No,Saturday,Summer
2023-07-01,45,76,10.16,Yes,Saturday,Summer
2023-07-01,47,36,178.77,No,Saturday,Summer
2023-07-02,1,79,191.29,Yes,Sunday,Summer
2023-07-02,2,30,231.26,No,Sunday,Summer
2023-07-02,3,43,294.01,No,Sunday,Summer
2023-07-02,3,35,294.01,No,Sunday,Summer
2023-07-02,14,61,99.5,No,Sunday,Summer
2023-07-02,17,33,357.85,No,Sunday,Summer
2023-07-02,18,31,33.45,No,Sunday,Summer
2023-07-02,20,92,291.88,Yes,Sunday,Summer
2023-07-02,28,59,207.67,Yes,Sunday,Summer
2023-07-02,36,66,343.03,Yes,Sunday,Summer
2023-07-02,37,50,109.21,No,Sunday,Summer
2023-07-02,42,30,363.99,No,Sunday,Summer
2023-07-02,43,36,51.67,No,Sunday,Summer
2023-07-02,44,21,117.8,No,Sunday,Summer
2023-07-03,2,21,231.26,No,Monday,Summer
2023-07-03,4,31,439.81,No,Monday,Summer
2023-07-03,10,51,237.13,Yes,Monday,Summer
2023-07-03,14,22,99.5,No,Monday,Summer
2023-07-03,25,25,183.24,No,Monday,Summer
2023-07-03,28,18,241.51,No,Monday,Summer
2023-07-03,33,37,10.16,Yes,Monday,Summer
2023-07-03,37,29,85.86,Yes,Monday,Summer
2023-07-03,37,21,109.21,No,Monday,Summer
2023-07-03,38,22,479.93,No,Monday,Summer
2023-07-03,46,37,322.97,Yes,Monday,Summer
2023-07-03,50,24,411.47,No,Monday,Summer
2023-07-04,12,57,73.32,Yes,Tuesday,Summer
2023-07-04,14,33,99.5,No,Tuesday,Summer
2023-07-04,14,46,87.63,Yes,Tuesday,Summer
2023-07-04,17,19,357.85,No,Tuesday,Summer
2023-07-04,26,31,246.4,No,Tuesday,Summer
2023-07-04,29,19,352.17,No,Tuesday,Summer
2023-07-04,30,21,222.51,No,Tuesday,Summer
2023-07-04,37,16,109.21,No,Tuesday,Summer
2023-07-05,2,24,231.26,No,Wednesday,Summer
2023-07-05,3,28,294.01,No,Wednesday,Summer
2023-07-05,8,15,218.96,No,Wednesday,Summer
2023-07-05,11,24,329.15,No,Wednesday,Summer
2023-07-05,35,12,376.97,No,Wednesday,Summer
2023-07-05,39,15,256.18,No,Wednesday,Summer
2023-07-06,5,20,435.2,No,Thursday,Summer
2023-07-06,8,23,218.96,No,Thursday,Summer
2023-07-06,10,15,283.3,No,Thursday,Summer
2023-07-06,13,24,326.8,No,Thursday,Summer
2023-07-06,14,22,99.5,No,Thursday,Summer
2023-07-06,14,30,99.5,No,Thursday,Summer
2023-07-06,18,16,33.45,No,Thursday,Summer
2023-07-06,34,19,157.47,No,Thursday,Summer
2023-07-06,45,40,12.33,Yes,Thursday,Summer
2023-07-06,48,25,395.46,No,Thursday,Summer
2023-07-06,48,40,311.69,Yes,Thursday,Summer
2023-07-06,48,23,395.46,No,Thursday,Summer
2023-07-06,49,23,176.08,No,Thursday,Summer
2023-07-07,4,12,439.81,No,Friday,Summer
2023-07-07,4,53,360.68,Yes,Friday,Summer
2023-07-07,4,28,439.81,No,Friday,Summer
2023-07-07,9,29,307.03,No,Friday,Summer
2023-07-07,9,23,307.03,No,Friday,Summer
2023-07-07,10,20,283.3,No,Friday,Summer
2023-07-07,13,57,247.19,Yes,Friday,Summer
2023-07-07,20,18,355.47,No,Friday,Summer
2023-07-07,22,20,399.69,No,Friday,Summer
2023-07-07,23,59,285.16,Yes,Friday,Summer
2023-07-07,31,22,109.11,No,Friday,Summer
2023-07-07,33,37,9.72,Yes,Friday,Summer
2023-07-07,36,42,342.72,Yes,Friday,Summer
2023-07-07,39,28,256.18,No,Friday,Summer
2023-07-07,46,29,360.9,No,Friday,Summer
2023-07-07,48,51,352.93,Yes,Friday,Summer
2023-07-07,49,44,146.09,Yes,Friday,Summer
2023-07-08,3,28,294.01,No,Saturday,Summer
2023-07-08,7,21,17.53,No,Saturday,Summer
2023-07-08,10,36,283.3,No,Saturday,Summer
2023-07-08,14,50,79.08,Yes,Saturday,Summer
2023-07-08,17,38,357.85,No,Saturday,Summer
2023-07-08,22,33,399.69,No,Saturday,Summer
2023-07-08,23,33,319.08,No,Saturday,Summer
2023-07-08,36,33,399.14,No,Saturday,Summer
2023-07-08,37,40,109.21,No,Saturday,Summer
2023-07-08,40,33,459.32,No,Saturday,Summer
2023-07-08,41,53,300.13,Yes,Saturday,Summer
2023-07-08,49,23,176.08,No,Saturday,Summer
2023-07-09,8,33,218.96,No,Sunday,Summer
2023-07-09,10,40,228.65,Yes,Sunday,Summer
2023-07-09,13,53,269.64,Yes,Sunday,Summer
2023-07-09,16,25,176.15,No,Sunday,Summer
2023-07-09,18,25,33.45,No,Sunday,Summer
2023-07-09,20,73,299.79,Yes,Sunday,Summer
2023-07-09,21,15,121.17,No,Sunday,Summer
2023-07-09,21,45,121.17,No,Sunday,Summer
2023-07-09,37,25,109.21,No,Sunday,Summer
2023-07-09,39,50,256.18,No,Sunday,Summer
2023-07-09,42,20,363.99,No,Sunday,Summer
2023-07-09,43,28,51.67,No,Sunday,Summer
2023-07-09,46,63,254.22,Yes,Sunday,Summer
2023-07-09,46,41,360.9,No,Sunday,Summer
2023-07-10,7,21,17.53,No,Monday,Summer
2023-07-10,11,20,329.15,No,Monday,Summer
2023-07-10,11,20,329.15,No,Monday,Summer
2023-07-10,20,59,314.14,Yes,Monday,Summer
2023-07-10,23,25,319.08,No,Monday,Summer
2023-07-10,27,23,302.7,No,Monday,Summer
2023-07-10,32,25,114.83,No,Monday,Summer
2023-07-10,46,19,360.9,No,Monday,Summer
2023-07-10,47,19,178.77,No,Monday,Summer
2023-07-10,49,19,176.08,No,Monday,Summer
2023-07-10,50,24,411.47,No,Monday,Summer
2023-07-10,50,44,343.72,Yes,Monday,Summer
2023-07-10,50,62,364.99,Yes,Monday,Summer
2023-07-11,2,53,201.64,Yes,Tuesday,Summer
2023-07-11,2,20,231.26,No,Tuesday,Summer
2023-07-11,5,28,435.2,No,Tuesday,Summer
2023-07-11,5,20,435.2,No,Tuesday,Summer
2023-07-11,12,13,85.5,No,Tuesday,Summer
2023-07-11,22,26,399.69,No,Tuesday,Summer
2023-07-11,23,20,319.08,No,Tuesday,Summer
2023-07-11,30,18,222.51,No,Tuesday,Summer
2023-07-11,32,24,114.83,No,Tuesday,Summer
2023-07-11,34,33,157.47,No,Tuesday,Summer
2023-07-11,38,31,479.93,No,Tuesday,Summer
2023-07-11,39,20,256.18,No,Tuesday,Summer
2023-07-11,39,21,256.18,No,Tuesday,Summer
2023-07-11,48,22,395.46,No,Tuesday,Summer
2023-07-11,49,16,176.08,No,Tuesday,Summer
2023-07-12,1,20,268.05,No,Wednesday,Summer
2023-07-12,3,26,294.01,No,Wednesday,Summer
2023-07-12,8,23,218.96,No,Wednesday,Summer
2023-07-12,18,29,33.45,No,Wednesday,Summer
2023-07-12,22,16,399.69,No,Wednesday,Summer
2023-07-12,23,48,255.95,Yes,Wednesday,Summer
2023-07-12,28,25,241.51,No,Wednesday,Summer
2023-07-12,29,20,352.17,No,Wednesday,Summer
2023-07-12,30,23,222.51,No,Wednesday,Summer
2023-07-12,33,21,12.84,No,Wednesday,Summer
2023-07-12,37,13,109.21,No,Wednesday,Summer
2023-07-13,1,26,197.88,Yes,Thursday,Summer
2023-07-13,3,31,294.01,No,Thursday,Summer
2023-07-13,9,29,307.03,No,Thursday,Summer
2023-07-13,14,25,99.5,No,Thursday,Summer
2023-07-13,17,44,263.7,Yes,Thursday,Summer
2023-07-13,21,23,121.17,No,Thursday,Summer
2023-07-13,23,46,275.73,Yes,Thursday,Summer
2023-07-13,27,15,302.7,No,Thursday,Summer
2023-07-13,27,24,302.7,No,Thursday,Summer
2023-07-13,29,14,352.17,No,Thursday,Summer
2023-07-13,37,20,109.21,No,Thursday,Summer
2023-07-13,46,18,360.9,No,Thursday,Summer
2023-07-13,47,35,154.71,Yes,Thursday,Summer
2023-07-13,50,24,411.47,No,Thursday,Summer
2023-07-14,4,25,439.81,No,Friday,Summer
2023-07-14,13,21,326.8,No,Friday,Summer
2023-07-14,15,30,377.76,No,Friday,Summer
2023-07-14,16,25,176.15,No,Friday,Summer
2023-07-14,19,26,209.85,No,Friday,Summer
2023-07-14,20,12,355.47,No,Friday,Summer
2023-07-14,22,15,399.69,No,Friday,Summer
2023-07-14,25,29,183.24,No,Friday,Summer
2023-07-14,26,24,213.87,Yes,Friday,Summer
2023-07-14,35,20,376.97,No,Friday,Summer
2023-07-14,43,42,39.15,Yes,Friday,Summer
2023-07-14,48,21,395.46,No,Friday,Summer
2023-07-14,49,29,176.08,No,Friday,Summer
2023-07-14,50,32,411.47,No,Friday,Summer
2023-07-15,2,30,231.26,No,Saturday,Summer
2023-07-15,9,26,307.03,No,Saturday,Summer
2023-07-15,11,38,329.15,No,Saturday,Summer
2023-07-15,19,45,209.85,No,Saturday,Summer
2023-07-15,23,38,319.08,No,Saturday,Summer
2023-07-15,29,43,291.78,Yes,Saturday,Summer
2023-07-15,29,35,352.17,No,Saturday,Summer
2023-07-15,29,38,352.17,No,Saturday,Summer
2023-07-15,33,66,10.98,Yes,Saturday,Summer
2023-07-15,40,66,354.7,Yes,Saturday,Summer
2023-07-15,40,33,459.32,No,Saturday,Summer
2023-07-15,43,59,42.61,Yes,Saturday,Summer
2023-07-15,46,35,360.9,No,Saturday,Summer
2023-07-16,6,30,231.03,No,Sunday,Summer
2023-07-16,8,43,218.96,No,Sunday,Summer
2023-07-16,10,45,283.3,No,Sunday,Summer
2023-07-16,17,45,357.85,No,Sunday,Summer
2023-07-16,20,63,267.78,Yes,Sunday,Summer
2023-07-16,37,36,109.21,No,Sunday,Summer
2023-07-16,50,23,411.47,No,Sunday,Summer
2023-07-17,20,42,248.98,Yes,Monday,Summer
2023-07-17,20,26,355.47,No,Monday,Summer
2023-07-17,30,28,222.51,No,Monday,Summer
2023-07-17,36,25,399.14,No,Monday,Summer
2023-07-17,38,20,479.93,No,Monday,Summer
2023-07-17,39,31,256.18,No,Monday,Summer
2023-07-17,39,14,256.18,No,Monday,Summer
2023-07-17,40,30,459.32,No,Monday,Summer
2023-07-17,42,44,317.4,Yes,Monday,Summer
2023-07-17,42,35,315.49,Yes,Monday,Summer
2023-07-18,4,30,439.81,No,Tuesday,Summer
2023-07-18,16,25,176.15,No,Tuesday,Summer
2023-07-18,22,22,399.69,No,Tuesday,Summer
2023-07-18,26,23,246.4,No,Tuesday,Summer
2023-07-18,26,32,246.4,No,Tuesday,Summer
2023-07-18,27,15,302.7,No,Tuesday,Summer
2023-07-18,31,26,109.11,No,Tuesday,Summer
2023-07-18,32,44,89.43,Yes,Tuesday,Summer
2023-07-18,35,21,376.97,No,Tuesday,Summer
2023-07-18,47,23,178.77,No,Tuesday,Summer
2023-07-19,7,14,17.53,No,Wednesday,Summer
2023-07-19,17,14,357.85,No,Wednesday,Summer
2023-07-19,21,44,91.64,Yes,Wednesday,Summer
2023-07-19,27,24,302.7,No,Wednesday,Summer
2023-07-19,28,24,241.51,No,Wednesday,Summer
2023-07-19,33,23,12.84,No,Wednesday,Summer
2023-07-19,38,24,479.93,No,Wednesday,Summer
2023-07-19,40,34,459.32,No,Wednesday,Summer
2023-07-19,43,31,51.67,No,Wednesday,Summer
2023-07-20,1,29,268.05,No,Thursday,Summer
2023-07-20,11,33,329.15,No,Thursday,Summer
2023-07-20,13,18,326.8,No,Thursday,Summer
2023-07-20,13,26,326.8,No,Thursday,Summer
2023-07-20,16,37,127.06,Yes,Thursday,Summer
2023-07-20,17,26,357.85,No,Thursday,Summer
2023-07-20,25,22,183.24,No,Thursday,Summer
2023-07-20,25,35,128.68,Yes,Thursday,Summer
2023-07-20,26,30,246.4,No,Thursday,Summer
2023-07-20,27,25,302.7,No,Thursday,Summer
2023-07-20,29,42,313.25,Yes,Thursday,Summer
2023-07-20,32,29,114.83,No,Thursday,Summer
2023-07-20,32,20,114.83,No,Thursday,Summer
2023-07-20,33,22,12.84,No,Thursday,Summer
2023-07-20,38,20,479.93,No,Thursday,Summer
2023-07-20,41,15,356.31,No,Thursday,Summer
2023-07-21,13,53,287.08,Yes,Friday,Summer
2023-07-21,18,15,33.45,No,Friday,Summer
2023-07-21,27,14,302.7,No,Friday,Summer
2023-07-21,28,29,241.51,No,Friday,Summer
2023-07-21,30,53,178.24,Yes,Friday,Summer
2023-07-21,39,35,193.99,Yes,Friday,Summer
2023-07-21,40,20,459.32,No,Friday,Summer
2023-07-21,44,31,117.8,No,Friday,Summer
2023-07-21,48,19,395.46,No,Friday,Summer
2023-07-22,3,30,294.01,No,Saturday,Summer
2023-07-22,7,38,17.53,No,Saturday,Summer
2023-07-22,9,38,307.03,No,Saturday,Summer
2023-07-22,12,46,85.5,No,Saturday,Summer
2023-07-22,17,31,357.85,No,Saturday,Summer
2023-07-22,25,43,183.24,No,Saturday,Summer
2023-07-22,36,38,399.14,No,Saturday,Summer
2023-07-22,39,41,256.18,No,Saturday,Summer
2023-07-22,48,51,395.46,No,Saturday,Summer
2023-07-23,7,43,15.71,Yes,Sunday,Summer
2023-07-23,12,25,85.5,No,Sunday,Summer
2023-07-23,12,63,70.54,Yes,Sunday,Summer
2023-07-23,23,36,319.08,No,Sunday,Summer
2023-07-23,24,36,297.91,No,Sunday,Summer
2023-07-23,25,59,148.79,Yes,Sunday,Summer
2023-07-23,34,53,157.47,No,Sunday,Summer
2023-07-23,48,50,395.46,No,Sunday,Summer
2023-07-23,48,36,395.46,No,Sunday,Summer
2023-07-23,48,33,395.46,No,Sunday,Summer
2023-07-24,6,26,231.03,No,Monday,Summer
2023-07-24,11,29,329.15,No,Monday,Summer
2023-07-24,15,24,377.76,No,Monday,Summer
2023-07-24,16,25,176.15,No,Monday,Summer
2023-07-24,21,19,121.17,No,Monday,Summer
2023-07-24,23,28,319.08,No,Monday,Summer
2023-07-24,24,15,297.91,No,Monday,Summer
2023-07-24,27,26,302.7,No,Monday,Summer
2023-07-25,2,40,187.63,Yes,Tuesday,Summer
2023-07-25,3,55,263.2,Yes,Tuesday,Summer
2023-07-25,4,20,439.81,No,Tuesday,Summer
2023-07-25,7,42,13.59,Yes,Tuesday,Summer
2023-07-25,15,15,377.76,No,Tuesday,Summer
2023-07-25,19,30,209.85,No,Tuesday,Summer
2023-07-25,26,22,246.4,No,Tuesday,Summer
2023-07-25,27,19,302.7,No,Tuesday,Summer
2023-07-25,29,22,352.17,No,Tuesday,Summer
2023-07-25,39,22,256.18,No,Tuesday,Summer
2023-07-25,39,22,256.18,No,Tuesday,Summer
2023-07-25,41,55,275.52,Yes,Tuesday,Summer
2023-07-25,44,16,117.8,No,Tuesday,Summer
2023-07-25,47,11,178.77,No,Tuesday,Summer
2023-07-26,1,18,268.05,No,Wednesday,Summer
2023-07-26,2,20,231.26,No,Wednesday,Summer
2023-07-26,3,11,294.01,No,Wednesday,Summer
2023-07-26,4,15,439.81,No,Wednesday,Summer
2023-07-26,5,24,435.2,No,Wednesday,Summer
2023-07-26,10,19,283.3,No,Wednesday,Summer
2023-07-26,13,22,326.8,No,Wednesday,Summer
2023-07-26,33,21,12.84,No,Wednesday,Summer
2023-07-26,33,25,12.84,No,Wednesday,Summer
2023-07-26,39,15,256.18,No,Wednesday,Summer
2023-07-26,40,15,459.32,No,Wednesday,Summer
2023-07-26,43,20,51.67,No,Wednesday,Summer
2023-07-26,47,12,178.77,No,Wednesday,Summer
2023-07-26,48,21,395.46,No,Wednesday,Summer
2023-07-26,49,25,176.08,No,Wednesday,Summer
2023-07-27,2,19,231.26,No,Thursday,Summer
2023-07-27,4,15,439.81,No,Thursday,Summer
2023-07-27,8,28,218.96,No,Thursday,Summer
2023-07-27,18,12,33.45,No,Thursday,Summer
2023-07-27,22,23,399.69,No,Thursday,Summer
2023-07-27,22,29,399.69,No,Thursday,Summer
2023-07-27,32,18,114.83,No,Thursday,Summer
2023-07-27,49,11,176.08,No,Thursday,Summer
2023-07-27,49,29,176.08,No,Thursday,Summer
2023-07-28,25,21,183.24,No,Friday,Summer
2023-07-28,25,25,183.24,No,Friday,Summer
2023-07-28,27,19,302.7,No,Friday,Summer
2023-07-28,28,57,170.26,Yes,Friday,Summer
2023-07-28,33,30,12.84,No,Friday,Summer
2023-07-28,34,64,117.83,Yes,Friday,Summer
2023-07-28,35,20,376.97,No,Friday,Summer
2023-07-28,36,28,399.14,No,Friday,Summer
2023-07-28,37,23,109.21,No,Friday,Summer
2023-07-28,42,21,363.99,No,Friday,Summer
2023-07-28,47,28,178.77,No,Friday,Summer
2023-07-29,2,38,231.26,No,Saturday,Summer
2023-07-29,4,21,439.81,No,Saturday,Summer
2023-07-29,10,43,283.3,No,Saturday,Summer
2023-07-29,11,31,329.15,No,Saturday,Summer
2023-07-29,12,26,85.5,No,Saturday,Summer
2023-07-29,14,63,87.39,Yes,Saturday,Summer
2023-07-29,14,38,99.5,No,Saturday,Summer
2023-07-29,16,26,176.15,No,Saturday,Summer
2023-07-29,16,41,176.15,No,Saturday,Summer
2023-07-29,23,31,319.08,No,Saturday,Summer
2023-07-29,30,26,222.51,No,Saturday,Summer
2023-07-29,36,33,399.14,No,Saturday,Summer
2023-07-29,42,31,363.99,No,Saturday,Summer
2023-07-30,9,59,237.26,Yes,Sunday,Summer
2023-07-30,11,36,329.15,No,Sunday,Summer
2023-07-30,12,28,85.5,No,Sunday,Summer
2023-07-30,13,46,259.68,Yes,Sunday,Summer
2023-07-30,21,30,121.17,No,Sunday,Summer
2023-07-30,21,28,121.17,No,Sunday,Summer
2023-07-30,22,21,399.69,No,Sunday,Summer
2023-07-30,23,26,319.08,No,Sunday,Summer
2023-07-30,29,38,352.17,No,Sunday,Summer
2023-07-30,33,25,12.84,No,Sunday,Summer
2023-07-30,38,59,344.39,Yes,Sunday,Summer
2023-07-30,46,35,360.9,No,Sunday,Summer
2023-07-30,47,30,178.77,No,Sunday,Summer
2023-07-31,11,31,329.15,No,Monday,Summer
2023-07-31,18,12,33.45,No,Monday,Summer
2023-07-31,22,16,399.69,No,Monday,Summer
2023-07-31,23,23,319.08,No,Monday,Summer
2023-07-31,30,20,222.51,No,Monday,Summer
2023-07-31,36,22,399.14,No,Monday,Summer
2023-07-31,39,22,256.18,No,Monday,Summer
2023-07-31,46,23,360.9,No,Monday,Summer
2023-08-01,4,25,439.81,No,Tuesday,Summer
2023-08-01,8,32,218.96,No,Tuesday,Summer
2023-08-01,17,21,357.85,No,Tuesday,Summer
2023-08-01,19,64,149.54,Yes,Tuesday,Summer
2023-08-01,29,19,352.17,No,Tuesday,Summer
2023-08-01,31,23,109.11,No,Tuesday,Summer
2023-08-01,33,23,12.84,No,Tuesday,Summer
2023-08-01,46,28,360.9,No,Tuesday,Summer
2023-08-01,48,21,395.46,No,Tuesday,Summer
2023-08-02,1,28,268.05,No,Wednesday,Summer
2023-08-02,2,23,231.26,No,Wednesday,Summer
2023-08-02,4,18,439.81,No,Wednesday,Summer
2023-08-02,6,44,205.69,Yes,Wednesday,Summer
2023-08-02,7,24,17.53,No,Wednesday,Summer
2023-08-02,22,24,399.69,No,Wednesday,Summer
2023-08-02,27,18,302.7,No,Wednesday,Summer
2023-08-02,28,19,241.51,No,Wednesday,Summer
2023-08-02,31,19,109.11,No,Wednesday,Summer
2023-08-02,31,19,109.11,No,Wednesday,Summer
2023-08-02,33,22,12.84,No,Wednesday,Summer
2023-08-02,39,40,183.68,Yes,Wednesday,Summer
2023-08-02,48,20,395.46,No,Wednesday,Summer
2023-08-03,1,16,268.05,No,Thursday,Summer
2023-08-03,5,19,435.2,No,Thursday,Summer
2023-08-03,20,42,281.38,Yes,Thursday,Summer
2023-08-03,23,26,319.08,No,Thursday,Summer
2023-08-03,25,59,140.26,Yes,Thursday,Summer
2023-08-03,28,42,194.09,Yes,Thursday,Summer
2023-08-03,32,20,114.83,No,Thursday,Summer
2023-08-03,32,25,114.83,No,Thursday,Summer
2023-08-03,33,22,12.84,No,Thursday,Summer
2023-08-03,40,30,459.32,No,Thursday,Summer
2023-08-03,41,42,273.25,Yes,Thursday,Summer
2023-08-03,46,25,360.9,No,Thursday,Summer
2023-08-04,4,57,382.63,Yes,Friday,Summer
2023-08-04,6,18,231.03,No,Friday,Summer
2023-08-04,6,22,231.03,No,Friday,Summer
2023-08-04,11,53,241.53,Yes,Friday,Summer
2023-08-04,13,23,326.8,No,Friday,Summer
2023-08-04,16,13,176.15,No,Friday,Summer
2023-08-04,29,24,352.17,No,Friday,Summer
2023-08-04,39,16,256.18,No,Friday,Summer
2023-08-04,41,15,356.31,No,Friday,Summer
2023-08-04,45,26,14.32,No,Friday,Summer
2023-08-04,46,21,360.9,No,Friday,Summer
2023-08-04,46,22,360.9,No,Friday,Summer
2023-08-05,4,48,439.81,No,Saturday,Summer
2023-08-05,8,35,218.96,No,Saturday,Summer
2023-08-05,8,76,164.54,Yes,Saturday,Summer
2023-08-05,10,35,283.3,No,Saturday,Summer
2023-08-05,12,41,85.5,No,Saturday,Summer
2023-08-05,15,35,377.76,No,Saturday,Summer
2023-08-05,19,25,209.85,No,Saturday,Summer
2023-08-05,21,23,121.17,No,Saturday,Summer
2023-08-05,21,36,121.17,No,Saturday,Summer
2023-08-05,26,35,246.4,No,Saturday,Summer
2023-08-05,39,26,256.18,No,Saturday,Summer
2023-08-05,40,38,459.32,No,Saturday,Summer
2023-08-05,45,28,14.32,No,Saturday,Summer
2023-08-05,45,30,14.32,No,Saturday,Summer
2023-08-06,18,69,28.53,Yes,Sunday,Summer
2023-08-06,21,48,121.17,No,Sunday,Summer
2023-08-06,21,48,121.17,No,Sunday,Summer
2023-08-06,22,82,334.92,Yes,Sunday,Summer
2023-08-06,24,40,297.91,No,Sunday,Summer
2023-08-06,25,36,183.24,No,Sunday,Summer
2023-08-06,26,41,246.4,No,Sunday,Summer
2023-08-06,30,56,222.51,No,Sunday,Summer
2023-08-06,37,25,109.21,No,Sunday,Summer
2023-08-06,41,69,265.61,Yes,Sunday,Summer
2023-08-06,41,30,356.31,No,Sunday,Summer
2023-08-06,45,43,14.32,No,Sunday,Summer
2023-08-06,49,31,176.08,No,Sunday,Summer
2023-08-06,49,25,176.08,No,Sunday,Summer
2023-08-07,2,24,231.26,No,Monday,Summer
2023-08-07,6,22,231.03,No,Monday,Summer
2023-08-07,24,46,229.64,Yes,Monday,Summer
2023-08-07,25,16,183.24,No,Monday,Summer
2023-08-07,43,28,51.67,No,Monday,Summer
2023-08-07,48,66,341.12,Yes,Monday,Summer
2023-08-08,3,40,263.21,Yes,Tuesday,Summer
2023-08-08,3,24,294.01,No,Tuesday,Summer
2023-08-08,15,25,377.76,No,Tuesday,Summer
2023-08-08,17,35,318.95,Yes,Tuesday,Summer
2023-08-08,23,51,262.79,Yes,Tuesday,Summer
2023-08-08,25,24,183.24,No,Tuesday,Summer
2023-08-08,27,22,302.7,No,Tuesday,Summer
2023-08-08,33,33,9.93,Yes,Tuesday,Summer
2023-08-08,34,25,157.47,No,Tuesday,Summer
2023-08-08,34,24,157.47,No,Tuesday,Summer
2023-08-08,35,20,376.97,No,Tuesday,Summer
2023-08-08,36,28,399.14,No,Tuesday,Summer
2023-08-08,41,19,356.31,No,Tuesday,Summer
2023-08-08,47,22,178.77,No,Tuesday,Summer
2023-08-09,7,66,13.08,Yes,Wednesday,Summer
2023-08-09,11,14,329.15,No,Wednesday,Summer
2023-08-09,16,26,176.15,No,Wednesday,Summer
2023-08-09,21,21,121.17,No,Wednesday,Summer
2023-08-09,22,20,399.69,No,Wednesday,Summer
2023-08-09,28,37,208.56,Yes,Wednesday,Summer
2023-08-09,38,19,479.93,No,Wednesday,Summer
2023-08-09,39,34,256.18,No,Wednesday,Summer
2023-08-09,42,18,363.99,No,Wednesday,Summer
2023-08-09,44,55,86.39,Yes,Wednesday,Summer
2023-08-10,13,22,326.8,No,Thursday,Summer
2023-08-10,16,33,133.21,Yes,Thursday,Summer
2023-08-10,25,11,183.24,No,Thursday,Summer
2023-08-10,32,25,114.83,No,Thursday,Summer
2023-08-10,32,28,114.83,No,Thursday,Summer
2023-08-10,38,48,422.48,Yes,Thursday,Summer
2023-08-10,46,16,360.9,No,Thursday,Summer
2023-08-10,47,21,178.77,No,Thursday,Summer
2023-08-10,49,40,146.16,Yes,Thursday,Summer
2023-08-11,4,30,439.81,No,Friday,Summer
2023-08-11,5,15,435.2,No,Friday,Summer
2023-08-11,11,23,329.15,No,Friday,Summer
2023-08-11,17,51,255.96,Yes,Friday,Summer
2023-08-11,23,21,319.08,No,Friday,Summer
2023-08-11,24,16,297.91,No,Friday,Summer
2023-08-11,28,26,241.51,No,Friday,Summer
2023-08-11,29,22,352.17,No,Friday,Summer
2023-08-11,30,18,222.51,No,Friday,Summer
2023-08-11,35,18,376.97,No,Friday,Summer
2023-08-11,43,19,51.67,No,Friday,Summer
2023-08-11,47,20,178.77,No,Friday,Summer
2023-08-12,1,53,212.09,Yes,Saturday,Summer
2023-08-12,6,41,231.03,No,Saturday,Summer
2023-08-12,7,23,17.53,No,Saturday,Summer
2023-08-12,10,30,283.3,No,Saturday,Summer
2023-08-12,11,33,329.15,No,Saturday,Summer
2023-08-12,13,36,326.8,No,Saturday,Summer
2023-08-12,15,31,377.76,No,Saturday,Summer
2023-08-12,16,38,176.15,No,Saturday,Summer
2023-08-12,20,36,355.47,No,Saturday,Summer
2023-08-12,44,43,117.8,No,Saturday,Summer
2023-08-13,7,21,17.53,No,Sunday,Summer
2023-08-13,9,16,307.03,No,Sunday,Summer
2023-08-13,14,23,99.5,No,Sunday,Summer
2023-08-13,16,20,176.15,No,Sunday,Summer
2023-08-13,16,33,176.15,No,Sunday,Summer
2023-08-13,18,33,33.45,No,Sunday,Summer
2023-08-13,19,40,209.85,No,Sunday,Summer
2023-08-13,23,89,280.06,Yes,Sunday,Summer
2023-08-13,29,40,352.17,No,Sunday,Summer
2023-08-13,34,31,157.47,No,Sunday,Summer
2023-08-13,41,79,256.57,Yes,Sunday,Summer
2023-08-13,42,33,363.99,No,Sunday,Summer
2023-08-14,3,19,294.01,No,Monday,Summer
2023-08-14,13,16,326.8,No,Monday,Summer
2023-08-14,13,53,260.6,Yes,Monday,Summer
2023-08-14,16,30,176.15,No,Monday,Summer
2023-08-14,20,24,355.47,No,Monday,Summer
2023-08-14,21,28,121.17,No,Monday,Summer
2023-08-14,24,48,219.83,Yes,Monday,Summer
2023-08-14,27,19,302.7,No,Monday,Summer
2023-08-14,28,25,241.51,No,Monday,Summer
2023-08-14,30,24,222.51,No,Monday,Summer
2023-08-14,33,51,9.25,Yes,Monday,Summer
2023-08-14,33,16,12.84,No,Monday,Summer
2023-08-14,37,51,94.04,Yes,Monday,Summer
2023-08-14,42,46,310.16,Yes,Monday,Summer
2023-08-14,49,30,176.08,No,Monday,Summer
2023-08-15,2,19,231.26,No,Tuesday,Summer
2023-08-15,7,46,14.68,Yes,Tuesday,Summer
2023-08-15,8,53,176.46,Yes,Tuesday,Summer
2023-08-15,8,22,218.96,No,Tuesday,Summer
2023-08-15,8,46,167.37,Yes,Tuesday,Summer
2023-08-15,8,23,218.96,No,Tuesday,Summer
2023-08-15,9,25,307.03,No,Tuesday,Summer
2023-08-15,10,24,283.3,No,Tuesday,Summer
2023-08-15,10,20,283.3,No,Tuesday,Summer
2023-08-15,15,28,377.76,No,Tuesday,Summer
2023-08-15,23,21,319.08,No,Tuesday,Summer
2023-08-15,32,21,114.83,No,Tuesday,Summer
2023-08-15,38,18,479.93,No,Tuesday,Summer
2023-08-15,46,21,360.9,No,Tuesday,Summer
2023-08-15,48,26,319.45,Yes,Tuesday,Summer
2023-08-16,14,19,99.5,No,Wednesday,Summer
2023-08-16,17,15,357.85,No,Wednesday,Summer
2023-08-16,18,12,33.45,No,Wednesday,Summer
2023-08-16,28,25,241.51,No,Wednesday,Summer
2023-08-16,35,19,376.97,No,Wednesday,Summer
2023-08-16,42,26,363.99,No,Wednesday,Summer
2023-08-16,46,21,360.9,No,Wednesday,Summer
2023-08-16,47,30,178.77,No,Wednesday,Summer
2023-08-16,47,46,145.87,Yes,Wednesday,Summer
2023-08-17,7,23,17.53,No,Thursday,Summer
2023-08-17,9,24,307.03,No,Thursday,Summer
2023-08-17,13,35,262.77,Yes,Thursday,Summer
2023-08-17,25,20,183.24,No,Thursday,Summer
2023-08-17,26,28,246.4,No,Thursday,Summer
2023-08-17,29,48,309.71,Yes,Thursday,Summer
2023-08-17,31,22,109.11,No,Thursday,Summer
2023-08-17,32,24,114.83,No,Thursday,Summer
2023-08-17,34,26,157.47,No,Thursday,Summer
2023-08-17,37,15,109.21,No,Thursday,Summer
2023-08-17,40,40,392.53,Yes,Thursday,Summer
2023-08-17,42,23,363.99,No,Thursday,Summer
2023-08-17,47,28,178.77,No,Thursday,Summer
2023-08-17,49,18,176.08,No,Thursday,Summer
2023-08-18,16,22,176.15,No,Friday,Summer
2023-08-18,19,18,209.85,No,Friday,Summer
2023-08-18,19,25,209.85,No,Friday,Summer
2023-08-18,22,35,306.75,Yes,Friday,Summer
2023-08-18,25,18,183.24,No,Friday,Summer
2023-08-18,26,20,246.4,No,Friday,Summer
2023-08-18,34,55,117.64,Yes,Friday,Summer
2023-08-18,42,20,363.99,No,Friday,Summer
2023-08-18,46,23,360.9,No,Friday,Summer
2023-08-18,50,21,411.47,No,Friday,Summer
2023-08-19,9,35,307.03,No,Saturday,Summer
2023-08-19,24,33,297.91,No,Saturday,Summer
2023-08-19,26,36,203.25,Yes,Saturday,Summer
2023-08-19,28,26,241.51,No,Saturday,Summer
2023-08-19,34,23,157.47,No,Saturday,Summer
2023-08-19,37,30,109.21,No,Saturday,Summer
2023-08-19,43,48,51.67,No,Saturday,Summer
2023-08-19,43,76,36.88,Yes,Saturday,Summer
2023-08-19,46,56,260.52,Yes,Saturday,Summer
2023-08-19,48,46,290.29,Yes,Saturday,Summer
2023-08-19,50,33,411.47,No,Saturday,Summer
2023-08-20,4,33,439.81,No,Sunday,Summer
2023-08-20,15,18,377.76,No,Sunday,Summer
2023-08-20,15,79,269.51,Yes,Sunday,Summer
2023-08-20,17,38,357.85,No,Sunday,Summer
2023-08-20,34,36,157.47,No,Sunday,Summer
2023-08-20,34,25,157.47,No,Sunday,Summer
2023-08-20,37,21,109.21,No,Sunday,Summer
2023-08-20,43,38,51.67,No,Sunday,Summer
2023-08-20,44,40,117.8,No,Sunday,Summer
2023-08-20,49,41,176.08,No,Sunday,Summer
2023-08-21,1,25,268.05,No,Monday,Summer
2023-08-21,2,20,231.26,No,Monday,Summer
2023-08-21,2,26,231.26,No,Monday,Summer
2023-08-21,6,18,231.03,No,Monday,Summer
2023-08-21,24,21,297.91,No,Monday,Summer
2023-08-21,28,33,185.32,Yes,Monday,Summer
2023-08-21,28,18,241.51,No,Monday,Summer
2023-08-21,32,25,114.83,No,Monday,Summer
2023-08-21,33,15,12.84,No,Monday,Summer
2023-08-21,35,26,376.97,No,Monday,Summer
2023-08-21,35,25,376.97,No,Monday,Summer
2023-08-21,38,14,479.93,No,Monday,Summer
2023-08-21,40,16,459.32,No,Monday,Summer
2023-08-21,43,46,41.73,Yes,Monday,Summer
2023-08-21,48,46,335.63,Yes,Monday,Summer
2023-08-21,48,16,395.46,No,Monday,Summer
2023-08-22,1,13,268.05,No,Tuesday,Summer
2023-08-22,2,29,231.26,No,Tuesday,Summer
2023-08-22,7,12,17.53,No,Tuesday,Summer
2023-08-22,9,21,307.03,No,Tuesday,Summer
2023-08-22,42,30,363.99,No,Tuesday,Summer
2023-08-23,9,18,307.03,No,Wednesday,Summer
2023-08-23,15,24,377.76,No,Wednesday,Summer
2023-08-23,24,28,297.91,No,Wednesday,Summer
2023-08-23,30,18,222.51,No,Wednesday,Summer
2023-08-23,30,23,222.51,No,Wednesday,Summer
2023-08-23,30,22,222.51,No,Wednesday,Summer
2023-08-23,33,29,12.84,No,Wednesday,Summer
2023-08-23,38,25,479.93,No,Wednesday,Summer
2023-08-23,38,16,479.93,No,Wednesday,Summer
2023-08-23,45,34,14.32,No,Wednesday,Summer
2023-08-23,45,24,14.32,No,Wednesday,Summer
2023-08-24,2,57,205.66,Yes,Thursday,Summer
2023-08-24,2,16,231.26,No,Thursday,Summer
2023-08-24,7,30,17.53,No,Thursday,Summer
2023-08-24,20,23,355.47,No,Thursday,Summer
2023-08-24,23,26,228.64,Yes,Thursday,Summer
2023-08-24,29,35,352.17,No,Thursday,Summer
2023-08-24,35,30,376.97,No,Thursday,Summer
2023-08-24,37,25,109.21,No,Thursday,Summer
2023-08-24,38,20,479.93,No,Thursday,Summer
2023-08-24,39,22,256.18,No,Thursday,Summer
2023-08-25,5,26,435.2,No,Friday,Summer
2023-08-25,10,19,283.3,No,Friday,Summer
2023-08-25,11,53,263.18,Yes,Friday,Summer
2023-08-25,12,35,76.86,Yes,Friday,Summer
2023-08-25,13,21,326.8,No,Friday,Summer
2023-08-25,15,25,377.76,No,Friday,Summer
2023-08-25,18,36,33.45,No,Friday,Summer
2023-08-25,23,21,319.08,No,Friday,Summer
2023-08-25,23,12,319.08,No,Friday,Summer
2023-08-25,27,44,251.9,Yes,Friday,Summer
2023-08-25,27,19,302.7,No,Friday,Summer
2023-08-25,27,29,302.7,No,Friday,Summer
2023-08-25,28,34,241.51,No,Friday,Summer
2023-08-25,32,29,114.83,No,Friday,Summer
2023-08-25,32,23,114.83,No,Friday,Summer
2023-08-25,39,20,256.18,No,Friday,Summer
2023-08-25,42,32,363.99,No,Friday,Summer
2023-08-25,44,20,117.8,No,Friday,Summer
2023-08-25,44,25,117.8,No,Friday,Summer
2023-08-26,1,73,233.09,Yes,Saturday,Summer
2023-08-26,4,25,439.81,No,Saturday,Summer
2023-08-26,8,35,218.96,No,Saturday,Summer
2023-08-26,14,82,77.8,Yes,Saturday,Summer
2023-08-26,21,30,121.17,No,Saturday,Summer
2023-08-26,22,36,399.69,No,Saturday,Summer
2023-08-26,26,69,198.85,Yes,Saturday,Summer
2023-08-26,36,73,325.68,Yes,Saturday,Summer
2023-08-27,10,28,283.3,No,Sunday,Summer
2023-08-27,10,30,283.3,No,Sunday,Summer
2023-08-27,14,28,99.5,No,Sunday,Summer
2023-08-27,15,66,328.39,Yes,Sunday,Summer
2023-08-27,17,51,357.85,No,Sunday,Summer
2023-08-27,18,73,24.26,Yes,Sunday,Summer
2023-08-27,21,35,121.17,No,Sunday,Summer
2023-08-27,22,28,399.69,No,Sunday,Summer
2023-08-27,22,82,326.02,Yes,Sunday,Summer
2023-08-27,23,43,286.06,Yes,Sunday,Summer
2023-08-27,26,76,191.47,Yes,Sunday,Summer
2023-08-27,36,18,399.14,No,Sunday,Summer
2023-08-27,45,30,14.32,No,Sunday,Summer
2023-08-27,50,40,411.47,No,Sunday,Summer
2023-08-28,21,24,121.17,No,Monday,Summer
2023-08-28,36,33,285.47,Yes,Monday,Summer
2023-08-29,3,24,294.01,No,Tuesday,Summer
2023-08-29,4,14,439.81,No,Tuesday,Summer
2023-08-29,29,23,352.17,No,Tuesday,Summer
2023-08-29,36,23,399.14,No,Tuesday,Summer
2023-08-29,36,21,399.14,No,Tuesday,Summer
2023-08-29,45,21,14.32,No,Tuesday,Summer
2023-08-29,46,12,360.9,No,Tuesday,Summer
2023-08-30,2,26,231.26,No,Wednesday,Summer
2023-08-30,3,25,294.01,No,Wednesday,Summer
2023-08-30,6,12,231.03,No,Wednesday,Summer
2023-08-30,9,20,307.03,No,Wednesday,Summer
2023-08-30,10,22,283.3,No,Wednesday,Summer
2023-08-30,22,21,399.69,No,Wednesday,Summer
2023-08-30,23,35,232.36,Yes,Wednesday,Summer
2023-08-30,24,18,297.91,No,Wednesday,Summer
2023-08-30,24,37,225.37,Yes,Wednesday,Summer
2023-08-30,37,22,109.21,No,Wednesday,Summer
2023-08-30,47,21,178.77,No,Wednesday,Summer
2023-08-30,48,25,395.46,No,Wednesday,Summer
2023-08-31,27,14,302.7,No,Thursday,Summer
2023-08-31,38,35,407.04,Yes,Thursday,Summer
2023-08-31,42,14,363.99,No,Thursday,Summer
2023-08-31,44,30,117.8,No,Thursday,Summer
2023-08-31,44,31,117.8,No,Thursday,Summer
2023-08-31,44,33,85.49,Yes,Thursday,Summer
2023-09-01,6,17,231.03,No,Friday,Autumn
2023-09-01,7,16,17.53,No,Friday,Autumn
2023-09-01,9,10,307.03,No,Friday,Autumn
2023-09-01,30,32,176.17,Yes,Friday,Autumn
2023-09-01,36,16,399.14,No,Friday,Autumn
2023-09-01,44,25,94.58,Yes,Friday,Autumn
2023-09-02,10,23,283.3,No,Saturday,Autumn
2023-09-02,12,27,85.5,No,Saturday,Autumn
2023-09-02,14,46,77.86,Yes,Saturday,Autumn
2023-09-02,16,28,176.15,No,Saturday,Autumn
2023-09-02,19,26,209.85,No,Saturday,Autumn
2023-09-02,22,16,399.69,No,Saturday,Autumn
2023-09-02,25,32,183.24,No,Saturday,Autumn
2023-09-02,39,32,256.18,No,Saturday,Autumn
2023-09-02,44,19,117.8,No,Saturday,Autumn
2023-09-03,4,24,439.81,No,Sunday,Autumn
2023-09-03,15,43,270.1,Yes,Sunday,Autumn
2023-09-03,21,26,121.17,No,Sunday,Autumn
2023-09-03,21,24,121.17,No,Sunday,Autumn
2023-09-03,25,34,183.24,No,Sunday,Autumn
2023-09-03,27,26,302.7,No,Sunday,Autumn
2023-09-03,36,31,399.14,No,Sunday,Autumn
2023-09-03,43,22,51.67,No,Sunday,Autumn
2023-09-03,48,22,395.46,No,Sunday,Autumn
2023-09-03,49,26,176.08,No,Sunday,Autumn
2023-09-03,50,22,411.47,No,Sunday,Autumn
2023-09-04,3,25,294.01,No,Monday,Autumn
2023-09-04,4,16,439.81,No,Monday,Autumn
2023-09-04,4,47,362.22,Yes,Monday,Autumn
2023-09-04,5,14,435.2,No,Monday,Autumn
2023-09-04,11,14,329.15,No,Monday,Autumn
2023-09-04,14,19,99.5,No,Monday,Autumn
2023-09-04,14,36,82.26,Yes,Monday,Autumn
2023-09-04,19,20,209.85,No,Monday,Autumn
2023-09-04,24,22,297.91,No,Monday,Autumn
2023-09-04,27,20,302.7,No,Monday,Autumn
2023-09-04,29,21,352.17,No,Monday,Autumn
2023-09-04,33,25,12.84,No,Monday,Autumn
2023-09-04,41,22,356.31,No,Monday,Autumn
2023-09-04,44,13,117.8,No,Monday,Autumn
2023-09-04,47,22,128.65,Yes,Monday,Autumn
2023-09-04,49,21,176.08,No,Monday,Autumn
2023-09-05,9,8,307.03,No,Tuesday,Autumn
2023-09-05,16,15,176.15,No,Tuesday,Autumn
2023-09-05,17,24,357.85,No,Tuesday,Autumn
2023-09-05,26,10,246.4,No,Tuesday,Autumn
2023-09-05,41,11,356.31,No,Tuesday,Autumn
2023-09-05,43,11,51.67,No,Tuesday,Autumn
2023-09-05,44,11,117.8,No,Tuesday,Autumn
2023-09-05,45,16,14.32,No,Tuesday,Autumn
2023-09-05,47,14,178.77,No,Tuesday,Autumn
2023-09-05,48,17,395.46,No,Tuesday,Autumn
2023-09-06,4,19,439.81,No,Wednesday,Autumn
2023-09-06,6,40,189.74,Yes,Wednesday,Autumn
2023-09-06,8,38,176.42,Yes,Wednesday,Autumn
2023-09-06,43,13,51.67,No,Wednesday,Autumn
2023-09-06,50,23,362.38,Yes,Wednesday,Autumn
2023-09-06,50,20,411.47,No,Wednesday,Autumn
2023-09-07,2,22,231.26,No,Thursday,Autumn
2023-09-07,5,22,435.2,No,Thursday,Autumn
2023-09-07,11,17,329.15,No,Thursday,Autumn
2023-09-07,16,19,176.15,No,Thursday,Autumn
2023-09-07,37,17,109.21,No,Thursday,Autumn
2023-09-07,41,19,356.31,No,Thursday,Autumn
2023-09-07,43,34,44.28,Yes,Thursday,Autumn
2023-09-07,44,12,117.8,No,Thursday,Autumn
2023-09-07,48,13,395.46,No,Thursday,Autumn
2023-09-08,5,41,385.35,Yes,Friday,Autumn
2023-09-08,11,22,329.15,No,Friday,Autumn
2023-09-08,13,13,326.8,No,Friday,Autumn
2023-09-08,14,14,99.5,No,Friday,Autumn
2023-09-08,15,14,377.76,No,Friday,Autumn
2023-09-08,15,19,377.76,No,Friday,Autumn
2023-09-08,16,21,176.15,No,Friday,Autumn
2023-09-08,16,20,176.15,No,Friday,Autumn
2023-09-08,20,20,355.47,No,Friday,Autumn
2023-09-08,24,17,297.91,No,Friday,Autumn
2023-09-08,28,17,241.51,No,Friday,Autumn
2023-09-08,31,22,109.11,No,Friday,Autumn
2023-09-08,38,14,479.93,No,Friday,Autumn
2023-09-08,40,31,364.38,Yes,Friday,Autumn
2023-09-09,1,27,268.05,No,Saturday,Autumn
2023-09-09,15,23,377.76,No,Saturday,Autumn
2023-09-09,20,19,355.47,No,Saturday,Autumn
2023-09-09,22,24,399.69,No,Saturday,Autumn
2023-09-09,27,57,235.03,Yes,Saturday,Autumn
2023-09-09,30,20,222.51,No,Saturday,Autumn
2023-09-09,37,30,109.21,No,Saturday,Autumn
2023-09-09,37,24,109.21,No,Saturday,Autumn
2023-09-10,6,57,183.58,Yes,Sunday,Autumn
2023-09-10,8,19,218.96,No,Sunday,Autumn
2023-09-10,13,35,326.8,No,Sunday,Autumn
2023-09-10,16,30,176.15,No,Sunday,Autumn
2023-09-10,20,22,355.47,No,Sunday,Autumn
2023-09-10,23,16,319.08,No,Sunday,Autumn
2023-09-10,27,57,266.29,Yes,Sunday,Autumn
2023-09-10,27,20,302.7,No,Sunday,Autumn
2023-09-10,29,34,352.17,No,Sunday,Autumn
2023-09-10,38,51,346.15,Yes,Sunday,Autumn
2023-09-10,42,26,363.99,No,Sunday,Autumn
2023-09-10,44,27,117.8,No,Sunday,Autumn
2023-09-10,45,27,14.32,No,Sunday,Autumn
2023-09-10,49,38,176.08,No,Sunday,Autumn
2023-09-11,2,22,231.26,No,Monday,Autumn
2023-09-11,9,34,224.38,Yes,Monday,Autumn
2023-09-11,10,20,283.3,No,Monday,Autumn
2023-09-11,17,21,357.85,No,Monday,Autumn
2023-09-11,23,26,319.08,No,Monday,Autumn
2023-09-11,24,29,219.95,Yes,Monday,Autumn
2023-09-11,26,14,246.4,No,Monday,Autumn
2023-09-11,28,36,204.15,Yes,Monday,Autumn
2023-09-11,34,34,134.86,Yes,Monday,Autumn
2023-09-11,35,45,338.62,Yes,Monday,Autumn
2023-09-11,44,27,117.8,No,Monday,Autumn
2023-09-11,46,21,360.9,No,Monday,Autumn
2023-09-11,46,16,360.9,No,Monday,Autumn
2023-09-12,5,27,435.2,No,Tuesday,Autumn
2023-09-12,8,19,218.96,No,Tuesday,Autumn
2023-09-12,12,22,85.5,No,Tuesday,Autumn
2023-09-12,14,13,99.5,No,Tuesday,Autumn
2023-09-12,18,15,33.45,No,Tuesday,Autumn
2023-09-12,25,41,138.96,Yes,Tuesday,Autumn
2023-09-12,40,14,459.32,No,Tuesday,Autumn
2023-09-12,47,12,178.77,No,Tuesday,Autumn
2023-09-12,47,20,178.77,No,Tuesday,Autumn
2023-09-12,50,15,411.47,No,Tuesday,Autumn
2023-09-13,2,13,231.26,No,Wednesday,Autumn
2023-09-13,7,14,17.53,No,Wednesday,Autumn
2023-09-13,26,9,246.4,No,Wednesday,Autumn
2023-09-13,26,38,188.02,Yes,Wednesday,Autumn
2023-09-13,29,15,352.17,No,Wednesday,Autumn
2023-09-13,34,32,110.93,Yes,Wednesday,Autumn
2023-09-13,35,14,376.97,No,Wednesday,Autumn
2023-09-13,46,49,320.6,Yes,Wednesday,Autumn
2023-09-13,46,20,360.9,No,Wednesday,Autumn
2023-09-13,48,18,395.46,No,Wednesday,Autumn
2023-09-13,49,9,176.08,No,Wednesday,Autumn
2023-09-14,2,15,231.26,No,Thursday,Autumn
2023-09-14,3,15,294.01,No,Thursday,Autumn
2023-09-14,16,10,176.15,No,Thursday,Autumn
2023-09-14,22,15,399.69,No,Thursday,Autumn
2023-09-14,26,32,186.91,Yes,Thursday,Autumn
2023-09-14,43,14,51.67,No,Thursday,Autumn
2023-09-15,2,49,197.5,Yes,Friday,Autumn
2023-09-15,6,14,231.03,No,Friday,Autumn
2023-09-15,10,18,283.3,No,Friday,Autumn
2023-09-15,21,24,121.17,No,Friday,Autumn
2023-09-15,25,18,183.24,No,Friday,Autumn
2023-09-15,38,12,479.93,No,Friday,Autumn
2023-09-15,38,17,479.93,No,Friday,Autumn
2023-09-15,42,16,363.99,No,Friday,Autumn
2023-09-15,47,13,178.77,No,Friday,Autumn
2023-09-15,48,17,395.46,No,Friday,Autumn
2023-09-16,2,32,231.26,No,Saturday,Autumn
2023-09-16,7,23,17.53,No,Saturday,Autumn
2023-09-16,10,23,283.3,No,Saturday,Autumn
2023-09-16,14,27,99.5,No,Saturday,Autumn
2023-09-16,20,27,355.47,No,Saturday,Autumn
2023-09-16,26,26,246.4,No,Saturday,Autumn
2023-09-16,27,31,302.7,No,Saturday,Autumn
2023-09-16,28,24,241.51,No,Saturday,Autumn
2023-09-16,33,31,12.84,No,Saturday,Autumn
2023-09-16,37,32,109.21,No,Saturday,Autumn
2023-09-16,45,32,14.32,No,Saturday,Autumn
2023-09-17,6,54,196.97,Yes,Sunday,Autumn
2023-09-17,14,24,99.5,No,Sunday,Autumn
2023-09-17,15,26,377.76,No,Sunday,Autumn
2023-09-17,15,23,377.76,No,Sunday,Autumn
2023-09-17,16,38,176.15,No,Sunday,Autumn
2023-09-17,26,26,246.4,No,Sunday,Autumn
2023-09-17,28,18,241.51,No,Sunday,Autumn
2023-09-17,29,65,279.12,Yes,Sunday,Autumn
2023-09-17,30,70,182.36,Yes,Sunday,Autumn
2023-09-17,35,31,376.97,No,Sunday,Autumn
2023-09-17,36,28,399.14,No,Sunday,Autumn
2023-09-17,39,14,256.18,No,Sunday,Autumn
2023-09-17,44,22,117.8,No,Sunday,Autumn
2023-09-18,3,18,294.01,No,Monday,Autumn
2023-09-18,9,22,307.03,No,Monday,Autumn
2023-09-18,10,11,283.3,No,Monday,Autumn
2023-09-18,11,34,295.56,Yes,Monday,Autumn
2023-09-18,17,21,357.85,No,Monday,Autumn
2023-09-18,19,21,209.85,No,Monday,Autumn
2023-09-18,31,22,109.11,No,Monday,Autumn
2023-09-18,38,18,383.85,Yes,Monday,Autumn
2023-09-18,39,12,256.18,No,Monday,Autumn
2023-09-18,47,14,178.77,No,Monday,Autumn
2023-09-18,49,13,176.08,No,Monday,Autumn
2023-09-19,5,20,435.2,No,Tuesday,Autumn
2023-09-19,8,22,218.96,No,Tuesday,Autumn
2023-09-19,13,17,326.8,No,Tuesday,Autumn
2023-09-19,15,22,377.76,No,Tuesday,Autumn
2023-09-19,22,18,399.69,No,Tuesday,Autumn
2023-09-19,30,22,222.51,No,Tuesday,Autumn
2023-09-19,38,16,479.93,No,Tuesday,Autumn
2023-09-19,41,27,314.63,Yes,Tuesday,Autumn
2023-09-19,45,18,14.32,No,Tuesday,Autumn
2023-09-19,49,21,176.08,No,Tuesday,Autumn
2023-09-20,3,23,294.01,No,Wednesday,Autumn
2023-09-20,9,22,307.03,No,Wednesday,Autumn
2023-09-20,11,22,329.15,No,Wednesday,Autumn
2023-09-20,15,25,377.76,No,Wednesday,Autumn
2023-09-20,21,25,105.44,Yes,Wednesday,Autumn
2023-09-20,41,18,356.31,No,Wednesday,Autumn
2023-09-20,50,25,411.47,No,Wednesday,Autumn
2023-09-21,8,17,218.96,No,Thursday,Autumn
2023-09-21,9,20,307.03,No,Thursday,Autumn
2023-09-21,16,16,176.15,No,Thursday,Autumn
2023-09-21,26,16,246.4,No,Thursday,Autumn
2023-09-21,29,16,352.17,No,Thursday,Autumn
2023-09-21,33,41,11.5,Yes,Thursday,Autumn
2023-09-21,33,22,12.84,No,Thursday,Autumn
2023-09-21,44,14,117.8,No,Thursday,Autumn
2023-09-21,47,38,144.88,Yes,Thursday,Autumn
2023-09-22,1,10,268.05,No,Friday,Autumn
2023-09-22,3,17,294.01,No,Friday,Autumn
2023-09-22,5,20,435.2,No,Friday,Autumn
2023-09-22,23,16,319.08,No,Friday,Autumn
2023-09-22,24,20,297.91,No,Friday,Autumn
2023-09-22,30,40,169.51,Yes,Friday,Autumn
2023-09-22,34,25,157.47,No,Friday,Autumn
2023-09-22,41,21,356.31,No,Friday,Autumn
2023-09-22,47,17,178.77,No,Friday,Autumn
2023-09-22,47,25,133.83,Yes,Friday,Autumn
2023-09-22,50,19,411.47,No,Friday,Autumn
2023-09-23,4,34,439.81,No,Saturday,Autumn
2023-09-23,11,35,329.15,No,Saturday,Autumn
2023-09-23,21,35,121.17,No,Saturday,Autumn
2023-09-23,21,46,97.0,Yes,Saturday,Autumn
2023-09-23,23,62,235.0,Yes,Saturday,Autumn
2023-09-23,35,27,376.97,No,Saturday,Autumn
2023-09-23,41,22,356.31,No,Saturday,Autumn
2023-09-23,42,28,363.99,No,Saturday,Autumn
2023-09-23,46,30,360.9,No,Saturday,Autumn
2023-09-23,50,20,411.47,No,Saturday,Autumn
2023-09-24,6,62,206.79,Yes,Sunday,Autumn
2023-09-24,9,23,307.03,No,Sunday,Autumn
2023-09-24,14,49,79.07,Yes,Sunday,Autumn
2023-09-24,26,30,246.4,No,Sunday,Autumn
2023-09-24,28,26,241.51,No,Sunday,Autumn
2023-09-24,32,18,114.83,No,Sunday,Autumn
2023-09-24,35,40,271.95,Yes,Sunday,Autumn
2023-09-24,40,57,322.55,Yes,Sunday,Autumn
2023-09-24,50,26,411.47,No,Sunday,Autumn
2023-09-25,2,17,231.26,No,Monday,Autumn
2023-09-25,3,18,294.01,No,Monday,Autumn
2023-09-25,5,19,435.2,No,Monday,Autumn
2023-09-25,13,22,326.8,No,Monday,Autumn
2023-09-25,13,15,326.8,No,Monday,Autumn
2023-09-25,19,47,153.73,Yes,Monday,Autumn
2023-09-25,24,27,250.69,Yes,Monday,Autumn
2023-09-25,24,29,243.5,Yes,Monday,Autumn
2023-09-25,26,36,201.09,Yes,Monday,Autumn
2023-09-25,29,14,352.17,No,Monday,Autumn
2023-09-25,31,31,93.03,Yes,Monday,Autumn
2023-09-25,35,38,263.9,Yes,Monday,Autumn
2023-09-25,36,29,308.8,Yes,Monday,Autumn
2023-09-25,37,27,109.21,No,Monday,Autumn
2023-09-25,40,18,459.32,No,Monday,Autumn
2023-09-25,42,20,363.99,No,Monday,Autumn
2023-09-25,46,17,360.9,No,Monday,Autumn
2023-09-26,1,16,268.05,No,Tuesday,Autumn
2023-09-26,2,20,231.26,No,Tuesday,Autumn
2023-09-26,8,24,218.96,No,Tuesday,Autumn
2023-09-26,9,19,307.03,No,Tuesday,Autumn
2023-09-26,10,20,283.3,No,Tuesday,Autumn
2023-09-26,19,17,209.85,No,Tuesday,Autumn
2023-09-26,22,13,399.69,No,Tuesday,Autumn
2023-09-26,25,25,147.74,Yes,Tuesday,Autumn
2023-09-26,50,13,411.47,No,Tuesday,Autumn
2023-09-27,1,21,268.05,No,Wednesday,Autumn
2023-09-27,8,21,218.96,No,Wednesday,Autumn
2023-09-27,11,19,329.15,No,Wednesday,Autumn
2023-09-27,27,15,302.7,No,Wednesday,Autumn
2023-09-27,28,17,241.51,No,Wednesday,Autumn
2023-09-27,33,40,9.74,Yes,Wednesday,Autumn
2023-09-27,34,17,157.47,No,Wednesday,Autumn
2023-09-27,36,21,399.14,No,Wednesday,Autumn
2023-09-27,36,22,399.14,No,Wednesday,Autumn
2023-09-27,39,32,223.76,Yes,Wednesday,Autumn
2023-09-27,40,20,459.32,No,Wednesday,Autumn
2023-09-27,47,18,178.77,No,Wednesday,Autumn
2023-09-28,1,29,268.05,No,Thursday,Autumn
2023-09-28,6,32,179.58,Yes,Thursday,Autumn
2023-09-28,8,14,218.96,No,Thursday,Autumn
2023-09-28,13,38,275.75,Yes,Thursday,Autumn
2023-09-28,16,16,176.15,No,Thursday,Autumn
2023-09-28,17,56,271.26,Yes,Thursday,Autumn
2023-09-28,20,20,355.47,No,Thursday,Autumn
2023-09-28,27,22,302.7,No,Thursday,Autumn
2023-09-28,28,21,241.51,No,Thursday,Autumn
2023-09-28,29,14,352.17,No,Thursday,Autumn
2023-09-28,36,50,337.09,Yes,Thursday,Autumn
2023-09-28,42,14,363.99,No,Thursday,Autumn
2023-09-28,44,18,117.8,No,Thursday,Autumn
2023-09-28,46,17,360.9,No,Thursday,Autumn
2023-09-28,50,16,411.47,No,Thursday,Autumn
2023-09-29,5,16,435.2,No,Friday,Autumn
2023-09-29,9,16,307.03,No,Friday,Autumn
2023-09-29,11,16,329.15,No,Friday,Autumn
2023-09-29,25,29,131.2,Yes,Friday,Autumn
2023-09-29,31,17,109.11,No,Friday,Autumn
2023-09-29,33,19,12.84,No,Friday,Autumn
2023-09-29,45,17,14.32,No,Friday,Autumn
2023-09-30,6,39,231.03,No,Saturday,Autumn
2023-09-30,7,26,17.53,No,Saturday,Autumn
2023-09-30,11,28,329.15,No,Saturday,Autumn
2023-09-30,20,40,314.57,Yes,Saturday,Autumn
2023-09-30,20,26,355.47,No,Saturday,Autumn
2023-09-30,21,39,121.17,No,Saturday,Autumn
2023-09-30,25,19,183.24,No,Saturday,Autumn
2023-09-30,28,32,241.51,No,Saturday,Autumn
2023-09-30,30,57,175.8,Yes,Saturday,Autumn
2023-09-30,36,26,399.14,No,Saturday,Autumn
2023-09-30,37,28,109.21,No,Saturday,Autumn
2023-09-30,40,65,352.62,Yes,Saturday,Autumn
2023-09-30,41,19,356.31,No,Saturday,Autumn
2023-09-30,41,23,356.31,No,Saturday,Autumn
2023-09-30,42,28,363.99,No,Saturday,Autumn
2023-09-30,42,27,363.99,No,Saturday,Autumn
2023-09-30,43,26,51.67,No,Saturday,Autumn
2023-09-30,45,31,14.32,No,Saturday,Autumn
2023-09-30,46,26,360.9,No,Saturday,Autumn
2023-10-01,5,16,435.2,No,Sunday,Autumn
2023-10-01,18,16,33.45,No,Sunday,Autumn
2023-10-01,20,31,355.47,No,Sunday,Autumn
2023-10-01,22,20,399.69,No,Sunday,Autumn
2023-10-01,23,28,319.08,No,Sunday,Autumn
2023-10-01,23,22,319.08,No,Sunday,Autumn
2023-10-01,36,30,399.14,No,Sunday,Autumn
2023-10-01,37,31,109.21,No,Sunday,Autumn
2023-10-01,45,34,14.32,No,Sunday,Autumn
2023-10-01,47,73,155.34,Yes,Sunday,Autumn
2023-10-02,2,22,231.26,No,Monday,Autumn
2023-10-02,7,16,17.53,No,Monday,Autumn
2023-10-02,13,17,326.8,No,Monday,Autumn
2023-10-02,18,11,33.45,No,Monday,Autumn
2023-10-02,30,23,222.51,No,Monday,Autumn
2023-10-02,45,38,10.27,Yes,Monday,Autumn
2023-10-02,45,14,14.32,No,Monday,Autumn
2023-10-03,7,29,13.36,Yes,Tuesday,Autumn
2023-10-03,13,19,326.8,No,Tuesday,Autumn
2023-10-03,15,19,377.76,No,Tuesday,Autumn
2023-10-03,19,14,209.85,No,Tuesday,Autumn
2023-10-03,19,36,182.51,Yes,Tuesday,Autumn
2023-10-03,29,14,352.17,No,Tuesday,Autumn
2023-10-03,35,14,376.97,No,Tuesday,Autumn
2023-10-03,39,25,256.18,No,Tuesday,Autumn
2023-10-03,41,8,356.31,No,Tuesday,Autumn
2023-10-03,43,17,51.67,No,Tuesday,Autumn
2023-10-04,2,17,231.26,No,Wednesday,Autumn
2023-10-04,4,16,439.81,No,Wednesday,Autumn
2023-10-04,5,40,352.16,Yes,Wednesday,Autumn
2023-10-04,7,52,12.71,Yes,Wednesday,Autumn
2023-10-04,8,15,218.96,No,Wednesday,Autumn
2023-10-04,9,20,243.81,Yes,Wednesday,Autumn
2023-10-04,20,40,264.47,Yes,Wednesday,Autumn
2023-10-04,21,17,121.17,No,Wednesday,Autumn
2023-10-04,25,15,183.24,No,Wednesday,Autumn
2023-10-04,29,54,314.92,Yes,Wednesday,Autumn
2023-10-04,36,17,399.14,No,Wednesday,Autumn
2023-10-04,42,11,363.99,No,Wednesday,Autumn
2023-10-04,42,13,363.99,No,Wednesday,Autumn
2023-10-04,43,14,51.67,No,Wednesday,Autumn
2023-10-04,48,18,395.46,No,Wednesday,Autumn
2023-10-04,49,16,176.08,No,Wednesday,Autumn
2023-10-05,3,15,294.01,No,Thursday,Autumn
2023-10-05,10,21,283.3,No,Thursday,Autumn
2023-10-05,13,43,273.84,Yes,Thursday,Autumn
2023-10-05,18,23,33.45,No,Thursday,Autumn
2023-10-05,22,32,313.05,Yes,Thursday,Autumn
2023-10-05,25,16,183.24,No,Thursday,Autumn
2023-10-05,29,22,352.17,No,Thursday,Autumn
2023-10-05,29,41,285.63,Yes,Thursday,Autumn
2023-10-05,34,14,157.47,No,Thursday,Autumn
2023-10-05,35,23,376.97,No,Thursday,Autumn
2023-10-05,35,27,300.15,Yes,Thursday,Autumn
2023-10-05,38,27,353.21,Yes,Thursday,Autumn
2023-10-05,46,22,360.9,No,Thursday,Autumn
2023-10-06,2,13,231.26,No,Friday,Autumn
2023-10-06,7,16,17.53,No,Friday,Autumn
2023-10-06,11,23,259.53,Yes,Friday,Autumn
2023-10-06,13,19,326.8,No,Friday,Autumn
2023-10-06,17,16,357.85,No,Friday,Autumn
2023-10-06,18,19,33.45,No,Friday,Autumn
2023-10-06,23,15,319.08,No,Friday,Autumn
2023-10-06,29,22,352.17,No,Friday,Autumn
2023-10-06,38,14,479.93,No,Friday,Autumn
2023-10-06,40,22,459.32,No,Friday,Autumn
2023-10-06,50,12,411.47,No,Friday,Autumn
2023-10-07,12,36,85.5,No,Saturday,Autumn
2023-10-07,14,43,78.99,Yes,Saturday,Autumn
2023-10-07,15,27,377.76,No,Saturday,Autumn
2023-10-07,26,31,246.4,No,Saturday,Autumn
2023-10-07,40,62,378.37,Yes,Saturday,Autumn
2023-10-07,42,24,363.99,No,Saturday,Autumn
2023-10-07,42,34,363.99,No,Saturday,Autumn
2023-10-08,2,20,231.26,No,Sunday,Autumn
2023-10-08,6,32,231.03,No,Sunday,Autumn
2023-10-08,8,26,218.96,No,Sunday,Autumn
2023-10-08,10,30,283.3,No,Sunday,Autumn
2023-10-08,18,34,33.45,No,Sunday,Autumn
2023-10-08,20,23,355.47,No,Sunday,Autumn
2023-10-08,32,19,114.83,No,Sunday,Autumn
2023-10-08,36,31,399.14,No,Sunday,Autumn
2023-10-08,46,28,360.9,No,Sunday,Autumn
2023-10-09,1,19,268.05,No,Monday,Autumn
2023-10-09,5,50,369.92,Yes,Monday,Autumn
2023-10-09,28,15,241.51,No,Monday,Autumn
2023-10-09,34,14,157.47,No,Monday,Autumn
2023-10-09,36,36,339.95,Yes,Monday,Autumn
2023-10-09,39,18,256.18,No,Monday,Autumn
2023-10-09,46,43,271.31,Yes,Monday,Autumn
2023-10-09,47,17,178.77,No,Monday,Autumn
2023-10-09,48,12,395.46,No,Monday,Autumn
2023-10-10,1,54,190.23,Yes,Tuesday,Autumn
2023-10-10,2,15,231.26,No,Tuesday,Autumn
2023-10-10,3,26,294.01,No,Tuesday,Autumn
2023-10-10,7,17,17.53,No,Tuesday,Autumn
2023-10-10,13,17,326.8,No,Tuesday,Autumn
2023-10-10,14,14,99.5,No,Tuesday,Autumn
2023-10-10,16,18,176.15,No,Tuesday,Autumn
2023-10-10,19,47,183.16,Yes,Tuesday,Autumn
2023-10-10,20,16,355.47,No,Tuesday,Autumn
2023-10-10,23,27,242.84,Yes,Tuesday,Autumn
2023-10-10,24,27,227.98,Yes,Tuesday,Autumn
2023-10-10,26,15,246.4,No,Tuesday,Autumn
2023-10-10,30,14,222.51,No,Tuesday,Autumn
2023-10-10,33,41,11.41,Yes,Tuesday,Autumn
2023-10-10,39,24,256.18,No,Tuesday,Autumn
2023-10-10,39,23,256.18,No,Tuesday,Autumn
2023-10-10,45,25,14.32,No,Tuesday,Autumn
2023-10-10,47,18,178.77,No,Tuesday,Autumn
2023-10-10,50,16,411.47,No,Tuesday,Autumn
2023-10-11,4,43,341.76,Yes,Wednesday,Autumn
2023-10-11,5,15,435.2,No,Wednesday,Autumn
2023-10-11,16,14,176.15,No,Wednesday,Autumn
2023-10-11,18,13,33.45,No,Wednesday,Autumn
2023-10-11,19,15,209.85,No,Wednesday,Autumn
2023-10-11,20,24,355.47,No,Wednesday,Autumn
2023-10-11,23,25,243.16,Yes,Wednesday,Autumn
2023-10-11,35,19,376.97,No,Wednesday,Autumn
2023-10-11,36,17,399.14,No,Wednesday,Autumn
2023-10-11,43,25,51.67,No,Wednesday,Autumn
2023-10-11,47,41,154.77,Yes,Wednesday,Autumn
2023-10-12,1,29,201.54,Yes,Thursday,Autumn
2023-10-12,7,16,17.53,No,Thursday,Autumn
2023-10-12,13,15,326.8,No,Thursday,Autumn
2023-10-12,17,12,357.85,No,Thursday,Autumn
2023-10-12,28,22,241.51,No,Thursday,Autumn
2023-10-12,32,20,114.83,No,Thursday,Autumn
2023-10-12,32,13,114.83,No,Thursday,Autumn
2023-10-12,32,15,114.83,No,Thursday,Autumn
2023-10-12,32,14,114.83,No,Thursday,Autumn
2023-10-12,37,49,96.17,Yes,Thursday,Autumn
2023-10-12,43,14,51.67,No,Thursday,Autumn
2023-10-12,46,30,360.9,No,Thursday,Autumn
2023-10-13,2,22,231.26,No,Friday,Autumn
2023-10-13,16,22,176.15,No,Friday,Autumn
2023-10-13,32,31,95.8,Yes,Friday,Autumn
2023-10-13,37,25,87.21,Yes,Friday,Autumn
2023-10-13,38,29,410.95,Yes,Friday,Autumn
2023-10-13,40,17,459.32,No,Friday,Autumn
2023-10-13,50,17,411.47,No,Friday,Autumn
2023-10-14,2,23,231.26,No,Saturday,Autumn
2023-10-14,10,20,283.3,No,Saturday,Autumn
2023-10-14,15,34,377.76,No,Saturday,Autumn
2023-10-14,16,38,176.15,No,Saturday,Autumn
2023-10-14,20,59,268.87,Yes,Saturday,Autumn
2023-10-14,21,24,121.17,No,Saturday,Autumn
2023-10-14,21,27,121.17,No,Saturday,Autumn
2023-10-14,29,26,352.17,No,Saturday,Autumn
2023-10-14,32,30,114.83,No,Saturday,Autumn
2023-10-14,34,34,157.47,No,Saturday,Autumn
2023-10-14,46,22,360.9,No,Saturday,Autumn
2023-10-14,47,32,178.77,No,Saturday,Autumn
2023-10-15,11,22,329.15,No,Sunday,Autumn
2023-10-15,12,35,85.5,No,Sunday,Autumn
2023-10-15,12,22,85.5,No,Sunday,Autumn
2023-10-15,14,24,99.5,No,Sunday,Autumn
2023-10-15,16,59,154.59,Yes,Sunday,Autumn
2023-10-15,21,65,100.45,Yes,Sunday,Autumn
2023-10-15,21,57,98.1,Yes,Sunday,Autumn
2023-10-15,26,24,246.4,No,Sunday,Autumn
2023-10-15,27,76,222.12,Yes,Sunday,Autumn
2023-10-15,32,23,114.83,No,Sunday,Autumn
2023-10-15,34,24,157.47,No,Sunday,Autumn
2023-10-15,44,26,117.8,No,Sunday,Autumn
2023-10-15,48,22,395.46,No,Sunday,Autumn
2023-10-15,49,12,176.08,No,Sunday,Autumn
2023-10-16,5,38,314.11,Yes,Monday,Autumn
2023-10-16,7,22,13.09,Yes,Monday,Autumn
2023-10-16,8,40,188.13,Yes,Monday,Autumn
2023-10-16,11,14,329.15,No,Monday,Autumn
2023-10-16,11,22,329.15,No,Monday,Autumn
2023-10-16,12,27,85.5,No,Monday,Autumn
2023-10-16,16,18,176.15,No,Monday,Autumn
2023-10-16,26,13,246.4,No,Monday,Autumn
2023-10-16,27,11,302.7,No,Monday,Autumn
2023-10-16,29,38,281.35,Yes,Monday,Autumn
2023-10-16,31,36,92.72,Yes,Monday,Autumn
2023-10-16,36,14,399.14,No,Monday,Autumn
2023-10-16,43,15,51.67,No,Monday,Autumn
2023-10-16,45,15,14.32,No,Monday,Autumn
2023-10-16,48,19,395.46,No,Monday,Autumn
2023-10-16,49,19,176.08,No,Monday,Autumn
2023-10-17,4,13,439.81,No,Tuesday,Autumn
2023-10-17,15,25,377.76,No,Tuesday,Autumn
2023-10-17,15,19,377.76,No,Tuesday,Autumn
2023-10-17,36,15,399.14,No,Tuesday,Autumn
2023-10-17,41,13,356.31,No,Tuesday,Autumn
2023-10-18,10,15,283.3,No,Wednesday,Autumn
2023-10-18,15,14,377.76,No,Wednesday,Autumn
2023-10-18,17,21,357.85,No,Wednesday,Autumn
2023-10-18,20,19,355.47,No,Wednesday,Autumn
2023-10-18,38,32,408.6,Yes,Wednesday,Autumn
2023-10-18,44,16,117.8,No,Wednesday,Autumn
2023-10-18,45,16,14.32,No,Wednesday,Autumn
2023-10-18,47,16,178.77,No,Wednesday,Autumn
2023-10-18,47,16,178.77,No,Wednesday,Autumn
2023-10-19,1,23,268.05,No,Thursday,Autumn
2023-10-19,3,15,294.01,No,Thursday,Autumn
2023-10-19,8,14,218.96,No,Thursday,Autumn
2023-10-19,11,34,256.38,Yes,Thursday,Autumn
2023-10-19,46,18,360.9,No,Thursday,Autumn
2023-10-19,48,31,301.37,Yes,Thursday,Autumn
2023-10-20,3,31,216.15,Yes,Friday,Autumn
2023-10-20,8,23,218.96,No,Friday,Autumn
2023-10-20,9,54,215.75,Yes,Friday,Autumn
2023-10-20,21,19,121.17,No,Friday,Autumn
2023-10-20,22,20,399.69,No,Friday,Autumn
2023-10-20,33,21,12.84,No,Friday,Autumn
2023-10-20,35,14,376.97,No,Friday,Autumn
2023-10-20,37,12,109.21,No,Friday,Autumn
2023-10-20,41,12,356.31,No,Friday,Autumn
2023-10-21,2,35,231.26,No,Saturday,Autumn
2023-10-21,2,14,231.26,No,Saturday,Autumn
2023-10-21,7,31,17.53,No,Saturday,Autumn
2023-10-21,18,20,33.45,No,Saturday,Autumn
2023-10-21,19,27,209.85,No,Saturday,Autumn
2023-10-21,26,26,246.4,No,Saturday,Autumn
2023-10-21,26,34,246.4,No,Saturday,Autumn
2023-10-21,26,35,181.41,Yes,Saturday,Autumn
2023-10-21,29,24,352.17,No,Saturday,Autumn
2023-10-21,33,24,12.84,No,Saturday,Autumn
2023-10-21,36,30,399.14,No,Saturday,Autumn
2023-10-21,41,16,356.31,No,Saturday,Autumn
2023-10-21,45,78,10.61,Yes,Saturday,Autumn
2023-10-21,45,18,14.32,No,Saturday,Autumn
2023-10-22,1,54,237.6,Yes,Sunday,Autumn
2023-10-22,1,62,213.8,Yes,Sunday,Autumn
2023-10-22,9,28,307.03,No,Sunday,Autumn
2023-10-22,12,30,85.5,No,Sunday,Autumn
2023-10-22,21,28,121.17,No,Sunday,Autumn
2023-10-22,22,30,399.69,No,Sunday,Autumn
2023-10-22,22,19,399.69,No,Sunday,Autumn
2023-10-22,43,70,45.78,Yes,Sunday,Autumn
2023-10-22,45,28,14.32,No,Sunday,Autumn
2023-10-23,2,43,190.02,Yes,Monday,Autumn
2023-10-23,4,26,439.81,No,Monday,Autumn
2023-10-23,8,25,218.96,No,Monday,Autumn
2023-10-23,13,18,326.8,No,Monday,Autumn
2023-10-23,13,21,326.8,No,Monday,Autumn
2023-10-23,15,16,377.76,No,Monday,Autumn
2023-10-23,17,24,357.85,No,Monday,Autumn
2023-10-23,22,21,399.69,No,Monday,Autumn
2023-10-23,22,22,399.69,No,Monday,Autumn
2023-10-23,27,16,302.7,No,Monday,Autumn
2023-10-23,28,22,241.51,No,Monday,Autumn
2023-10-23,35,18,376.97,No,Monday,Autumn
2023-10-23,39,15,256.18,No,Monday,Autumn
2023-10-23,43,20,51.67,No,Monday,Autumn
2023-10-23,44,14,117.8,No,Monday,Autumn
2023-10-23,48,18,395.46,No,Monday,Autumn
2023-10-24,18,20,33.45,No,Tuesday,Autumn
2023-10-24,22,10,399.69,No,Tuesday,Autumn
2023-10-24,23,22,319.08,No,Tuesday,Autumn
2023-10-24,23,16,319.08,No,Tuesday,Autumn
2023-10-25,1,12,268.05,No,Wednesday,Autumn
2023-10-25,6,14,231.03,No,Wednesday,Autumn
2023-10-25,12,22,85.5,No,Wednesday,Autumn
2023-10-25,12,24,85.5,No,Wednesday,Autumn
2023-10-25,23,34,255.1,Yes,Wednesday,Autumn
2023-10-25,30,11,222.51,No,Wednesday,Autumn
2023-10-25,35,14,376.97,No,Wednesday,Autumn
2023-10-25,36,22,399.14,No,Wednesday,Autumn
2023-10-25,38,14,479.93,No,Wednesday,Autumn
2023-10-26,9,15,307.03,No,Thursday,Autumn
2023-10-26,20,29,319.87,Yes,Thursday,Autumn
2023-10-26,30,22,222.51,No,Thursday,Autumn
2023-10-26,49,22,176.08,No,Thursday,Autumn
2023-10-27,12,15,85.5,No,Friday,Autumn
2023-10-27,12,12,85.5,No,Friday,Autumn
2023-10-27,24,14,297.91,No,Friday,Autumn
2023-10-27,25,15,183.24,No,Friday,Autumn
2023-10-27,26,19,246.4,No,Friday,Autumn
2023-10-27,28,22,174.73,Yes,Friday,Autumn
2023-10-27,34,49,140.94,Yes,Friday,Autumn
2023-10-27,47,14,178.77,No,Friday,Autumn
2023-10-28,3,24,294.01,No,Saturday,Autumn
2023-10-28,9,26,307.03,No,Saturday,Autumn
2023-10-28,14,26,99.5,No,Saturday,Autumn
2023-10-28,23,28,319.08,No,Saturday,Autumn
2023-10-28,26,27,246.4,No,Saturday,Autumn
2023-10-28,27,34,302.7,No,Saturday,Autumn
2023-10-28,28,34,241.51,No,Saturday,Autumn
2023-10-28,36,38,399.14,No,Saturday,Autumn
2023-10-28,41,31,356.31,No,Saturday,Autumn
2023-10-28,43,32,51.67,No,Saturday,Autumn
2023-10-28,49,24,176.08,No,Saturday,Autumn
2023-10-29,5,57,327.01,Yes,Sunday,Autumn
2023-10-29,6,54,169.14,Yes,Sunday,Autumn
2023-10-29,12,43,65.26,Yes,Sunday,Autumn
2023-10-29,13,26,326.8,No,Sunday,Autumn
2023-10-29,13,28,326.8,No,Sunday,Autumn
2023-10-29,17,26,357.85,No,Sunday,Autumn
2023-10-29,22,35,399.69,No,Sunday,Autumn
2023-10-29,23,32,319.08,No,Sunday,Autumn
2023-10-29,30,26,222.51,No,Sunday,Autumn
2023-10-29,33,28,12.84,No,Sunday,Autumn
2023-10-29,34,27,157.47,No,Sunday,Autumn
2023-10-29,38,49,396.96,Yes,Sunday,Autumn
2023-10-29,41,26,356.31,No,Sunday,Autumn
2023-10-29,42,32,363.99,No,Sunday,Autumn
2023-10-29,45,32,14.32,No,Sunday,Autumn
2023-10-29,46,27,360.9,No,Sunday,Autumn
2023-10-30,6,16,231.03,No,Monday,Autumn
2023-10-30,7,19,17.53,No,Monday,Autumn
2023-10-30,11,17,329.15,No,Monday,Autumn
2023-10-30,13,22,326.8,No,Monday,Autumn
2023-10-30,15,22,377.76,No,Monday,Autumn
2023-10-30,17,41,314.91,Yes,Monday,Autumn
2023-10-30,19,20,209.85,No,Monday,Autumn
2023-10-30,21,43,105.79,Yes,Monday,Autumn
2023-10-30,22,14,399.69,No,Monday,Autumn
2023-10-30,24,23,297.91,No,Monday,Autumn
2023-10-30,31,29,94.84,Yes,Monday,Autumn
2023-10-30,32,17,114.83,No,Monday,Autumn
2023-10-30,33,17,12.84,No,Monday,Autumn
2023-10-30,37,12,109.21,No,Monday,Autumn
2023-10-31,3,19,294.01,No,Tuesday,Autumn
2023-10-31,8,20,218.96,No,Tuesday,Autumn
2023-10-31,8,32,164.11,Yes,Tuesday,Autumn
2023-10-31,14,43,75.57,Yes,Tuesday,Autumn
2023-10-31,19,14,209.85,No,Tuesday,Autumn
2023-10-31,23,23,319.08,No,Tuesday,Autumn
2023-10-31,31,20,109.11,No,Tuesday,Autumn
2023-10-31,37,14,109.21,No,Tuesday,Autumn
2023-10-31,39,14,256.18,No,Tuesday,Autumn
2023-10-31,46,25,360.9,No,Tuesday,Autumn
2023-10-31,50,31,296.93,Yes,Tuesday,Autumn
2023-11-01,2,47,196.23,Yes,Wednesday,Autumn
2023-11-01,3,45,239.59,Yes,Wednesday,Autumn
2023-11-01,9,14,307.03,No,Wednesday,Autumn
2023-11-01,14,17,99.5,No,Wednesday,Autumn
2023-11-01,14,22,99.5,No,Wednesday,Autumn
2023-11-01,17,22,357.85,No,Wednesday,Autumn
2023-11-01,21,21,121.17,No,Wednesday,Autumn
2023-11-01,23,27,283.61,Yes,Wednesday,Autumn
2023-11-01,25,12,183.24,No,Wednesday,Autumn
2023-11-01,35,23,271.27,Yes,Wednesday,Autumn
2023-11-01,48,22,395.46,No,Wednesday,Autumn
2023-11-02,2,18,201.42,Yes,Thursday,Autumn
2023-11-02,12,22,85.5,No,Thursday,Autumn
2023-11-02,12,27,71.12,Yes,Thursday,Autumn
2023-11-02,16,16,176.15,No,Thursday,Autumn
2023-11-02,22,22,399.69,No,Thursday,Autumn
2023-11-02,22,15,399.69,No,Thursday,Autumn
2023-11-02,30,20,222.51,No,Thursday,Autumn
2023-11-02,39,14,256.18,No,Thursday,Autumn
2023-11-02,44,14,117.8,No,Thursday,Autumn
2023-11-02,45,59,11.46,Yes,Thursday,Autumn
2023-11-02,47,22,178.77,No,Thursday,Autumn
2023-11-03,3,22,294.01,No,Friday,Autumn
2023-11-03,4,20,439.81,No,Friday,Autumn
2023-11-03,13,12,326.8,No,Friday,Autumn
2023-11-03,23,19,319.08,No,Friday,Autumn
2023-11-03,30,15,222.51,No,Friday,Autumn
2023-11-03,35,47,284.84,Yes,Friday,Autumn
2023-11-03,43,23,46.35,Yes,Friday,Autumn
2023-11-03,50,26,411.47,No,Friday,Autumn
2023-11-04,5,43,435.2,No,Saturday,Autumn
2023-11-04,11,24,329.15,No,Saturday,Autumn
2023-11-04,22,36,399.69,No,Saturday,Autumn
2023-11-04,23,38,319.08,No,Saturday,Autumn
2023-11-04,25,43,164.15,Yes,Saturday,Autumn
2023-11-04,34,23,157.47,No,Saturday,Autumn
2023-11-04,34,30,157.47,No,Saturday,Autumn
2023-11-04,36,22,399.14,No,Saturday,Autumn
2023-11-04,44,31,117.8,No,Saturday,Autumn
2023-11-05,5,24,435.2,No,Sunday,Autumn
2023-11-05,8,22,218.96,No,Sunday,Autumn
2023-11-05,10,19,283.3,No,Sunday,Autumn
2023-11-05,18,49,26.73,Yes,Sunday,Autumn
2023-11-05,19,35,209.85,No,Sunday,Autumn
2023-11-05,28,59,181.24,Yes,Sunday,Autumn
2023-11-05,30,22,222.51,No,Sunday,Autumn
2023-11-05,33,26,12.84,No,Sunday,Autumn
2023-11-05,46,51,316.76,Yes,Sunday,Autumn
2023-11-05,48,59,296.37,Yes,Sunday,Autumn
2023-11-06,6,52,207.26,Yes,Monday,Autumn
2023-11-06,10,21,283.3,No,Monday,Autumn
2023-11-06,17,23,357.85,No,Monday,Autumn
2023-11-06,25,10,183.24,No,Monday,Autumn
2023-11-06,28,32,202.83,Yes,Monday,Autumn
2023-11-06,33,19,12.84,No,Monday,Autumn
2023-11-06,36,20,399.14,No,Monday,Autumn
2023-11-06,37,12,109.21,No,Monday,Autumn
2023-11-06,46,14,360.9,No,Monday,Autumn
2023-11-06,47,16,178.77,No,Monday,Autumn
2023-11-07,3,27,227.31,Yes,Tuesday,Autumn
2023-11-07,5,14,435.2,No,Tuesday,Autumn
2023-11-07,5,19,435.2,No,Tuesday,Autumn
2023-11-07,10,11,283.3,No,Tuesday,Autumn
2023-11-07,18,20,33.45,No,Tuesday,Autumn
2023-11-07,19,15,209.85,No,Tuesday,Autumn
2023-11-07,22,15,399.69,No,Tuesday,Autumn
2023-11-07,24,16,297.91,No,Tuesday,Autumn
2023-11-07,43,18,51.67,No,Tuesday,Autumn
2023-11-07,47,31,178.77,No,Tuesday,Autumn
2023-11-07,47,14,178.77,No,Tuesday,Autumn
2023-11-07,48,15,395.46,No,Tuesday,Autumn
2023-11-08,5,23,435.2,No,Wednesday,Autumn
2023-11-08,17,22,357.85,No,Wednesday,Autumn
2023-11-08,24,49,220.63,Yes,Wednesday,Autumn
2023-11-08,24,25,212.95,Yes,Wednesday,Autumn
2023-11-08,25,14,183.24,No,Wednesday,Autumn
2023-11-08,36,21,399.14,No,Wednesday,Autumn
2023-11-08,48,14,395.46,No,Wednesday,Autumn
2023-11-09,8,43,165.56,Yes,Thursday,Autumn
2023-11-09,10,13,283.3,No,Thursday,Autumn
2023-11-09,19,25,209.85,No,Thursday,Autumn
2023-11-09,31,14,109.11,No,Thursday,Autumn
2023-11-09,31,14,109.11,No,Thursday,Autumn
2023-11-09,32,34,81.41,Yes,Thursday,Autumn
2023-11-09,35,17,376.97,No,Thursday,Autumn
2023-11-09,38,17,479.93,No,Thursday,Autumn
2023-11-09,40,15,459.32,No,Thursday,Autumn
2023-11-09,40,20,459.32,No,Thursday,Autumn
2023-11-09,41,23,356.31,No,Thursday,Autumn
2023-11-09,42,13,363.99,No,Thursday,Autumn
2023-11-09,50,25,411.47,No,Thursday,Autumn
2023-11-10,4,17,439.81,No,Friday,Autumn
2023-11-10,8,10,218.96,No,Friday,Autumn
2023-11-10,11,29,236.54,Yes,Friday,Autumn
2023-11-10,12,22,85.5,No,Friday,Autumn
2023-11-10,14,49,89.33,Yes,Friday,Autumn
2023-11-10,20,40,249.02,Yes,Friday,Autumn
2023-11-10,26,13,246.4,No,Friday,Autumn
2023-11-10,28,45,214.55,Yes,Friday,Autumn
2023-11-10,31,15,109.11,No,Friday,Autumn
2023-11-10,34,26,157.47,No,Friday,Autumn
2023-11-10,34,19,157.47,No,Friday,Autumn
2023-11-10,35,15,376.97,No,Friday,Autumn
2023-11-10,36,45,301.64,Yes,Friday,Autumn
2023-11-10,42,25,363.99,No,Friday,Autumn
2023-11-10,43,22,51.67,No,Friday,Autumn
2023-11-10,44,19,117.8,No,Friday,Autumn
2023-11-10,49,16,176.08,No,Friday,Autumn
2023-11-11,8,18,218.96,No,Saturday,Autumn
2023-11-11,8,38,218.96,No,Saturday,Autumn
2023-11-11,15,19,377.76,No,Saturday,Autumn
2023-11-11,25,19,183.24,No,Saturday,Autumn
2023-11-11,26,26,246.4,No,Saturday,Autumn
2023-11-11,32,23,114.83,No,Saturday,Autumn
2023-11-11,39,20,256.18,No,Saturday,Autumn
2023-11-11,43,32,51.67,No,Saturday,Autumn
2023-11-12,8,19,218.96,No,Sunday,Autumn
2023-11-12,12,23,85.5,No,Sunday,Autumn
2023-11-12,18,24,33.45,No,Sunday,Autumn
2023-11-12,21,30,121.17,No,Sunday,Autumn
2023-11-12,35,27,376.97,No,Sunday,Autumn
2023-11-12,39,20,256.18,No,Sunday,Autumn
2023-11-12,50,24,411.47,No,Sunday,Autumn
2023-11-13,1,13,268.05,No,Monday,Autumn
2023-11-13,5,12,435.2,No,Monday,Autumn
2023-11-13,15,21,377.76,No,Monday,Autumn
2023-11-13,18,18,33.45,No,Monday,Autumn
2023-11-13,20,21,355.47,No,Monday,Autumn
2023-11-13,22,10,399.69,No,Monday,Autumn
2023-11-13,22,20,399.69,No,Monday,Autumn
2023-11-13,47,19,178.77,No,Monday,Autumn
2023-11-14,2,18,231.26,No,Tuesday,Autumn
2023-11-14,4,19,439.81,No,Tuesday,Autumn
2023-11-14,6,22,231.03,No,Tuesday,Autumn
2023-11-14,8,34,172.03,Yes,Tuesday,Autumn
2023-11-14,8,24,218.96,No,Tuesday,Autumn
2023-11-14,11,18,329.15,No,Tuesday,Autumn
2023-11-14,20,19,355.47,No,Tuesday,Autumn
2023-11-14,23,20,319.08,No,Tuesday,Autumn
2023-11-14,26,25,213.02,Yes,Tuesday,Autumn
2023-11-14,28,16,241.51,No,Tuesday,Autumn
2023-11-14,29,14,352.17,No,Tuesday,Autumn
2023-11-14,33,22,12.84,No,Tuesday,Autumn
2023-11-14,39,19,256.18,No,Tuesday,Autumn
2023-11-14,39,13,256.18,No,Tuesday,Autumn
2023-11-14,39,29,198.63,Yes,Tuesday,Autumn
2023-11-14,48,19,395.46,No,Tuesday,Autumn
2023-11-14,50,40,333.43,Yes,Tuesday,Autumn
2023-11-15,12,19,85.5,No,Wednesday,Autumn
2023-11-15,16,15,176.15,No,Wednesday,Autumn
2023-11-15,19,41,168.34,Yes,Wednesday,Autumn
2023-11-15,26,16,246.4,No,Wednesday,Autumn
2023-11-15,35,21,376.97,No,Wednesday,Autumn
2023-11-15,47,22,178.77,No,Wednesday,Autumn
2023-11-16,2,25,231.26,No,Thursday,Autumn
2023-11-16,4,15,439.81,No,Thursday,Autumn
2023-11-16,7,17,17.53,No,Thursday,Autumn
2023-11-16,9,34,245.1,Yes,Thursday,Autumn
2023-11-16,18,20,33.45,No,Thursday,Autumn
2023-11-16,19,13,209.85,No,Thursday,Autumn
2023-11-16,30,8,222.51,No,Thursday,Autumn
2023-11-16,36,21,399.14,No,Thursday,Autumn
2023-11-16,38,15,479.93,No,Thursday,Autumn
2023-11-17,4,17,439.81,No,Friday,Autumn
2023-11-17,10,16,283.3,No,Friday,Autumn
2023-11-17,23,24,319.08,No,Friday,Autumn
2023-11-17,26,12,246.4,No,Friday,Autumn
2023-11-17,27,25,302.7,No,Friday,Autumn
2023-11-17,36,31,356.76,Yes,Friday,Autumn
2023-11-17,39,15,256.18,No,Friday,Autumn
2023-11-17,45,17,14.32,No,Friday,Autumn
2023-11-17,50,32,337.62,Yes,Friday,Autumn
2023-11-18,3,59,246.75,Yes,Saturday,Autumn
2023-11-18,19,23,209.85,No,Saturday,Autumn
2023-11-18,28,27,241.51,No,Saturday,Autumn
2023-11-18,29,49,274.22,Yes,Saturday,Autumn
2023-11-18,37,32,109.21,No,Saturday,Autumn
2023-11-18,41,76,258.0,Yes,Saturday,Autumn
2023-11-18,42,65,310.17,Yes,Saturday,Autumn
2023-11-19,15,22,377.76,No,Sunday,Autumn
2023-11-19,18,26,33.45,No,Sunday,Autumn
2023-11-19,24,20,297.91,No,Sunday,Autumn
2023-11-19,26,27,246.4,No,Sunday,Autumn
2023-11-19,40,22,459.32,No,Sunday,Autumn
2023-11-19,42,30,363.99,No,Sunday,Autumn
2023-11-19,43,40,51.67,No,Sunday,Autumn
2023-11-19,49,23,176.08,No,Sunday,Autumn
2023-11-20,4,13,439.81,No,Monday,Autumn
2023-11-20,8,22,218.96,No,Monday,Autumn
2023-11-20,14,21,99.5,No,Monday,Autumn
2023-11-20,17,22,357.85,No,Monday,Autumn
2023-11-20,21,40,102.53,Yes,Monday,Autumn
2023-11-20,24,11,297.91,No,Monday,Autumn
2023-11-20,25,27,158.85,Yes,Monday,Autumn
2023-11-20,30,19,222.51,No,Monday,Autumn
2023-11-20,34,27,111.6,Yes,Monday,Autumn
2023-11-20,35,25,273.91,Yes,Monday,Autumn
2023-11-20,39,16,256.18,No,Monday,Autumn
2023-11-20,40,20,459.32,No,Monday,Autumn
2023-11-20,45,23,14.32,No,Monday,Autumn
2023-11-21,3,16,294.01,No,Tuesday,Autumn
2023-11-21,15,38,335.3,Yes,Tuesday,Autumn
2023-11-21,18,13,33.45,No,Tuesday,Autumn
2023-11-21,24,22,297.91,No,Tuesday,Autumn
2023-11-21,28,17,241.51,No,Tuesday,Autumn
2023-11-21,31,18,109.11,No,Tuesday,Autumn
2023-11-21,32,14,114.83,No,Tuesday,Autumn
2023-11-21,34,19,157.47,No,Tuesday,Autumn
2023-11-21,41,16,356.31,No,Tuesday,Autumn
2023-11-21,50,22,411.47,No,Tuesday,Autumn
2023-11-22,7,19,17.53,No,Wednesday,Autumn
2023-11-22,7,12,17.53,No,Wednesday,Autumn
2023-11-22,12,15,85.5,No,Wednesday,Autumn
2023-11-22,14,27,99.5,No,Wednesday,Autumn
2023-11-22,16,14,176.15,No,Wednesday,Autumn
2023-11-22,18,12,33.45,No,Wednesday,Autumn
2023-11-22,19,16,209.85,No,Wednesday,Autumn
2023-11-22,33,18,12.84,No,Wednesday,Autumn
2023-11-22,37,14,109.21,No,Wednesday,Autumn
2023-11-22,40,21,459.32,No,Wednesday,Autumn
2023-11-22,47,17,178.77,No,Wednesday,Autumn
2023-11-23,3,22,294.01,No,Thursday,Autumn
2023-11-23,9,18,307.03,No,Thursday,Autumn
2023-11-23,19,14,209.85,No,Thursday,Autumn
2023-11-23,21,16,121.17,No,Thursday,Autumn
2023-11-23,22,14,399.69,No,Thursday,Autumn
2023-11-23,22,45,346.74,Yes,Thursday,Autumn
2023-11-23,28,38,191.64,Yes,Thursday,Autumn
2023-11-23,29,21,352.17,No,Thursday,Autumn
2023-11-23,29,15,352.17,No,Thursday,Autumn
2023-11-23,30,22,222.51,No,Thursday,Autumn
2023-11-23,30,14,222.51,No,Thursday,Autumn
2023-11-23,33,31,10.65,Yes,Thursday,Autumn
2023-11-23,39,34,216.58,Yes,Thursday,Autumn
2023-11-23,42,34,311.61,Yes,Thursday,Autumn
2023-11-23,48,34,324.07,Yes,Thursday,Autumn
2023-11-23,50,17,411.47,No,Thursday,Autumn
2023-11-24,4,15,439.81,No,Friday,Autumn
2023-11-24,6,20,231.03,No,Friday,Autumn
2023-11-24,7,14,17.53,No,Friday,Autumn
2023-11-24,13,22,326.8,No,Friday,Autumn
2023-11-24,17,9,357.85,No,Friday,Autumn
2023-11-24,30,16,222.51,No,Friday,Autumn
2023-11-24,41,18,356.31,No,Friday,Autumn
2023-11-25,17,51,315.61,Yes,Saturday,Autumn
2023-11-25,22,51,284.61,Yes,Saturday,Autumn
2023-11-25,25,46,164.09,Yes,Saturday,Autumn
2023-11-25,28,59,173.25,Yes,Saturday,Autumn
2023-11-25,37,28,109.21,No,Saturday,Autumn
2023-11-25,38,38,479.93,No,Saturday,Autumn
2023-11-25,39,46,221.69,Yes,Saturday,Autumn
2023-11-25,41,49,276.86,Yes,Saturday,Autumn
2023-11-25,50,34,411.47,No,Saturday,Autumn
2023-11-26,5,30,435.2,No,Sunday,Autumn
2023-11-26,17,24,357.85,No,Sunday,Autumn
2023-11-26,21,19,121.17,No,Sunday,Autumn
2023-11-26,21,43,99.54,Yes,Sunday,Autumn
2023-11-26,24,32,297.91,No,Sunday,Autumn
2023-11-26,27,23,302.7,No,Sunday,Autumn
2023-11-26,34,23,157.47,No,Sunday,Autumn
2023-11-26,35,49,328.57,Yes,Sunday,Autumn
2023-11-26,41,20,356.31,No,Sunday,Autumn
2023-11-26,48,43,329.8,Yes,Sunday,Autumn
2023-11-26,50,34,411.47,No,Sunday,Autumn
2023-11-27,7,25,17.53,No,Monday,Autumn
2023-11-27,8,12,218.96,No,Monday,Autumn
2023-11-27,9,10,307.03,No,Monday,Autumn
2023-11-27,12,13,85.5,No,Monday,Autumn
2023-11-27,17,15,357.85,No,Monday,Autumn
2023-11-27,22,13,399.69,No,Monday,Autumn
2023-11-27,23,13,319.08,No,Monday,Autumn
2023-11-27,28,12,241.51,No,Monday,Autumn
2023-11-27,30,19,222.51,No,Monday,Autumn
2023-11-27,31,22,109.11,No,Monday,Autumn
2023-11-27,33,14,12.84,No,Monday,Autumn
2023-11-27,42,22,297.29,Yes,Monday,Autumn
2023-11-27,48,21,395.46,No,Monday,Autumn
2023-11-28,12,16,85.5,No,Tuesday,Autumn
2023-11-28,15,15,377.76,No,Tuesday,Autumn
2023-11-28,27,14,302.7,No,Tuesday,Autumn
2023-11-28,29,36,276.75,Yes,Tuesday,Autumn
2023-11-28,30,20,222.51,No,Tuesday,Autumn
2023-11-28,36,17,399.14,No,Tuesday,Autumn
2023-11-28,42,17,363.99,No,Tuesday,Autumn
2023-11-28,50,49,363.21,Yes,Tuesday,Autumn
2023-11-29,10,23,283.3,No,Wednesday,Autumn
2023-11-29,15,14,377.76,No,Wednesday,Autumn
2023-11-29,16,20,176.15,No,Wednesday,Autumn
2023-11-29,17,22,357.85,No,Wednesday,Autumn
2023-11-29,18,15,33.45,No,Wednesday,Autumn
2023-11-29,39,12,256.18,No,Wednesday,Autumn
2023-11-29,39,17,256.18,No,Wednesday,Autumn
2023-11-30,6,19,231.03,No,Thursday,Autumn
2023-11-30,8,14,218.96,No,Thursday,Autumn
2023-11-30,10,20,283.3,No,Thursday,Autumn
2023-11-30,12,15,85.5,No,Thursday,Autumn
2023-11-30,13,14,326.8,No,Thursday,Autumn
2023-11-30,15,18,377.76,No,Thursday,Autumn
2023-11-30,19,14,209.85,No,Thursday,Autumn
2023-11-30,21,16,121.17,No,Thursday,Autumn
2023-11-30,25,17,183.24,No,Thursday,Autumn
2023-11-30,39,40,224.46,Yes,Thursday,Autumn
2023-11-30,43,22,51.67,No,Thursday,Autumn
2023-11-30,47,15,178.77,No,Thursday,Autumn
2023-12-01,1,38,268.05,No,Friday,Winter
2023-12-01,1,28,268.05,No,Friday,Winter
2023-12-01,15,13,377.76,No,Friday,Winter
2023-12-01,15,19,377.76,No,Friday,Winter
2023-12-01,20,30,355.47,No,Friday,Winter
2023-12-01,20,50,287.31,Yes,Friday,Winter
2023-12-01,26,23,246.4,No,Friday,Winter
2023-12-01,31,20,109.11,No,Friday,Winter
2023-12-01,37,22,109.21,No,Friday,Winter
2023-12-01,38,23,479.93,No,Friday,Winter
2023-12-01,41,19,356.31,No,Friday,Winter
2023-12-01,42,17,363.99,No,Friday,Winter
2023-12-01,43,60,38.65,Yes,Friday,Winter
2023-12-02,1,50,219.8,Yes,Saturday,Winter
2023-12-02,4,29,439.81,No,Saturday,Winter
2023-12-02,9,32,307.03,No,Saturday,Winter
2023-12-02,10,29,283.3,No,Saturday,Winter
2023-12-02,12,34,85.5,No,Saturday,Winter
2023-12-02,13,34,326.8,No,Saturday,Winter
2023-12-02,15,32,377.76,No,Saturday,Winter
2023-12-02,16,43,176.15,No,Saturday,Winter
2023-12-02,22,72,308.91,Yes,Saturday,Winter
2023-12-02,23,32,319.08,No,Saturday,Winter
2023-12-02,24,40,297.91,No,Saturday,Winter
2023-12-02,38,32,479.93,No,Saturday,Winter
2023-12-02,47,38,178.77,No,Saturday,Winter
2023-12-02,49,27,176.08,No,Saturday,Winter
2023-12-03,15,31,377.76,No,Sunday,Winter
2023-12-03,20,50,355.47,No,Sunday,Winter
2023-12-03,27,43,302.7,No,Sunday,Winter
2023-12-03,28,43,241.51,No,Sunday,Winter
2023-12-03,36,36,399.14,No,Sunday,Winter
2023-12-03,42,38,363.99,No,Sunday,Winter
2023-12-03,44,47,117.8,No,Sunday,Winter
2023-12-03,45,83,12.0,Yes,Sunday,Winter
2023-12-03,50,97,340.08,Yes,Sunday,Winter
2023-12-03,50,47,411.47,No,Sunday,Winter
2023-12-04,1,28,268.05,No,Monday,Winter
2023-12-04,1,38,234.86,Yes,Monday,Winter
2023-12-04,7,48,12.75,Yes,Monday,Winter
2023-12-04,8,46,165.94,Yes,Monday,Winter
2023-12-04,23,23,319.08,No,Monday,Winter
2023-12-04,25,35,183.24,No,Monday,Winter
2023-12-04,30,62,197.79,Yes,Monday,Winter
2023-12-04,32,46,87.67,Yes,Monday,Winter
2023-12-04,32,20,114.83,No,Monday,Winter
2023-12-04,33,22,12.84,No,Monday,Winter
2023-12-04,39,16,256.18,No,Monday,Winter
2023-12-04,40,48,366.65,Yes,Monday,Winter
2023-12-04,47,22,178.77,No,Monday,Winter
2023-12-04,48,35,395.46,No,Monday,Winter
2023-12-05,13,31,326.8,No,Tuesday,Winter
2023-12-05,16,26,176.15,No,Tuesday,Winter
2023-12-05,17,19,357.85,No,Tuesday,Winter
2023-12-05,23,24,319.08,No,Tuesday,Winter
2023-12-05,30,20,222.51,No,Tuesday,Winter
2023-12-05,39,22,256.18,No,Tuesday,Winter
2023-12-05,44,23,117.8,No,Tuesday,Winter
2023-12-05,46,25,360.9,No,Tuesday,Winter
2023-12-05,49,29,128.93,Yes,Tuesday,Winter
2023-12-05,50,31,411.47,No,Tuesday,Winter
2023-12-06,1,19,268.05,No,Wednesday,Winter
2023-12-06,9,28,307.03,No,Wednesday,Winter
2023-12-06,14,24,99.5,No,Wednesday,Winter
2023-12-06,15,13,377.76,No,Wednesday,Winter
2023-12-06,16,20,176.15,No,Wednesday,Winter
2023-12-06,27,29,302.7,No,Wednesday,Winter
2023-12-06,35,50,277.51,Yes,Wednesday,Winter
2023-12-06,37,30,109.21,No,Wednesday,Winter
2023-12-06,39,25,256.18,No,Wednesday,Winter
2023-12-06,43,19,51.67,No,Wednesday,Winter
2023-12-06,46,28,360.9,No,Wednesday,Winter
2023-12-06,47,22,178.77,No,Wednesday,Winter
2023-12-07,1,25,268.05,No,Thursday,Winter
2023-12-07,4,20,439.81,No,Thursday,Winter
2023-12-07,10,26,283.3,No,Thursday,Winter
2023-12-07,20,20,355.47,No,Thursday,Winter
2023-12-07,31,19,109.11,No,Thursday,Winter
2023-12-07,36,36,399.14,No,Thursday,Winter
2023-12-07,37,25,109.21,No,Thursday,Winter
2023-12-07,42,48,275.33,Yes,Thursday,Winter
2023-12-07,45,19,14.32,No,Thursday,Winter
2023-12-08,2,17,231.26,No,Friday,Winter
2023-12-08,10,26,283.3,No,Friday,Winter
2023-12-08,12,46,67.08,Yes,Friday,Winter
2023-12-08,23,62,255.89,Yes,Friday,Winter
2023-12-08,31,34,109.11,No,Friday,Winter
2023-12-08,36,22,399.14,No,Friday,Winter
2023-12-08,39,36,256.18,No,Friday,Winter
2023-12-08,40,29,459.32,No,Friday,Winter
2023-12-08,40,31,343.61,Yes,Friday,Winter
2023-12-08,41,20,356.31,No,Friday,Winter
2023-12-08,42,19,363.99,No,Friday,Winter
2023-12-08,43,20,51.67,No,Friday,Winter
2023-12-09,5,38,435.2,No,Saturday,Winter
2023-12-09,16,83,131.91,Yes,Saturday,Winter
2023-12-09,19,47,209.85,No,Saturday,Winter
2023-12-09,23,34,319.08,No,Saturday,Winter
2023-12-09,23,36,319.08,No,Saturday,Winter
2023-12-09,24,43,297.91,No,Saturday,Winter
2023-12-09,25,40,183.24,No,Saturday,Winter
2023-12-09,31,86,78.85,Yes,Saturday,Winter
2023-12-09,36,32,399.14,No,Saturday,Winter
2023-12-09,36,83,310.56,Yes,Saturday,Winter
2023-12-09,36,40,399.14,No,Saturday,Winter
2023-12-09,42,34,363.99,No,Saturday,Winter
2023-12-09,47,32,178.77,No,Saturday,Winter
2023-12-10,1,41,268.05,No,Sunday,Winter
2023-12-10,9,47,307.03,No,Sunday,Winter
2023-12-10,16,58,135.36,Yes,Sunday,Winter
2023-12-10,22,40,399.69,No,Sunday,Winter
2023-12-10,23,29,319.08,No,Sunday,Winter
2023-12-10,24,47,297.91,No,Sunday,Winter
2023-12-10,27,32,302.7,No,Sunday,Winter
2023-12-10,28,32,241.51,No,Sunday,Winter
2023-12-10,34,32,157.47,No,Sunday,Winter
2023-12-10,34,50,157.47,No,Sunday,Winter
2023-12-10,35,36,376.97,No,Sunday,Winter
2023-12-10,42,43,363.99,No,Sunday,Winter
2023-12-10,47,40,178.77,No,Sunday,Winter
2023-12-11,8,17,218.96,No,Monday,Winter
2023-12-11,11,24,329.15,No,Monday,Winter
2023-12-11,14,25,99.5,No,Monday,Winter
2023-12-11,21,26,121.17,No,Monday,Winter
2023-12-11,26,25,246.4,No,Monday,Winter
2023-12-11,28,14,241.51,No,Monday,Winter
2023-12-11,32,28,114.83,No,Monday,Winter
2023-12-11,35,55,308.56,Yes,Monday,Winter
2023-12-11,37,20,109.21,No,Monday,Winter
2023-12-11,37,31,109.21,No,Monday,Winter
2023-12-11,40,22,459.32,No,Monday,Winter
2023-12-11,41,35,356.31,No,Monday,Winter
2023-12-12,11,28,329.15,No,Tuesday,Winter
2023-12-12,13,24,326.8,No,Tuesday,Winter
2023-12-12,20,30,355.47,No,Tuesday,Winter
2023-12-12,21,22,121.17,No,Tuesday,Winter
2023-12-12,29,43,313.63,Yes,Tuesday,Winter
2023-12-12,30,55,161.0,Yes,Tuesday,Winter
2023-12-12,34,26,157.47,No,Tuesday,Winter
2023-12-12,40,32,459.32,No,Tuesday,Winter
2023-12-13,12,20,85.5,No,Wednesday,Winter
2023-12-13,29,43,313.63,Yes,Wednesday,Winter
2023-12-13,29,34,352.17,No,Wednesday,Winter
2023-12-13,33,24,12.84,No,Wednesday,Winter
2023-12-13,41,26,316.7,Yes,Wednesday,Winter
2023-12-14,1,48,230.06,Yes,Thursday,Winter
2023-12-14,3,17,294.01,No,Thursday,Winter
2023-12-14,13,30,326.8,No,Thursday,Winter
2023-12-14,16,17,176.15,No,Thursday,Winter
2023-12-14,19,40,209.85,No,Thursday,Winter
2023-12-14,25,20,183.24,No,Thursday,Winter
2023-12-14,29,24,352.17,No,Thursday,Winter
2023-12-14,31,20,109.11,No,Thursday,Winter
2023-12-14,31,20,109.11,No,Thursday,Winter
2023-12-14,32,28,114.83,No,Thursday,Winter
2023-12-14,37,38,109.21,No,Thursday,Winter
2023-12-14,44,18,117.8,No,Thursday,Winter
2023-12-15,2,29,231.26,No,Friday,Winter
2023-12-15,8,41,163.86,Yes,Friday,Winter
2023-12-15,8,23,218.96,No,Friday,Winter
2023-12-15,16,48,129.44,Yes,Friday,Winter
2023-12-15,17,25,357.85,No,Friday,Winter
2023-12-15,18,24,33.45,No,Friday,Winter
2023-12-15,25,30,183.24,No,Friday,Winter
2023-12-15,26,22,246.4,No,Friday,Winter
2023-12-15,29,26,255.39,Yes,Friday,Winter
2023-12-15,31,19,109.11,No,Friday,Winter
2023-12-15,32,28,114.83,No,Friday,Winter
2023-12-15,37,24,109.21,No,Friday,Winter
2023-12-15,38,20,479.93,No,Friday,Winter
2023-12-15,45,48,12.36,Yes,Friday,Winter
2023-12-16,3,83,240.15,Yes,Saturday,Winter
2023-12-16,14,36,99.5,No,Saturday,Winter
2023-12-16,14,34,99.5,No,Saturday,Winter
2023-12-16,14,20,99.5,No,Saturday,Winter
2023-12-16,15,34,377.76,No,Saturday,Winter
2023-12-16,25,31,183.24,No,Saturday,Winter
2023-12-16,32,54,114.83,No,Saturday,Winter
2023-12-16,37,43,109.21,No,Saturday,Winter
2023-12-16,38,31,479.93,No,Saturday,Winter
2023-12-16,43,79,44.43,Yes,Saturday,Winter
2023-12-16,48,36,395.46,No,Saturday,Winter
2023-12-17,10,29,283.3,No,Sunday,Winter
2023-12-17,26,43,246.4,No,Sunday,Winter
2023-12-17,27,41,302.7,No,Sunday,Winter
2023-12-17,34,36,157.47,No,Sunday,Winter
2023-12-17,35,45,376.97,No,Sunday,Winter
2023-12-17,37,32,109.21,No,Sunday,Winter
2023-12-18,4,34,439.81,No,Monday,Winter
2023-12-18,12,43,60.84,Yes,Monday,Winter
2023-12-18,25,31,183.24,No,Monday,Winter
2023-12-18,25,17,183.24,No,Monday,Winter
2023-12-18,29,22,352.17,No,Monday,Winter
2023-12-18,31,48,87.0,Yes,Monday,Winter
2023-12-18,35,38,295.46,Yes,Monday,Winter
2023-12-18,42,25,363.99,No,Monday,Winter
2023-12-18,50,43,301.84,Yes,Monday,Winter
2023-12-19,4,20,439.81,No,Tuesday,Winter
2023-12-19,9,55,239.24,Yes,Tuesday,Winter
2023-12-19,14,22,99.5,No,Tuesday,Winter
2023-12-19,21,29,121.17,No,Tuesday,Winter
2023-12-19,24,22,297.91,No,Tuesday,Winter
2023-12-19,32,22,114.83,No,Tuesday,Winter
2023-12-19,42,13,363.99,No,Tuesday,Winter
2023-12-19,50,24,411.47,No,Tuesday,Winter
2023-12-20,2,25,231.26,No,Wednesday,Winter
2023-12-20,6,31,207.25,Yes,Wednesday,Winter
2023-12-20,10,14,283.3,No,Wednesday,Winter
2023-12-20,16,41,143.59,Yes,Wednesday,Winter
2023-12-20,16,58,142.85,Yes,Wednesday,Winter
2023-12-20,19,23,209.85,No,Wednesday,Winter
2023-12-20,23,50,271.32,Yes,Wednesday,Winter
2023-12-20,42,26,363.99,No,Wednesday,Winter
2023-12-20,49,23,176.08,No,Wednesday,Winter
2023-12-21,1,43,218.54,Yes,Thursday,Winter
2023-12-21,6,26,231.03,No,Thursday,Winter
2023-12-21,7,48,14.14,Yes,Thursday,Winter
2023-12-21,10,23,283.3,No,Thursday,Winter
2023-12-21,13,55,236.64,Yes,Thursday,Winter
2023-12-21,18,19,33.45,No,Thursday,Winter
2023-12-21,26,22,246.4,No,Thursday,Winter
2023-12-21,29,32,352.17,No,Thursday,Winter
2023-12-21,30,19,222.51,No,Thursday,Winter
2023-12-21,32,24,114.83,No,Thursday,Winter
2023-12-21,37,29,109.21,No,Thursday,Winter
2023-12-21,39,30,256.18,No,Thursday,Winter
2023-12-21,42,29,363.99,No,Thursday,Winter
2023-12-21,44,32,117.8,No,Thursday,Winter
2023-12-22,15,62,275.94,Yes,Friday,Winter
2023-12-22,17,34,255.03,Yes,Friday,Winter
2023-12-22,23,25,319.08,No,Friday,Winter
2023-12-22,23,34,319.08,No,Friday,Winter
2023-12-22,31,22,109.11,No,Friday,Winter
2023-12-22,39,22,256.18,No,Friday,Winter
2023-12-22,40,50,360.7,Yes,Friday,Winter
2023-12-22,44,28,117.8,No,Friday,Winter
2023-12-22,46,29,360.9,No,Friday,Winter
2023-12-22,48,28,395.46,No,Friday,Winter
2023-12-23,8,76,159.29,Yes,Saturday,Winter
2023-12-23,9,50,307.03,No,Saturday,Winter
2023-12-23,11,38,329.15,No,Saturday,Winter
2023-12-23,19,27,209.85,No,Saturday,Winter
2023-12-23,25,79,162.97,Yes,Saturday,Winter
2023-12-23,31,25,109.11,No,Saturday,Winter
2023-12-23,37,31,109.21,No,Saturday,Winter
2023-12-23,38,34,479.93,No,Saturday,Winter
2023-12-23,48,45,395.46,No,Saturday,Winter
2023-12-23,48,76,283.91,Yes,Saturday,Winter
2023-12-24,7,61,13.1,Yes,Sunday,Winter
2023-12-24,10,23,283.3,No,Sunday,Winter
2023-12-24,16,23,176.15,No,Sunday,Winter
2023-12-24,19,34,209.85,No,Sunday,Winter
2023-12-24,19,43,209.85,No,Sunday,Winter
2023-12-24,20,32,355.47,No,Sunday,Winter
2023-12-24,20,45,355.47,No,Sunday,Winter
2023-12-24,25,41,183.24,No,Sunday,Winter
2023-12-24,35,31,376.97,No,Sunday,Winter
2023-12-24,36,40,399.14,No,Sunday,Winter
2023-12-24,41,50,356.31,No,Sunday,Winter
2023-12-25,7,17,17.53,No,Monday,Winter
2023-12-25,10,58,226.68,Yes,Monday,Winter
2023-12-25,18,36,33.45,No,Monday,Winter
2023-12-25,20,43,290.26,Yes,Monday,Winter
2023-12-25,31,19,109.11,No,Monday,Winter
2023-12-25,41,28,356.31,No,Monday,Winter
2023-12-25,46,29,360.9,No,Monday,Winter
2023-12-25,48,23,395.46,No,Monday,Winter
2023-12-26,1,22,268.05,No,Tuesday,Winter
2023-12-26,5,24,435.2,No,Tuesday,Winter
2023-12-26,16,24,176.15,No,Tuesday,Winter
2023-12-26,23,55,264.91,Yes,Tuesday,Winter
2023-12-26,25,34,155.6,Yes,Tuesday,Winter
2023-12-26,25,24,183.24,No,Tuesday,Winter
2023-12-26,36,20,399.14,No,Tuesday,Winter
2023-12-26,36,24,399.14,No,Tuesday,Winter
2023-12-26,37,25,109.21,No,Tuesday,Winter
2023-12-26,46,38,360.9,No,Tuesday,Winter
2023-12-27,4,19,439.81,No,Wednesday,Winter
2023-12-27,8,16,218.96,No,Wednesday,Winter
2023-12-27,10,38,226.07,Yes,Wednesday,Winter
2023-12-27,15,16,377.76,No,Wednesday,Winter
2023-12-27,20,20,355.47,No,Wednesday,Winter
2023-12-27,22,24,399.69,No,Wednesday,Winter
2023-12-27,25,26,183.24,No,Wednesday,Winter
2023-12-27,26,19,246.4,No,Wednesday,Winter
2023-12-27,28,19,241.51,No,Wednesday,Winter
2023-12-27,31,20,109.11,No,Wednesday,Winter
2023-12-27,36,14,399.14,No,Wednesday,Winter
2023-12-28,11,18,329.15,No,Thursday,Winter
2023-12-28,19,28,209.85,No,Thursday,Winter
2023-12-28,26,29,246.4,No,Thursday,Winter
2023-12-28,34,36,157.47,No,Thursday,Winter
2023-12-28,41,25,356.31,No,Thursday,Winter
2023-12-28,47,50,142.06,Yes,Thursday,Winter
2023-12-28,50,18,411.47,No,Thursday,Winter
2023-12-29,1,32,268.05,No,Friday,Winter
2023-12-29,5,20,435.2,No,Friday,Winter
2023-12-29,6,28,231.03,No,Friday,Winter
2023-12-29,10,53,210.61,Yes,Friday,Winter
2023-12-29,13,25,326.8,No,Friday,Winter
2023-12-29,18,30,33.45,No,Friday,Winter
2023-12-29,23,31,319.08,No,Friday,Winter
2023-12-29,24,23,297.91,No,Friday,Winter
2023-12-29,26,32,246.4,No,Friday,Winter
2023-12-29,34,16,157.47,No,Friday,Winter
2023-12-29,42,60,256.31,Yes,Friday,Winter
2023-12-29,49,34,176.08,No,Friday,Winter
2023-12-30,1,61,200.64,Yes,Saturday,Winter
2023-12-30,1,29,268.05,No,Saturday,Winter
2023-12-30,3,52,294.01,No,Saturday,Winter
2023-12-30,4,94,375.91,Yes,Saturday,Winter
2023-12-30,8,72,187.79,Yes,Saturday,Winter
2023-12-30,9,32,307.03,No,Saturday,Winter
2023-12-30,12,104,64.76,Yes,Saturday,Winter
2023-12-30,16,23,176.15,No,Saturday,Winter
2023-12-30,17,36,357.85,No,Saturday,Winter
2023-12-30,20,32,355.47,No,Saturday,Winter
2023-12-30,37,90,85.83,Yes,Saturday,Winter
2023-12-30,40,34,459.32,No,Saturday,Winter
2023-12-30,43,29,51.67,No,Saturday,Winter
2023-12-30,44,47,117.8,No,Saturday,Winter
2023-12-30,46,34,360.9,No,Saturday,Winter
2023-12-30,49,31,176.08,No,Saturday,Winter
2023-12-31,7,61,13.33,Yes,Sunday,Winter
2023-12-31,15,29,377.76,No,Sunday,Winter
2023-12-31,16,65,149.37,Yes,Sunday,Winter
2023-12-31,20,41,355.47,No,Sunday,Winter
2023-12-31,24,31,297.91,No,Sunday,Winter
2023-12-31,31,29,109.11,No,Sunday,Winter
2023-12-31,34,34,157.47,No,Sunday,Winter
2023-12-31,39,54,256.18,No,Sunday,Winter
2023-12-31,40,36,459.32,No,Sunday,Winter
2023-12-31,40,36,459.32,No,Sunday,Winter
2023-12-31,44,45,117.8,No,Sunday,Winter
2023-12-31,49,27,176.08,No,Sunday,Winter
2023-12-31,50,23,411.47,No,Sunday,Winter
2024-01-01,3,23,294.01,No,Monday,Winter
2024-01-01,12,34,85.5,No,Monday,Winter
2024-01-01,15,44,377.76,No,Monday,Winter
2024-01-01,18,19,33.45,No,Monday,Winter
2024-01-01,20,46,275.95,Yes,Monday,Winter
2024-01-01,23,62,256.94,Yes,Monday,Winter
2024-01-01,30,26,222.51,No,Monday,Winter
2024-01-01,43,23,51.67,No,Monday,Winter
2024-01-01,44,17,117.8,No,Monday,Winter
2024-01-01,44,23,117.8,No,Monday,Winter
2024-01-01,48,14,395.46,No,Monday,Winter
2024-01-01,49,23,176.08,No,Monday,Winter
2024-01-02,1,18,268.05,No,Tuesday,Winter
2024-01-02,6,24,231.03,No,Tuesday,Winter
2024-01-02,11,23,329.15,No,Tuesday,Winter
2024-01-02,22,19,399.69,No,Tuesday,Winter
2024-01-02,22,25,399.69,No,Tuesday,Winter
2024-01-02,24,24,297.91,No,Tuesday,Winter
2024-01-02,26,19,246.4,No,Tuesday,Winter
2024-01-02,27,46,228.34,Yes,Tuesday,Winter
2024-01-02,28,30,241.51,No,Tuesday,Winter
2024-01-02,32,38,92.14,Yes,Tuesday,Winter
2024-01-02,35,22,376.97,No,Tuesday,Winter
2024-01-02,36,29,399.14,No,Tuesday,Winter
2024-01-02,36,25,399.14,No,Tuesday,Winter
2024-01-02,41,20,356.31,No,Tuesday,Winter
2024-01-02,44,34,94.21,Yes,Tuesday,Winter
2024-01-02,46,34,360.9,No,Tuesday,Winter
2024-01-03,3,16,294.01,No,Wednesday,Winter
2024-01-03,5,24,435.2,No,Wednesday,Winter
2024-01-03,5,29,377.65,Yes,Wednesday,Winter
2024-01-03,6,17,231.03,No,Wednesday,Winter
2024-01-03,7,24,17.53,No,Wednesday,Winter
2024-01-03,7,26,17.53,No,Wednesday,Winter
2024-01-03,10,25,283.3,No,Wednesday,Winter
2024-01-03,13,41,282.36,Yes,Wednesday,Winter
2024-01-03,14,30,99.5,No,Wednesday,Winter
2024-01-03,16,26,176.15,No,Wednesday,Winter
2024-01-03,27,25,302.7,No,Wednesday,Winter
2024-01-04,4,20,439.81,No,Thursday,Winter
2024-01-04,7,31,17.53,No,Thursday,Winter
2024-01-04,8,53,158.59,Yes,Thursday,Winter
2024-01-04,8,28,218.96,No,Thursday,Winter
2024-01-04,17,36,264.24,Yes,Thursday,Winter
2024-01-04,17,26,357.85,No,Thursday,Winter
2024-01-04,19,18,209.85,No,Thursday,Winter
2024-01-04,23,28,319.08,No,Thursday,Winter
2024-01-04,26,18,246.4,No,Thursday,Winter
2024-01-04,27,24,302.7,No,Thursday,Winter
2024-01-04,31,38,109.11,No,Thursday,Winter
2024-01-04,32,41,114.83,No,Thursday,Winter
2024-01-04,33,19,12.84,No,Thursday,Winter
2024-01-05,17,14,357.85,No,Friday,Winter
2024-01-05,25,50,135.82,Yes,Friday,Winter
2024-01-05,39,28,256.18,No,Friday,Winter
2024-01-05,40,28,459.32,No,Friday,Winter
2024-01-05,46,32,360.9,No,Friday,Winter
2024-01-05,46,43,282.46,Yes,Friday,Winter
2024-01-05,50,50,348.66,Yes,Friday,Winter
2024-01-06,1,45,268.05,No,Saturday,Winter
2024-01-06,4,40,439.81,No,Saturday,Winter
2024-01-06,7,50,13.11,Yes,Saturday,Winter
2024-01-06,10,31,283.3,No,Saturday,Winter
2024-01-06,10,36,283.3,No,Saturday,Winter
2024-01-06,13,40,326.8,No,Saturday,Winter
2024-01-06,17,22,357.85,No,Saturday,Winter
2024-01-06,18,130,23.84,Yes,Saturday,Winter
2024-01-06,22,32,399.69,No,Saturday,Winter
2024-01-06,29,47,310.53,Yes,Saturday,Winter
2024-01-06,33,40,12.84,No,Saturday,Winter
2024-01-06,33,49,12.84,No,Saturday,Winter
2024-01-07,1,23,268.05,No,Sunday,Winter
2024-01-07,7,43,17.53,No,Sunday,Winter
2024-01-07,14,83,86.46,Yes,Sunday,Winter
2024-01-07,19,23,209.85,No,Sunday,Winter
2024-01-07,20,29,355.47,No,Sunday,Winter
2024-01-07,22,27,399.69,No,Sunday,Winter
2024-01-07,24,79,247.87,Yes,Sunday,Winter
2024-01-08,4,29,314.44,Yes,Monday,Winter
2024-01-08,7,53,12.33,Yes,Monday,Winter
2024-01-08,13,23,326.8,No,Monday,Winter
2024-01-08,15,22,377.76,No,Monday,Winter
2024-01-08,16,25,176.15,No,Monday,Winter
2024-01-08,16,35,176.15,No,Monday,Winter
2024-01-08,26,17,246.4,No,Monday,Winter
2024-01-08,34,29,157.47,No,Monday,Winter
2024-01-08,49,16,176.08,No,Monday,Winter
2024-01-08,50,34,411.47,No,Monday,Winter
2024-01-09,8,28,218.96,No,Tuesday,Winter
2024-01-09,11,22,329.15,No,Tuesday,Winter
2024-01-09,17,25,357.85,No,Tuesday,Winter
2024-01-09,22,67,285.55,Yes,Tuesday,Winter
2024-01-09,33,28,12.84,No,Tuesday,Winter
2024-01-09,33,14,12.84,No,Tuesday,Winter
2024-01-09,35,24,376.97,No,Tuesday,Winter
2024-01-09,41,19,356.31,No,Tuesday,Winter
2024-01-09,44,20,117.8,No,Tuesday,Winter
2024-01-10,1,20,268.05,No,Wednesday,Winter
2024-01-10,10,25,283.3,No,Wednesday,Winter
2024-01-10,13,22,326.8,No,Wednesday,Winter
2024-01-10,18,24,33.45,No,Wednesday,Winter
2024-01-10,18,11,33.45,No,Wednesday,Winter
2024-01-10,20,18,355.47,No,Wednesday,Winter
2024-01-10,26,22,246.4,No,Wednesday,Winter
2024-01-10,28,14,241.51,No,Wednesday,Winter
2024-01-10,31,74,95.81,Yes,Wednesday,Winter
2024-01-10,37,22,109.21,No,Wednesday,Winter
2024-01-10,38,22,479.93,No,Wednesday,Winter
2024-01-10,43,30,51.67,No,Wednesday,Winter
2024-01-10,47,24,178.77,No,Wednesday,Winter
2024-01-10,49,26,176.08,No,Wednesday,Winter
2024-01-11,5,30,435.2,No,Thursday,Winter
2024-01-11,5,29,435.2,No,Thursday,Winter
2024-01-11,6,26,231.03,No,Thursday,Winter
2024-01-11,7,22,17.53,No,Thursday,Winter
2024-01-11,9,36,307.03,No,Thursday,Winter
2024-01-11,11,29,329.15,No,Thursday,Winter
2024-01-11,18,38,25.35,Yes,Thursday,Winter
2024-01-11,21,46,101.39,Yes,Thursday,Winter
2024-01-11,24,24,297.91,No,Thursday,Winter
2024-01-11,24,20,297.91,No,Thursday,Winter
2024-01-11,26,48,173.83,Yes,Thursday,Winter
2024-01-11,37,28,109.21,No,Thursday,Winter
2024-01-11,42,28,363.99,No,Thursday,Winter
2024-01-11,42,28,363.99,No,Thursday,Winter
2024-01-11,48,24,395.46,No,Thursday,Winter
2024-01-12,10,50,227.02,Yes,Friday,Winter
2024-01-12,17,29,357.85,No,Friday,Winter
2024-01-12,20,22,355.47,No,Friday,Winter
2024-01-12,23,23,319.08,No,Friday,Winter
2024-01-12,25,77,145.24,Yes,Friday,Winter
2024-01-12,30,18,222.51,No,Friday,Winter
2024-01-12,35,38,300.19,Yes,Friday,Winter
2024-01-12,36,19,399.14,No,Friday,Winter
2024-01-12,47,29,178.77,No,Friday,Winter
2024-01-13,4,32,439.81,No,Saturday,Winter
2024-01-13,5,27,435.2,No,Saturday,Winter
2024-01-13,7,36,17.53,No,Saturday,Winter
2024-01-13,9,22,307.03,No,Saturday,Winter
2024-01-13,10,108,251.17,Yes,Saturday,Winter
2024-01-13,11,65,240.27,Yes,Saturday,Winter
2024-01-13,17,52,357.85,No,Saturday,Winter
2024-01-13,19,31,209.85,No,Saturday,Winter
2024-01-13,22,38,399.69,No,Saturday,Winter
2024-01-13,24,86,246.71,Yes,Saturday,Winter
2024-01-13,29,40,352.17,No,Saturday,Winter
2024-01-13,35,40,376.97,No,Saturday,Winter
2024-01-13,41,45,356.31,No,Saturday,Winter
2024-01-13,45,61,12.88,Yes,Saturday,Winter
2024-01-14,8,43,218.96,No,Sunday,Winter
2024-01-14,24,45,297.91,No,Sunday,Winter
2024-01-14,26,34,246.4,No,Sunday,Winter
2024-01-14,27,52,302.7,No,Sunday,Winter
2024-01-14,33,43,12.84,No,Sunday,Winter
2024-01-14,37,40,109.21,No,Sunday,Winter
2024-01-14,41,40,356.31,No,Sunday,Winter
2024-01-14,48,40,395.46,No,Sunday,Winter
2024-01-15,9,20,307.03,No,Monday,Winter
2024-01-15,12,14,85.5,No,Monday,Winter
2024-01-15,13,17,326.8,No,Monday,Winter
2024-01-15,14,35,99.5,No,Monday,Winter
2024-01-15,24,20,297.91,No,Monday,Winter
2024-01-15,24,26,297.91,No,Monday,Winter
2024-01-15,25,20,183.24,No,Monday,Winter
2024-01-15,33,26,12.84,No,Monday,Winter
2024-01-15,34,50,132.46,Yes,Monday,Winter
2024-01-15,38,18,479.93,No,Monday,Winter
2024-01-15,43,53,39.79,Yes,Monday,Winter
2024-01-15,50,24,411.47,No,Monday,Winter
2024-01-15,50,14,411.47,No,Monday,Winter
2024-01-16,2,23,231.26,No,Tuesday,Winter
2024-01-16,3,22,294.01,No,Tuesday,Winter
2024-01-16,5,17,435.2,No,Tuesday,Winter
2024-01-16,8,14,218.96,No,Tuesday,Winter
2024-01-16,9,53,250.0,Yes,Tuesday,Winter
2024-01-16,10,24,283.3,No,Tuesday,Winter
2024-01-16,13,36,263.57,Yes,Tuesday,Winter
2024-01-16,20,31,355.47,No,Tuesday,Winter
2024-01-16,26,20,246.4,No,Tuesday,Winter
2024-01-16,27,22,302.7,No,Tuesday,Winter
2024-01-16,30,38,180.79,Yes,Tuesday,Winter
2024-01-16,34,12,157.47,No,Tuesday,Winter
2024-01-16,45,11,14.32,No,Tuesday,Winter
2024-01-16,50,19,411.47,No,Tuesday,Winter
2024-01-17,2,36,231.26,No,Wednesday,Winter
2024-01-17,3,16,294.01,No,Wednesday,Winter
2024-01-17,9,23,307.03,No,Wednesday,Winter
2024-01-17,10,20,283.3,No,Wednesday,Winter
2024-01-17,13,26,326.8,No,Wednesday,Winter
2024-01-17,15,26,377.76,No,Wednesday,Winter
2024-01-17,20,70,254.08,Yes,Wednesday,Winter
2024-01-17,37,23,109.21,No,Wednesday,Winter
2024-01-17,38,19,479.93,No,Wednesday,Winter
2024-01-17,39,24,256.18,No,Wednesday,Winter
2024-01-17,43,32,51.67,No,Wednesday,Winter
2024-01-18,1,29,268.05,No,Thursday,Winter
2024-01-18,6,22,231.03,No,Thursday,Winter
2024-01-18,16,46,151.58,Yes,Thursday,Winter
2024-01-18,20,26,355.47,No,Thursday,Winter
2024-01-18,31,34,109.11,No,Thursday,Winter
2024-01-18,31,38,84.34,Yes,Thursday,Winter
2024-01-18,37,24,109.21,No,Thursday,Winter
2024-01-18,38,23,479.93,No,Thursday,Winter
2024-01-18,44,38,117.8,No,Thursday,Winter
2024-01-18,50,29,411.47,No,Thursday,Winter
2024-01-19,8,19,218.96,No,Friday,Winter
2024-01-19,13,24,326.8,No,Friday,Winter
2024-01-19,20,48,295.14,Yes,Friday,Winter
2024-01-19,26,20,246.4,No,Friday,Winter
2024-01-19,27,34,302.7,No,Friday,Winter
2024-01-19,28,35,241.51,No,Friday,Winter
2024-01-19,29,23,352.17,No,Friday,Winter
2024-01-19,29,30,352.17,No,Friday,Winter
2024-01-19,32,29,114.83,No,Friday,Winter
2024-01-19,32,19,114.83,No,Friday,Winter
2024-01-19,34,30,157.47,No,Friday,Winter
2024-01-19,36,17,399.14,No,Friday,Winter
2024-01-19,47,18,178.77,No,Friday,Winter
2024-01-20,3,34,294.01,No,Saturday,Winter
2024-01-20,13,41,326.8,No,Saturday,Winter
2024-01-20,14,43,99.5,No,Saturday,Winter
2024-01-20,24,31,297.91,No,Saturday,Winter
2024-01-20,27,22,302.7,No,Saturday,Winter
2024-01-20,29,36,352.17,No,Saturday,Winter
2024-01-20,31,112,81.05,Yes,Saturday,Winter
2024-01-20,33,34,12.84,No,Saturday,Winter
2024-01-21,2,50,231.26,No,Sunday,Winter
2024-01-21,6,54,201.1,Yes,Sunday,Winter
2024-01-21,9,31,307.03,No,Sunday,Winter
2024-01-21,10,41,283.3,No,Sunday,Winter
2024-01-21,12,43,85.5,No,Sunday,Winter
2024-01-21,13,76,280.53,Yes,Sunday,Winter
2024-01-21,14,43,99.5,No,Sunday,Winter
2024-01-21,17,38,357.85,No,Sunday,Winter
2024-01-21,18,23,33.45,No,Sunday,Winter
2024-01-21,29,38,352.17,No,Sunday,Winter
2024-01-21,38,25,479.93,No,Sunday,Winter
2024-01-21,46,47,360.9,No,Sunday,Winter
2024-01-21,49,32,176.08,No,Sunday,Winter
2024-01-22,7,22,17.53,No,Monday,Winter
2024-01-22,8,28,218.96,No,Monday,Winter
2024-01-22,8,28,218.96,No,Monday,Winter
2024-01-22,13,23,326.8,No,Monday,Winter
2024-01-22,16,53,158.34,Yes,Monday,Winter
2024-01-22,21,58,95.88,Yes,Monday,Winter
2024-01-22,28,31,241.51,No,Monday,Winter
2024-01-22,30,23,222.51,No,Monday,Winter
2024-01-22,30,26,222.51,No,Monday,Winter
2024-01-22,32,18,114.83,No,Monday,Winter
2024-01-22,33,20,12.84,No,Monday,Winter
2024-01-22,33,25,12.84,No,Monday,Winter
2024-01-22,34,23,157.47,No,Monday,Winter
2024-01-22,34,23,157.47,No,Monday,Winter
2024-01-22,40,23,459.32,No,Monday,Winter
2024-01-22,44,22,117.8,No,Monday,Winter
2024-01-22,44,20,117.8,No,Monday,Winter
2024-01-22,47,25,178.77,No,Monday,Winter
2024-01-23,1,20,268.05,No,Tuesday,Winter
2024-01-23,1,25,268.05,No,Tuesday,Winter
2024-01-23,6,23,231.03,No,Tuesday,Winter
2024-01-23,14,25,99.5,No,Tuesday,Winter
2024-01-23,17,18,357.85,No,Tuesday,Winter
2024-01-23,22,24,399.69,No,Tuesday,Winter
2024-01-23,24,23,297.91,No,Tuesday,Winter
2024-01-23,25,19,183.24,No,Tuesday,Winter
2024-01-23,28,7,241.51,No,Tuesday,Winter
2024-01-23,36,26,399.14,No,Tuesday,Winter
2024-01-23,37,20,109.21,No,Tuesday,Winter
2024-01-24,19,30,209.85,No,Wednesday,Winter
2024-01-24,21,11,121.17,No,Wednesday,Winter
2024-01-24,29,17,352.17,No,Wednesday,Winter
2024-01-24,35,22,376.97,No,Wednesday,Winter
2024-01-24,38,22,479.93,No,Wednesday,Winter
2024-01-24,46,29,360.9,No,Wednesday,Winter
2024-01-25,8,23,218.96,No,Thursday,Winter
2024-01-25,9,25,307.03,No,Thursday,Winter
2024-01-25,9,58,224.5,Yes,Thursday,Winter
2024-01-25,9,22,307.03,No,Thursday,Winter
2024-01-25,10,31,283.3,No,Thursday,Winter
2024-01-25,13,19,326.8,No,Thursday,Winter
2024-01-25,16,25,176.15,No,Thursday,Winter
2024-01-25,17,19,357.85,No,Thursday,Winter
2024-01-25,20,25,355.47,No,Thursday,Winter
2024-01-25,24,32,297.91,No,Thursday,Winter
2024-01-25,26,41,186.03,Yes,Thursday,Winter
2024-01-25,28,28,241.51,No,Thursday,Winter
2024-01-25,30,58,175.0,Yes,Thursday,Winter
2024-01-25,44,43,83.84,Yes,Thursday,Winter
2024-01-25,50,22,411.47,No,Thursday,Winter
2024-01-26,3,13,294.01,No,Friday,Winter
2024-01-26,4,22,439.81,No,Friday,Winter
2024-01-26,19,48,172.04,Yes,Friday,Winter
2024-01-26,23,55,228.39,Yes,Friday,Winter
2024-01-26,24,23,297.91,No,Friday,Winter
2024-01-26,29,19,352.17,No,Friday,Winter
2024-01-26,29,43,283.91,Yes,Friday,Winter
2024-01-26,33,26,12.84,No,Friday,Winter
2024-01-26,35,20,376.97,No,Friday,Winter
2024-01-26,43,28,51.67,No,Friday,Winter
2024-01-26,50,14,411.47,No,Friday,Winter
2024-01-27,3,38,294.01,No,Saturday,Winter
2024-01-27,7,36,17.53,No,Saturday,Winter
2024-01-27,15,50,377.76,No,Saturday,Winter
2024-01-27,18,61,24.33,Yes,Saturday,Winter
2024-01-27,27,29,302.7,No,Saturday,Winter
2024-01-27,32,50,114.83,No,Saturday,Winter
2024-01-27,37,32,109.21,No,Saturday,Winter
2024-01-27,39,23,256.18,No,Saturday,Winter
2024-01-27,42,31,363.99,No,Saturday,Winter
2024-01-27,42,61,304.29,Yes,Saturday,Winter
2024-01-27,45,41,14.32,No,Saturday,Winter
2024-01-28,1,50,268.05,No,Sunday,Winter
2024-01-28,1,41,268.05,No,Sunday,Winter
2024-01-28,7,90,12.48,Yes,Sunday,Winter
2024-01-28,19,31,209.85,No,Sunday,Winter
2024-01-28,28,36,241.51,No,Sunday,Winter
2024-01-28,33,45,12.84,No,Sunday,Winter
2024-01-28,33,29,12.84,No,Sunday,Winter
2024-01-28,38,31,479.93,No,Sunday,Winter
2024-01-28,39,32,256.18,No,Sunday,Winter
2024-01-28,41,29,356.31,No,Sunday,Winter
2024-01-28,43,65,40.12,Yes,Sunday,Winter
2024-01-29,1,65,230.2,Yes,Monday,Winter
2024-01-29,17,25,357.85,No,Monday,Winter
2024-01-29,27,41,229.23,Yes,Monday,Winter
2024-01-29,29,60,294.76,Yes,Monday,Winter
2024-01-29,40,32,459.32,No,Monday,Winter
2024-01-29,42,26,363.99,No,Monday,Winter
2024-01-30,7,25,17.53,No,Tuesday,Winter
2024-01-30,8,14,218.96,No,Tuesday,Winter
2024-01-30,10,53,250.27,Yes,Tuesday,Winter
2024-01-30,11,19,329.15,No,Tuesday,Winter
2024-01-30,12,14,85.5,No,Tuesday,Winter
2024-01-30,32,12,114.83,No,Tuesday,Winter
2024-01-30,35,28,376.97,No,Tuesday,Winter
2024-01-30,35,16,376.97,No,Tuesday,Winter
2024-01-30,46,20,360.9,No,Tuesday,Winter
2024-01-31,5,13,435.2,No,Wednesday,Winter
2024-01-31,5,25,435.2,No,Wednesday,Winter
2024-01-31,6,37,231.03,No,Wednesday,Winter
2024-01-31,17,20,357.85,No,Wednesday,Winter
2024-01-31,25,31,183.24,No,Wednesday,Winter
2024-01-31,26,34,246.4,No,Wednesday,Winter
2024-01-31,27,20,302.7,No,Wednesday,Winter
2024-01-31,29,50,305.97,Yes,Wednesday,Winter
2024-01-31,31,37,109.11,No,Wednesday,Winter
2024-01-31,50,26,411.47,No,Wednesday,Winter
2024-02-01,9,22,307.03,No,Thursday,Winter
2024-02-01,13,22,326.8,No,Thursday,Winter
2024-02-01,17,26,357.85,No,Thursday,Winter
2024-02-01,21,22,102.64,Yes,Thursday,Winter
2024-02-01,22,28,399.69,No,Thursday,Winter
2024-02-01,26,28,246.4,No,Thursday,Winter
2024-02-01,27,18,302.7,No,Thursday,Winter
2024-02-01,33,36,12.84,No,Thursday,Winter
2024-02-01,37,13,109.21,No,Thursday,Winter
2024-02-01,40,24,459.32,No,Thursday,Winter
2024-02-01,42,28,363.99,No,Thursday,Winter
2024-02-02,4,48,318.35,Yes,Friday,Winter
2024-02-02,6,28,231.03,No,Friday,Winter
2024-02-02,11,29,329.15,No,Friday,Winter
2024-02-02,13,20,326.8,No,Friday,Winter
2024-02-02,19,20,209.85,No,Friday,Winter
2024-02-02,31,23,109.11,No,Friday,Winter
2024-02-02,33,26,12.84,No,Friday,Winter
2024-02-02,45,36,14.32,No,Friday,Winter
2024-02-02,47,24,178.77,No,Friday,Winter
2024-02-03,4,40,439.81,No,Saturday,Winter
2024-02-03,9,47,217.02,Yes,Saturday,Winter
2024-02-03,16,34,176.15,No,Saturday,Winter
2024-02-03,18,36,33.45,No,Saturday,Winter
2024-02-03,18,76,28.93,Yes,Saturday,Winter
2024-02-03,21,41,121.17,No,Saturday,Winter
2024-02-03,28,34,241.51,No,Saturday,Winter
2024-02-03,39,36,256.18,No,Saturday,Winter
2024-02-03,42,38,363.99,No,Saturday,Winter
2024-02-03,47,31,178.77,No,Saturday,Winter
2024-02-03,47,38,178.77,No,Saturday,Winter
2024-02-04,1,101,231.19,Yes,Sunday,Winter
2024-02-04,4,29,439.81,No,Sunday,Winter
2024-02-04,8,29,218.96,No,Sunday,Winter
2024-02-04,12,36,85.5,No,Sunday,Winter
2024-02-04,19,34,209.85,No,Sunday,Winter
2024-02-04,19,41,209.85,No,Sunday,Winter
2024-02-04,19,40,209.85,No,Sunday,Winter
2024-02-04,26,38,246.4,No,Sunday,Winter
2024-02-04,32,43,114.83,No,Sunday,Winter
2024-02-05,2,23,231.26,No,Monday,Winter
2024-02-05,4,58,340.15,Yes,Monday,Winter
2024-02-05,12,13,85.5,No,Monday,Winter
2024-02-05,14,34,83.95,Yes,Monday,Winter
2024-02-05,18,16,33.45,No,Monday,Winter
2024-02-05,19,14,209.85,No,Monday,Winter
2024-02-05,20,25,355.47,No,Monday,Winter
2024-02-05,21,17,121.17,No,Monday,Winter
2024-02-05,27,23,302.7,No,Monday,Winter
2024-02-05,29,32,352.17,No,Monday,Winter
2024-02-05,29,25,352.17,No,Monday,Winter
2024-02-05,30,19,222.51,No,Monday,Winter
2024-02-05,34,23,157.47,No,Monday,Winter
2024-02-05,36,46,302.31,Yes,Monday,Winter
2024-02-05,37,22,109.21,No,Monday,Winter
2024-02-05,38,19,479.93,No,Monday,Winter
2024-02-05,39,23,256.18,No,Monday,Winter
2024-02-05,44,23,117.8,No,Monday,Winter
2024-02-06,5,60,357.55,Yes,Tuesday,Winter
2024-02-06,6,23,231.03,No,Tuesday,Winter
2024-02-06,8,82,182.77,Yes,Tuesday,Winter
2024-02-06,9,26,307.03,No,Tuesday,Winter
2024-02-06,19,22,209.85,No,Tuesday,Winter
2024-02-06,23,18,319.08,No,Tuesday,Winter
2024-02-06,24,31,297.91,No,Tuesday,Winter
2024-02-06,27,22,302.7,No,Tuesday,Winter
2024-02-06,32,26,114.83,No,Tuesday,Winter
2024-02-06,33,29,10.03,Yes,Tuesday,Winter
2024-02-07,7,46,14.55,Yes,Wednesday,Winter
2024-02-07,9,41,215.29,Yes,Wednesday,Winter
2024-02-07,10,18,283.3,No,Wednesday,Winter
2024-02-07,15,28,377.76,No,Wednesday,Winter
2024-02-07,28,23,241.51,No,Wednesday,Winter
2024-02-07,38,22,479.93,No,Wednesday,Winter
2024-02-07,44,16,117.8,No,Wednesday,Winter
2024-02-07,50,22,311.87,Yes,Wednesday,Winter
2024-02-08,2,34,231.26,No,Thursday,Winter
2024-02-08,7,50,14.19,Yes,Thursday,Winter
2024-02-08,10,22,283.3,No,Thursday,Winter
2024-02-08,22,62,311.84,Yes,Thursday,Winter
2024-02-08,24,20,297.91,No,Thursday,Winter
2024-02-08,36,26,399.14,No,Thursday,Winter
2024-02-08,40,20,459.32,No,Thursday,Winter
2024-02-08,44,22,117.8,No,Thursday,Winter
2024-02-08,46,53,322.92,Yes,Thursday,Winter
2024-02-09,4,48,376.42,Yes,Friday,Winter
2024-02-09,6,43,194.86,Yes,Friday,Winter
2024-02-09,7,19,17.53,No,Friday,Winter
2024-02-09,13,58,278.01,Yes,Friday,Winter
2024-02-09,14,26,99.5,No,Friday,Winter
2024-02-09,20,24,258.33,Yes,Friday,Winter
2024-02-09,20,28,355.47,No,Friday,Winter
2024-02-09,22,22,399.69,No,Friday,Winter
2024-02-09,23,19,319.08,No,Friday,Winter
2024-02-09,26,30,246.4,No,Friday,Winter
2024-02-09,28,55,190.94,Yes,Friday,Winter
2024-02-09,29,29,352.17,No,Friday,Winter
2024-02-09,37,32,109.21,No,Friday,Winter
2024-02-09,44,35,117.8,No,Friday,Winter
2024-02-10,2,86,183.6,Yes,Saturday,Winter
2024-02-10,6,76,177.47,Yes,Saturday,Winter
2024-02-10,22,20,399.69,No,Saturday,Winter
2024-02-10,26,32,246.4,No,Saturday,Winter
2024-02-10,34,31,157.47,No,Saturday,Winter
2024-02-10,37,34,109.21,No,Saturday,Winter
2024-02-10,43,36,51.67,No,Saturday,Winter
2024-02-10,48,43,395.46,No,Saturday,Winter
2024-02-10,49,38,176.08,No,Saturday,Winter
2024-02-11,10,34,283.3,No,Sunday,Winter
2024-02-11,15,41,377.76,No,Sunday,Winter
2024-02-11,16,36,176.15,No,Sunday,Winter
2024-02-11,16,31,176.15,No,Sunday,Winter
2024-02-11,16,29,176.15,No,Sunday,Winter
2024-02-11,18,31,33.45,No,Sunday,Winter
2024-02-11,20,61,283.77,Yes,Sunday,Winter
2024-02-11,24,32,297.91,No,Sunday,Winter
2024-02-11,24,36,240.46,Yes,Sunday,Winter
2024-02-11,32,31,114.83,No,Sunday,Winter
2024-02-11,33,43,12.84,No,Sunday,Winter
2024-02-11,35,83,309.97,Yes,Sunday,Winter
2024-02-12,5,32,435.2,No,Monday,Winter
2024-02-12,6,55,202.72,Yes,Monday,Winter
2024-02-12,8,22,218.96,No,Monday,Winter
2024-02-12,16,20,176.15,No,Monday,Winter
2024-02-12,19,55,159.77,Yes,Monday,Winter
2024-02-12,20,22,355.47,No,Monday,Winter
2024-02-12,26,28,246.4,No,Monday,Winter
2024-02-12,26,25,246.4,No,Monday,Winter
2024-02-12,30,28,222.51,No,Monday,Winter
2024-02-13,14,25,99.5,No,Tuesday,Winter
2024-02-13,15,11,377.76,No,Tuesday,Winter
2024-02-13,24,34,297.91,No,Tuesday,Winter
2024-02-13,29,16,352.17,No,Tuesday,Winter
2024-02-13,35,50,271.76,Yes,Tuesday,Winter
2024-02-13,36,46,341.05,Yes,Tuesday,Winter
2024-02-13,44,41,83.82,Yes,Tuesday,Winter
2024-02-14,9,29,307.03,No,Wednesday,Winter
2024-02-14,14,16,99.5,No,Wednesday,Winter
2024-02-14,14,25,99.5,No,Wednesday,Winter
2024-02-14,17,41,251.0,Yes,Wednesday,Winter
2024-02-14,20,32,355.47,No,Wednesday,Winter
2024-02-14,37,43,81.88,Yes,Wednesday,Winter
2024-02-14,47,17,178.77,No,Wednesday,Winter
2024-02-14,48,55,343.62,Yes,Wednesday,Winter
2024-02-14,50,25,411.47,No,Wednesday,Winter
2024-02-15,6,29,231.03,No,Thursday,Winter
2024-02-15,10,50,228.32,Yes,Thursday,Winter
2024-02-15,10,25,283.3,No,Thursday,Winter
2024-02-15,14,19,99.5,No,Thursday,Winter
2024-02-15,18,22,33.45,No,Thursday,Winter
2024-02-15,30,19,222.51,No,Thursday,Winter
2024-02-15,37,23,109.21,No,Thursday,Winter
2024-02-16,3,22,294.01,No,Friday,Winter
2024-02-16,6,60,190.09,Yes,Friday,Winter
2024-02-16,15,35,377.76,No,Friday,Winter
2024-02-16,19,18,209.85,No,Friday,Winter
2024-02-16,24,30,297.91,No,Friday,Winter
2024-02-16,35,34,376.97,No,Friday,Winter
2024-02-16,38,20,479.93,No,Friday,Winter
2024-02-16,39,25,256.18,No,Friday,Winter
2024-02-16,43,43,42.03,Yes,Friday,Winter
2024-02-16,47,25,178.77,No,Friday,Winter
2024-02-16,48,18,395.46,No,Friday,Winter
2024-02-17,1,41,268.05,No,Saturday,Winter
2024-02-17,2,22,231.26,No,Saturday,Winter
2024-02-17,5,65,306.93,Yes,Saturday,Winter
2024-02-17,5,32,435.2,No,Saturday,Winter
2024-02-17,22,45,399.69,No,Saturday,Winter
2024-02-17,26,41,246.4,No,Saturday,Winter
2024-02-17,47,45,178.77,No,Saturday,Winter
2024-02-18,3,38,294.01,No,Sunday,Winter
2024-02-18,13,58,243.0,Yes,Sunday,Winter
2024-02-18,17,32,357.85,No,Sunday,Winter
2024-02-18,18,38,33.45,No,Sunday,Winter
2024-02-18,22,49,399.69,No,Sunday,Winter
2024-02-18,22,27,399.69,No,Sunday,Winter
2024-02-18,23,40,319.08,No,Sunday,Winter
2024-02-18,29,43,301.47,Yes,Sunday,Winter
2024-02-18,36,36,399.14,No,Sunday,Winter
2024-02-18,36,47,399.14,No,Sunday,Winter
2024-02-18,37,36,109.21,No,Sunday,Winter
2024-02-18,38,79,386.31,Yes,Sunday,Winter
2024-02-18,41,27,356.31,No,Sunday,Winter
2024-02-18,45,54,14.32,No,Sunday,Winter
2024-02-18,48,31,395.46,No,Sunday,Winter
2024-02-19,15,24,377.76,No,Monday,Winter
2024-02-19,16,26,176.15,No,Monday,Winter
2024-02-19,17,34,357.85,No,Monday,Winter
2024-02-19,20,18,355.47,No,Monday,Winter
2024-02-19,23,12,319.08,No,Monday,Winter
2024-02-19,36,17,399.14,No,Monday,Winter
2024-02-19,43,29,51.67,No,Monday,Winter
2024-02-19,50,26,411.47,No,Monday,Winter
2024-02-19,50,36,354.82,Yes,Monday,Winter
2024-02-20,3,16,294.01,No,Tuesday,Winter
2024-02-20,5,25,435.2,No,Tuesday,Winter
2024-02-20,6,29,189.3,Yes,Tuesday,Winter
2024-02-20,11,30,329.15,No,Tuesday,Winter
2024-02-20,13,19,326.8,No,Tuesday,Winter
2024-02-20,14,23,99.5,No,Tuesday,Winter
2024-02-20,16,23,176.15,No,Tuesday,Winter
2024-02-20,16,14,176.15,No,Tuesday,Winter
2024-02-20,27,46,236.79,Yes,Tuesday,Winter
2024-02-20,29,19,352.17,No,Tuesday,Winter
2024-02-20,29,20,352.17,No,Tuesday,Winter
2024-02-20,31,14,109.11,No,Tuesday,Winter
2024-02-20,41,23,356.31,No,Tuesday,Winter
2024-02-21,9,22,307.03,No,Wednesday,Winter
2024-02-21,15,19,377.76,No,Wednesday,Winter
2024-02-21,29,50,248.74,Yes,Wednesday,Winter
2024-02-21,33,48,10.52,Yes,Wednesday,Winter
2024-02-21,47,29,178.77,No,Wednesday,Winter
2024-02-22,12,17,85.5,No,Thursday,Winter
2024-02-22,16,41,134.44,Yes,Thursday,Winter
2024-02-22,27,31,302.7,No,Thursday,Winter
2024-02-22,31,28,109.11,No,Thursday,Winter
2024-02-22,32,14,114.83,No,Thursday,Winter
2024-02-22,39,22,256.18,No,Thursday,Winter
2024-02-22,50,34,411.47,No,Thursday,Winter
2024-02-23,1,31,223.49,Yes,Friday,Winter
2024-02-23,7,24,17.53,No,Friday,Winter
2024-02-23,13,18,326.8,No,Friday,Winter
2024-02-23,15,17,377.76,No,Friday,Winter
2024-02-23,23,35,319.08,No,Friday,Winter
2024-02-23,25,25,183.24,No,Friday,Winter
2024-02-23,28,43,199.17,Yes,Friday,Winter
2024-02-23,34,25,157.47,No,Friday,Winter
2024-02-23,37,18,109.21,No,Friday,Winter
2024-02-23,39,24,256.18,No,Friday,Winter
2024-02-23,40,19,459.32,No,Friday,Winter
2024-02-23,48,34,299.52,Yes,Friday,Winter
2024-02-23,49,36,176.08,No,Friday,Winter
2024-02-24,2,72,175.62,Yes,Saturday,Winter
2024-02-24,5,29,435.2,No,Saturday,Winter
2024-02-24,6,23,231.03,No,Saturday,Winter
2024-02-24,7,76,12.3,Yes,Saturday,Winter
2024-02-24,10,27,283.3,No,Saturday,Winter
2024-02-24,14,32,99.5,No,Saturday,Winter
2024-02-24,21,34,121.17,No,Saturday,Winter
2024-02-24,21,40,121.17,No,Saturday,Winter
2024-02-24,25,49,183.24,No,Saturday,Winter
2024-02-24,26,79,202.57,Yes,Saturday,Winter
2024-02-24,27,40,302.7,No,Saturday,Winter
2024-02-24,30,36,222.51,No,Saturday,Winter
2024-02-24,32,79,87.33,Yes,Saturday,Winter
2024-02-24,33,45,12.84,No,Saturday,Winter
2024-02-24,35,36,376.97,No,Saturday,Winter
2024-02-24,46,34,360.9,No,Saturday,Winter
2024-02-24,48,76,331.1,Yes,Saturday,Winter
2024-02-24,48,41,395.46,No,Saturday,Winter
2024-02-24,50,40,411.47,No,Saturday,Winter
2024-02-25,3,38,294.01,No,Sunday,Winter
2024-02-25,5,23,435.2,No,Sunday,Winter
2024-02-25,11,32,329.15,No,Sunday,Winter
2024-02-25,14,68,78.21,Yes,Sunday,Winter
2024-02-25,15,36,377.76,No,Sunday,Winter
2024-02-25,22,43,399.69,No,Sunday,Winter
2024-02-25,31,41,109.11,No,Sunday,Winter
2024-02-25,32,22,114.83,No,Sunday,Winter
2024-02-25,33,97,10.45,Yes,Sunday,Winter
2024-02-25,34,23,157.47,No,Sunday,Winter
2024-02-25,38,31,479.93,No,Sunday,Winter
2024-02-25,42,90,287.95,Yes,Sunday,Winter
2024-02-26,5,31,435.2,No,Monday,Winter
2024-02-26,5,24,435.2,No,Monday,Winter
2024-02-26,14,23,99.5,No,Monday,Winter
2024-02-26,16,22,176.15,No,Monday,Winter
2024-02-26,25,34,153.32,Yes,Monday,Winter
2024-02-26,28,19,241.51,No,Monday,Winter
2024-02-26,33,18,12.84,No,Monday,Winter
2024-02-26,38,55,383.8,Yes,Monday,Winter
2024-02-26,38,31,479.93,No,Monday,Winter
2024-02-26,39,22,256.18,No,Monday,Winter
2024-02-26,43,24,51.67,No,Monday,Winter
2024-02-26,43,19,51.67,No,Monday,Winter
2024-02-26,45,29,14.32,No,Monday,Winter
2024-02-26,45,20,14.32,No,Monday,Winter
2024-02-26,47,22,178.77,No,Monday,Winter
2024-02-26,48,24,395.46,No,Monday,Winter
2024-02-27,7,13,17.53,No,Tuesday,Winter
2024-02-27,34,34,157.47,No,Tuesday,Winter
2024-02-27,39,28,256.18,No,Tuesday,Winter
2024-02-27,43,13,51.67,No,Tuesday,Winter
2024-02-27,44,62,82.73,Yes,Tuesday,Winter
2024-02-27,50,19,411.47,No,Tuesday,Winter
2024-02-27,50,19,411.47,No,Tuesday,Winter
2024-02-28,13,24,326.8,No,Wednesday,Winter
2024-02-28,16,24,176.15,No,Wednesday,Winter
2024-02-28,22,34,349.89,Yes,Wednesday,Winter
2024-02-28,23,17,319.08,No,Wednesday,Winter
2024-02-28,26,34,183.16,Yes,Wednesday,Winter
2024-02-28,30,24,222.51,No,Wednesday,Winter
2024-02-28,32,43,95.66,Yes,Wednesday,Winter
2024-02-28,33,26,12.84,No,Wednesday,Winter
2024-02-28,33,19,12.84,No,Wednesday,Winter
2024-02-28,39,16,256.18,No,Wednesday,Winter
2024-02-28,45,28,14.32,No,Wednesday,Winter
2024-02-29,6,34,189.27,Yes,Thursday,Winter
2024-02-29,14,25,99.5,No,Thursday,Winter
2024-02-29,16,29,176.15,No,Thursday,Winter
2024-02-29,17,29,357.85,No,Thursday,Winter
2024-02-29,19,50,176.77,Yes,Thursday,Winter
2024-02-29,20,26,355.47,No,Thursday,Winter
2024-02-29,22,22,399.69,No,Thursday,Winter
2024-02-29,24,23,297.91,No,Thursday,Winter
2024-02-29,26,26,246.4,No,Thursday,Winter
2024-02-29,26,37,246.4,No,Thursday,Winter
2024-02-29,36,24,399.14,No,Thursday,Winter
2024-02-29,40,34,380.97,Yes,Thursday,Winter
2024-03-01,5,27,435.2,No,Friday,Spring
2024-03-01,11,32,244.12,Yes,Friday,Spring
2024-03-01,11,18,329.15,No,Friday,Spring
2024-03-01,12,34,68.78,Yes,Friday,Spring
2024-03-01,15,34,271.98,Yes,Friday,Spring
2024-03-01,27,24,302.7,No,Friday,Spring
2024-03-01,27,38,237.25,Yes,Friday,Spring
2024-03-01,37,23,109.21,No,Friday,Spring
2024-03-01,39,19,256.18,No,Friday,Spring
2024-03-01,40,14,325.74,Yes,Friday,Spring
2024-03-01,42,20,363.99,No,Friday,Spring
2024-03-01,49,21,176.08,No,Friday,Spring
2024-03-02,1,45,195.74,Yes,Saturday,Spring
2024-03-02,5,28,435.2,No,Saturday,Spring
2024-03-02,13,22,326.8,No,Saturday,Spring
2024-03-02,17,34,357.85,No,Saturday,Spring
2024-03-02,32,45,114.83,No,Saturday,Spring
2024-03-02,33,20,12.84,No,Saturday,Spring
2024-03-02,38,32,479.93,No,Saturday,Spring
2024-03-02,41,40,356.31,No,Saturday,Spring
2024-03-02,43,66,41.37,Yes,Saturday,Spring
2024-03-02,45,33,14.32,No,Saturday,Spring
2024-03-02,47,46,178.77,No,Saturday,Spring
2024-03-02,48,24,395.46,No,Saturday,Spring
2024-03-03,2,39,194.96,Yes,Sunday,Spring
2024-03-03,4,34,439.81,No,Sunday,Spring
2024-03-03,4,33,439.81,No,Sunday,Spring
2024-03-03,5,32,435.2,No,Sunday,Spring
2024-03-03,15,27,377.76,No,Sunday,Spring
2024-03-03,29,34,352.17,No,Sunday,Spring
2024-03-03,30,20,222.51,No,Sunday,Spring
2024-03-03,30,14,222.51,No,Sunday,Spring
2024-03-03,33,34,12.84,No,Sunday,Spring
2024-03-03,39,24,256.18,No,Sunday,Spring
2024-03-03,41,21,356.31,No,Sunday,Spring
2024-03-03,46,27,360.9,No,Sunday,Spring
2024-03-04,2,16,231.26,No,Monday,Spring
2024-03-04,9,22,307.03,No,Monday,Spring
2024-03-04,10,14,283.3,No,Monday,Spring
2024-03-04,10,18,283.3,No,Monday,Spring
2024-03-04,14,11,99.5,No,Monday,Spring
2024-03-04,14,15,99.5,No,Monday,Spring
2024-03-04,17,13,357.85,No,Monday,Spring
2024-03-04,17,22,357.85,No,Monday,Spring
2024-03-04,19,34,209.85,No,Monday,Spring
2024-03-04,21,12,121.17,No,Monday,Spring
2024-03-04,26,22,246.4,No,Monday,Spring
2024-03-04,27,44,238.74,Yes,Monday,Spring
2024-03-04,28,25,241.51,No,Monday,Spring
2024-03-04,36,16,399.14,No,Monday,Spring
2024-03-04,45,54,12.2,Yes,Monday,Spring
2024-03-05,30,40,199.23,Yes,Tuesday,Spring
2024-03-05,34,46,133.9,Yes,Tuesday,Spring
2024-03-05,37,34,84.57,Yes,Tuesday,Spring
2024-03-05,45,18,14.32,No,Tuesday,Spring
2024-03-06,3,28,294.01,No,Wednesday,Spring
2024-03-06,3,11,294.01,No,Wednesday,Spring
2024-03-06,20,16,355.47,No,Wednesday,Spring
2024-03-06,20,18,355.47,No,Wednesday,Spring
2024-03-06,26,17,246.4,No,Wednesday,Spring
2024-03-06,39,30,256.18,No,Wednesday,Spring
2024-03-06,41,34,302.69,Yes,Wednesday,Spring
2024-03-06,42,13,363.99,No,Wednesday,Spring
2024-03-06,42,24,363.99,No,Wednesday,Spring
2024-03-07,8,29,218.96,No,Thursday,Spring
2024-03-07,13,29,326.8,No,Thursday,Spring
2024-03-07,15,28,377.76,No,Thursday,Spring
2024-03-07,18,28,23.64,Yes,Thursday,Spring
2024-03-07,19,14,209.85,No,Thursday,Spring
2024-03-07,22,18,399.69,No,Thursday,Spring
2024-03-07,24,19,297.91,No,Thursday,Spring
2024-03-07,41,23,356.31,No,Thursday,Spring
2024-03-07,44,21,117.8,No,Thursday,Spring
2024-03-07,44,21,117.8,No,Thursday,Spring
2024-03-08,2,15,231.26,No,Friday,Spring
2024-03-08,7,12,17.53,No,Friday,Spring
2024-03-08,18,13,33.45,No,Friday,Spring
2024-03-08,19,17,209.85,No,Friday,Spring
2024-03-08,22,32,314.6,Yes,Friday,Spring
2024-03-08,23,25,319.08,No,Friday,Spring
2024-03-08,26,16,246.4,No,Friday,Spring
2024-03-08,40,56,380.01,Yes,Friday,Spring
2024-03-08,50,18,411.47,No,Friday,Spring
2024-03-09,4,84,376.29,Yes,Saturday,Spring
2024-03-09,9,39,307.03,No,Saturday,Spring
2024-03-09,19,27,209.85,No,Saturday,Spring
2024-03-09,20,33,355.47,No,Saturday,Spring
2024-03-09,21,21,121.17,No,Saturday,Spring
2024-03-09,31,33,109.11,No,Saturday,Spring
2024-03-09,33,30,12.84,No,Saturday,Spring
2024-03-09,48,33,395.46,No,Saturday,Spring
2024-03-09,48,28,395.46,No,Saturday,Spring
2024-03-10,7,42,17.53,No,Sunday,Spring
2024-03-10,10,30,283.3,No,Sunday,Spring
2024-03-10,15,32,377.76,No,Sunday,Spring
2024-03-10,18,32,33.45,No,Sunday,Spring
2024-03-10,22,26,399.69,No,Sunday,Spring
2024-03-10,25,42,183.24,No,Sunday,Spring
2024-03-10,25,39,183.24,No,Sunday,Spring
2024-03-10,29,26,352.17,No,Sunday,Spring
2024-03-10,29,28,352.17,No,Sunday,Spring
2024-03-10,29,26,352.17,No,Sunday,Spring
2024-03-10,31,27,109.11,No,Sunday,Spring
2024-03-10,35,33,376.97,No,Sunday,Spring
2024-03-10,37,26,109.21,No,Sunday,Spring
2024-03-10,45,18,14.32,No,Sunday,Spring
2024-03-10,49,32,176.08,No,Sunday,Spring
2024-03-10,50,66,349.86,Yes,Sunday,Spring
2024-03-11,3,23,294.01,No,Monday,Spring
2024-03-11,7,56,14.44,Yes,Monday,Spring
2024-03-11,8,23,218.96,No,Monday,Spring
2024-03-11,9,26,236.94,Yes,Monday,Spring
2024-03-11,16,25,176.15,No,Monday,Spring
2024-03-11,16,12,176.15,No,Monday,Spring
2024-03-11,23,24,319.08,No,Monday,Spring
2024-03-11,32,29,114.83,No,Monday,Spring
2024-03-11,33,50,10.79,Yes,Monday,Spring
2024-03-11,40,32,332.08,Yes,Monday,Spring
2024-03-11,43,21,51.67,No,Monday,Spring
2024-03-11,44,18,117.8,No,Monday,Spring
2024-03-11,49,52,149.19,Yes,Monday,Spring
2024-03-12,3,30,294.01,No,Tuesday,Spring
2024-03-12,18,21,33.45,No,Tuesday,Spring
2024-03-12,19,23,209.85,No,Tuesday,Spring
2024-03-12,19,23,209.85,No,Tuesday,Spring
2024-03-12,22,14,399.69,No,Tuesday,Spring
2024-03-12,37,15,109.21,No,Tuesday,Spring
2024-03-12,38,16,479.93,No,Tuesday,Spring
2024-03-12,40,24,459.32,No,Tuesday,Spring
2024-03-13,8,21,218.96,No,Wednesday,Spring
2024-03-13,16,48,134.49,Yes,Wednesday,Spring
2024-03-13,16,20,176.15,No,Wednesday,Spring
2024-03-13,17,46,303.2,Yes,Wednesday,Spring
2024-03-13,22,26,399.69,No,Wednesday,Spring
2024-03-13,30,16,222.51,No,Wednesday,Spring
2024-03-13,32,23,114.83,No,Wednesday,Spring
2024-03-13,35,23,376.97,No,Wednesday,Spring
2024-03-13,41,15,356.31,No,Wednesday,Spring
2024-03-13,42,24,363.99,No,Wednesday,Spring
2024-03-13,45,13,14.32,No,Wednesday,Spring
2024-03-13,47,26,178.77,No,Wednesday,Spring
2024-03-13,49,15,176.08,No,Wednesday,Spring
2024-03-14,3,20,294.01,No,Thursday,Spring
2024-03-14,7,36,14.91,Yes,Thursday,Spring
2024-03-14,10,15,283.3,No,Thursday,Spring
2024-03-14,14,36,87.49,Yes,Thursday,Spring
2024-03-14,18,17,33.45,No,Thursday,Spring
2024-03-14,23,13,319.08,No,Thursday,Spring
2024-03-14,23,19,319.08,No,Thursday,Spring
2024-03-14,23,19,319.08,No,Thursday,Spring
2024-03-14,27,24,302.7,No,Thursday,Spring
2024-03-14,28,66,196.25,Yes,Thursday,Spring
2024-03-14,29,20,352.17,No,Thursday,Spring
2024-03-14,32,27,114.83,No,Thursday,Spring
2024-03-14,35,40,330.84,Yes,Thursday,Spring
2024-03-14,36,16,399.14,No,Thursday,Spring
2024-03-14,37,24,86.29,Yes,Thursday,Spring
2024-03-14,47,32,126.86,Yes,Thursday,Spring
2024-03-15,2,24,174.73,Yes,Friday,Spring
2024-03-15,5,21,435.2,No,Friday,Spring
2024-03-15,6,18,231.03,No,Friday,Spring
2024-03-15,7,50,13.75,Yes,Friday,Spring
2024-03-15,14,24,99.5,No,Friday,Spring
2024-03-15,17,21,357.85,No,Friday,Spring
2024-03-15,39,25,256.18,No,Friday,Spring
2024-03-15,41,15,356.31,No,Friday,Spring
2024-03-15,43,19,51.67,No,Friday,Spring
2024-03-15,47,52,130.68,Yes,Friday,Spring
2024-03-16,3,26,294.01,No,Saturday,Spring
2024-03-16,9,40,307.03,No,Saturday,Spring
2024-03-16,15,27,377.76,No,Saturday,Spring
2024-03-16,15,32,377.76,No,Saturday,Spring
2024-03-16,17,78,313.84,Yes,Saturday,Spring
2024-03-16,21,22,121.17,No,Saturday,Spring
2024-03-16,32,27,114.83,No,Saturday,Spring
2024-03-16,33,33,12.84,No,Saturday,Spring
2024-03-16,35,27,376.97,No,Saturday,Spring
2024-03-16,38,51,425.56,Yes,Saturday,Spring
2024-03-16,38,21,479.93,No,Saturday,Spring
2024-03-16,40,30,459.32,No,Saturday,Spring
2024-03-16,44,33,117.8,No,Saturday,Spring
2024-03-16,46,51,265.83,Yes,Saturday,Spring
2024-03-16,49,30,176.08,No,Saturday,Spring
2024-03-17,5,21,435.2,No,Sunday,Spring
2024-03-17,10,30,283.3,No,Sunday,Spring
2024-03-17,12,36,85.5,No,Sunday,Spring
2024-03-17,16,26,176.15,No,Sunday,Spring
2024-03-17,17,26,357.85,No,Sunday,Spring
2024-03-17,25,34,183.24,No,Sunday,Spring
2024-03-17,28,42,188.59,Yes,Sunday,Spring
2024-03-17,28,21,241.51,No,Sunday,Spring
2024-03-17,31,63,95.02,Yes,Sunday,Spring
2024-03-17,40,39,459.32,No,Sunday,Spring
2024-03-17,42,27,363.99,No,Sunday,Spring
2024-03-17,44,63,96.05,Yes,Sunday,Spring
2024-03-17,44,39,117.8,No,Sunday,Spring
2024-03-17,46,28,360.9,No,Sunday,Spring
2024-03-18,8,34,176.89,Yes,Monday,Spring
2024-03-18,10,21,283.3,No,Monday,Spring
2024-03-18,19,26,209.85,No,Monday,Spring
2024-03-18,22,44,316.34,Yes,Monday,Spring
2024-03-18,25,40,158.58,Yes,Monday,Spring
2024-03-18,27,54,231.2,Yes,Monday,Spring
2024-03-18,27,24,302.7,No,Monday,Spring
2024-03-18,29,17,352.17,No,Monday,Spring
2024-03-18,30,22,222.51,No,Monday,Spring
2024-03-18,33,9,12.84,No,Monday,Spring
2024-03-18,37,21,109.21,No,Monday,Spring
2024-03-18,40,24,459.32,No,Monday,Spring
2024-03-18,41,19,356.31,No,Monday,Spring
2024-03-18,50,21,411.47,No,Monday,Spring
2024-03-19,8,19,218.96,No,Tuesday,Spring
2024-03-19,13,13,326.8,No,Tuesday,Spring
2024-03-19,14,19,99.5,No,Tuesday,Spring
2024-03-19,16,23,176.15,No,Tuesday,Spring
2024-03-19,22,16,399.69,No,Tuesday,Spring
2024-03-19,29,16,352.17,No,Tuesday,Spring
2024-03-19,42,19,363.99,No,Tuesday,Spring
2024-03-19,45,19,14.32,No,Tuesday,Spring
2024-03-19,47,20,178.77,No,Tuesday,Spring
2024-03-19,48,10,395.46,No,Tuesday,Spring
2024-03-20,2,16,231.26,No,Wednesday,Spring
2024-03-20,3,17,294.01,No,Wednesday,Spring
2024-03-20,6,17,231.03,No,Wednesday,Spring
2024-03-20,13,18,326.8,No,Wednesday,Spring
2024-03-20,15,36,326.16,Yes,Wednesday,Spring
2024-03-20,18,24,33.45,No,Wednesday,Spring
2024-03-20,19,18,209.85,No,Wednesday,Spring
2024-03-20,20,42,301.22,Yes,Wednesday,Spring
2024-03-20,28,23,241.51,No,Wednesday,Spring
2024-03-20,29,18,352.17,No,Wednesday,Spring
2024-03-20,36,31,399.14,No,Wednesday,Spring
2024-03-20,40,23,459.32,No,Wednesday,Spring
2024-03-20,41,16,356.31,No,Wednesday,Spring
2024-03-21,2,10,231.26,No,Thursday,Spring
2024-03-21,2,15,231.26,No,Thursday,Spring
2024-03-21,2,28,181.05,Yes,Thursday,Spring
2024-03-21,4,15,439.81,No,Thursday,Spring
2024-03-21,8,24,218.96,No,Thursday,Spring
2024-03-21,9,18,307.03,No,Thursday,Spring
2024-03-21,20,22,355.47,No,Thursday,Spring
2024-03-21,21,30,95.16,Yes,Thursday,Spring
2024-03-21,27,18,302.7,No,Thursday,Spring
2024-03-21,29,12,352.17,No,Thursday,Spring
2024-03-21,43,11,51.67,No,Thursday,Spring
2024-03-21,50,18,411.47,No,Thursday,Spring
2024-03-21,50,24,370.09,Yes,Thursday,Spring
2024-03-22,1,20,268.05,No,Friday,Spring
2024-03-22,3,26,294.01,No,Friday,Spring
2024-03-22,4,20,439.81,No,Friday,Spring
2024-03-22,8,10,218.96,No,Friday,Spring
2024-03-22,16,34,138.34,Yes,Friday,Spring
2024-03-22,24,17,297.91,No,Friday,Spring
2024-03-22,25,19,183.24,No,Friday,Spring
2024-03-22,30,26,222.51,No,Friday,Spring
2024-03-22,39,38,186.99,Yes,Friday,Spring
2024-03-22,40,16,459.32,No,Friday,Spring
2024-03-22,43,20,51.67,No,Friday,Spring
2024-03-22,45,22,14.32,No,Friday,Spring
2024-03-23,5,32,435.2,No,Saturday,Spring
2024-03-23,5,36,435.2,No,Saturday,Spring
2024-03-23,7,30,17.53,No,Saturday,Spring
2024-03-23,10,33,283.3,No,Saturday,Spring
2024-03-23,17,38,357.85,No,Saturday,Spring
2024-03-23,24,30,297.91,No,Saturday,Spring
2024-03-23,34,46,157.47,No,Saturday,Spring
2024-03-23,46,33,360.9,No,Saturday,Spring
2024-03-24,4,33,439.81,No,Sunday,Spring
2024-03-24,11,26,329.15,No,Sunday,Spring
2024-03-24,16,30,176.15,No,Sunday,Spring
2024-03-24,17,34,357.85,No,Sunday,Spring
2024-03-24,20,38,355.47,No,Sunday,Spring
2024-03-24,20,21,355.47,No,Sunday,Spring
2024-03-24,23,81,281.58,Yes,Sunday,Spring
2024-03-24,37,51,84.67,Yes,Sunday,Spring
2024-03-24,48,34,395.46,No,Sunday,Spring
2024-03-25,3,22,294.01,No,Monday,Spring
2024-03-25,4,50,388.66,Yes,Monday,Spring
2024-03-25,6,19,231.03,No,Monday,Spring
2024-03-25,7,11,17.53,No,Monday,Spring
2024-03-25,7,20,17.53,No,Monday,Spring
2024-03-25,7,16,17.53,No,Monday,Spring
2024-03-25,12,17,85.5,No,Monday,Spring
2024-03-25,13,21,326.8,No,Monday,Spring
2024-03-25,14,20,99.5,No,Monday,Spring
2024-03-25,17,14,357.85,No,Monday,Spring
2024-03-25,25,16,183.24,No,Monday,Spring
2024-03-25,27,10,302.7,No,Monday,Spring
2024-03-25,28,40,195.56,Yes,Monday,Spring
2024-03-25,35,16,376.97,No,Monday,Spring
2024-03-25,42,27,363.99,No,Monday,Spring
2024-03-25,47,17,178.77,No,Monday,Spring
2024-03-26,2,11,231.26,No,Tuesday,Spring
2024-03-26,7,17,17.53,No,Tuesday,Spring
2024-03-26,26,17,246.4,No,Tuesday,Spring
2024-03-26,26,40,194.51,Yes,Tuesday,Spring
2024-03-26,33,42,11.18,Yes,Tuesday,Spring
2024-03-26,36,19,399.14,No,Tuesday,Spring
2024-03-26,37,17,109.21,No,Tuesday,Spring
2024-03-26,44,18,117.8,No,Tuesday,Spring
2024-03-26,48,19,395.46,No,Tuesday,Spring
2024-03-27,3,13,294.01,No,Wednesday,Spring
2024-03-27,4,21,439.81,No,Wednesday,Spring
2024-03-27,9,25,307.03,No,Wednesday,Spring
2024-03-27,16,21,176.15,No,Wednesday,Spring
2024-03-27,16,21,176.15,No,Wednesday,Spring
2024-03-27,18,19,33.45,No,Wednesday,Spring
2024-03-27,18,28,33.45,No,Wednesday,Spring
2024-03-27,19,29,209.85,No,Wednesday,Spring
2024-03-27,38,23,479.93,No,Wednesday,Spring
2024-03-27,43,24,51.67,No,Wednesday,Spring
2024-03-27,47,21,178.77,No,Wednesday,Spring
2024-03-27,50,34,331.37,Yes,Wednesday,Spring
2024-03-28,7,22,17.53,No,Thursday,Spring
2024-03-28,7,22,17.53,No,Thursday,Spring
2024-03-28,9,25,307.03,No,Thursday,Spring
2024-03-28,16,19,176.15,No,Thursday,Spring
2024-03-28,18,17,33.45,No,Thursday,Spring
2024-03-28,20,18,355.47,No,Thursday,Spring
2024-03-28,25,50,135.17,Yes,Thursday,Spring
2024-03-28,29,16,352.17,No,Thursday,Spring
2024-03-28,30,36,193.4,Yes,Thursday,Spring
2024-03-28,33,19,12.84,No,Thursday,Spring
2024-03-28,40,17,459.32,No,Thursday,Spring
2024-03-28,41,14,356.31,No,Thursday,Spring
2024-03-28,43,21,51.67,No,Thursday,Spring
2024-03-29,2,22,231.26,No,Friday,Spring
2024-03-29,26,22,246.4,No,Friday,Spring
2024-03-29,33,16,12.84,No,Friday,Spring
2024-03-29,33,23,12.84,No,Friday,Spring
2024-03-29,37,17,109.21,No,Friday,Spring
2024-03-29,40,20,459.32,No,Friday,Spring
2024-03-29,47,36,156.68,Yes,Friday,Spring
2024-03-29,48,18,395.46,No,Friday,Spring
2024-03-30,1,32,268.05,No,Saturday,Spring
2024-03-30,2,27,231.26,No,Saturday,Spring
2024-03-30,9,93,262.59,Yes,Saturday,Spring
2024-03-30,19,34,209.85,No,Saturday,Spring
2024-03-30,19,28,209.85,No,Saturday,Spring
2024-03-30,24,51,248.85,Yes,Saturday,Spring
2024-03-30,25,38,183.24,No,Saturday,Spring
2024-03-30,28,38,241.51,No,Saturday,Spring
2024-03-30,29,30,352.17,No,Saturday,Spring
2024-03-30,31,28,109.11,No,Saturday,Spring
2024-03-30,40,36,459.32,No,Saturday,Spring
2024-03-30,40,32,459.32,No,Saturday,Spring
2024-03-30,44,30,117.8,No,Saturday,Spring
2024-03-30,45,18,14.32,No,Saturday,Spring
2024-03-31,9,34,307.03,No,Sunday,Spring
2024-03-31,12,32,85.5,No,Sunday,Spring
2024-03-31,14,26,99.5,No,Sunday,Spring
2024-03-31,19,28,209.85,No,Sunday,Spring
2024-03-31,20,28,355.47,No,Sunday,Spring
2024-03-31,24,38,297.91,No,Sunday,Spring
2024-03-31,28,27,241.51,No,Sunday,Spring
2024-03-31,29,12,352.17,No,Sunday,Spring
2024-03-31,37,40,109.21,No,Sunday,Spring
2024-03-31,40,39,459.32,No,Sunday,Spring
2024-04-01,1,26,268.05,No,Monday,Spring
2024-04-01,9,14,307.03,No,Monday,Spring
2024-04-01,18,18,33.45,No,Monday,Spring
2024-04-01,33,22,12.84,No,Monday,Spring
2024-04-01,35,25,376.97,No,Monday,Spring
2024-04-01,40,23,459.32,No,Monday,Spring
2024-04-01,44,15,117.8,No,Monday,Spring
2024-04-01,45,21,14.32,No,Monday,Spring
2024-04-01,47,16,178.77,No,Monday,Spring
2024-04-01,49,19,176.08,No,Monday,Spring
2024-04-02,5,25,435.2,No,Tuesday,Spring
2024-04-02,10,23,283.3,No,Tuesday,Spring
2024-04-02,27,19,302.7,No,Tuesday,Spring
2024-04-02,30,24,222.51,No,Tuesday,Spring
2024-04-02,34,27,157.47,No,Tuesday,Spring
2024-04-02,49,15,176.08,No,Tuesday,Spring
2024-04-03,1,44,206.68,Yes,Wednesday,Spring
2024-04-03,2,22,231.26,No,Wednesday,Spring
2024-04-03,7,34,13.97,Yes,Wednesday,Spring
2024-04-03,8,26,183.7,Yes,Wednesday,Spring
2024-04-03,11,46,235.14,Yes,Wednesday,Spring
2024-04-03,16,20,176.15,No,Wednesday,Spring
2024-04-03,18,50,26.68,Yes,Wednesday,Spring
2024-04-03,22,30,330.74,Yes,Wednesday,Spring
2024-04-03,27,44,261.43,Yes,Wednesday,Spring
2024-04-03,36,26,399.14,No,Wednesday,Spring
2024-04-03,39,22,256.18,No,Wednesday,Spring
2024-04-03,43,27,51.67,No,Wednesday,Spring
2024-04-03,46,22,360.9,No,Wednesday,Spring
2024-04-03,47,30,129.1,Yes,Wednesday,Spring
2024-04-04,1,18,268.05,No,Thursday,Spring
2024-04-04,6,20,231.03,No,Thursday,Spring
2024-04-04,12,11,85.5,No,Thursday,Spring
2024-04-04,14,46,85.27,Yes,Thursday,Spring
2024-04-04,17,27,357.85,No,Thursday,Spring
2024-04-04,19,16,209.85,No,Thursday,Spring
2024-04-04,23,30,234.53,Yes,Thursday,Spring
2024-04-04,34,15,157.47,No,Thursday,Spring
2024-04-04,42,15,363.99,No,Thursday,Spring
2024-04-04,45,48,12.27,Yes,Thursday,Spring
2024-04-05,1,14,268.05,No,Friday,Spring
2024-04-05,3,22,294.01,No,Friday,Spring
2024-04-05,14,50,81.73,Yes,Friday,Spring
2024-04-05,20,21,355.47,No,Friday,Spring
2024-04-05,24,17,297.91,No,Friday,Spring
2024-04-05,30,21,222.51,No,Friday,Spring
2024-04-05,38,23,479.93,No,Friday,Spring
2024-04-05,41,23,356.31,No,Friday,Spring
2024-04-05,43,19,51.67,No,Friday,Spring
2024-04-05,50,21,411.47,No,Friday,Spring
2024-04-06,16,26,176.15,No,Saturday,Spring
2024-04-06,24,32,297.91,No,Saturday,Spring
2024-04-06,26,22,246.4,No,Saturday,Spring
2024-04-06,26,16,246.4,No,Saturday,Spring
2024-04-06,30,38,222.51,No,Saturday,Spring
2024-04-06,38,27,479.93,No,Saturday,Spring
2024-04-06,45,27,14.32,No,Saturday,Spring
2024-04-06,48,45,280.51,Yes,Saturday,Spring
2024-04-07,5,33,435.2,No,Sunday,Spring
2024-04-07,8,14,218.96,No,Sunday,Spring
2024-04-07,8,54,185.36,Yes,Sunday,Spring
2024-04-07,10,26,283.3,No,Sunday,Spring
2024-04-07,21,36,121.17,No,Sunday,Spring
2024-04-07,21,32,121.17,No,Sunday,Spring
2024-04-07,23,34,319.08,No,Sunday,Spring
2024-04-07,30,32,222.51,No,Sunday,Spring
2024-04-07,36,22,399.14,No,Sunday,Spring
2024-04-07,48,32,395.46,No,Sunday,Spring
2024-04-08,1,38,214.59,Yes,Monday,Spring
2024-04-08,7,42,12.77,Yes,Monday,Spring
2024-04-08,12,26,85.5,No,Monday,Spring
2024-04-08,19,28,209.85,No,Monday,Spring
2024-04-08,24,20,297.91,No,Monday,Spring
2024-04-08,28,32,241.51,No,Monday,Spring
2024-04-08,33,21,12.84,No,Monday,Spring
2024-04-08,34,14,157.47,No,Monday,Spring
2024-04-08,35,21,376.97,No,Monday,Spring
2024-04-09,6,14,231.03,No,Tuesday,Spring
2024-04-09,7,17,17.53,No,Tuesday,Spring
2024-04-09,16,20,176.15,No,Tuesday,Spring
2024-04-09,29,21,352.17,No,Tuesday,Spring
2024-04-09,41,19,356.31,No,Tuesday,Spring
2024-04-09,44,18,117.8,No,Tuesday,Spring
2024-04-09,45,20,14.32,No,Tuesday,Spring
2024-04-09,49,48,128.88,Yes,Tuesday,Spring
2024-04-10,3,25,294.01,No,Wednesday,Spring
2024-04-10,8,42,165.72,Yes,Wednesday,Spring
2024-04-10,9,16,307.03,No,Wednesday,Spring
2024-04-10,13,22,326.8,No,Wednesday,Spring
2024-04-10,14,18,99.5,No,Wednesday,Spring
2024-04-10,18,16,33.45,No,Wednesday,Spring
2024-04-10,30,17,222.51,No,Wednesday,Spring
2024-04-10,48,14,395.46,No,Wednesday,Spring
2024-04-11,2,17,231.26,No,Thursday,Spring
2024-04-11,6,18,231.03,No,Thursday,Spring
2024-04-11,14,46,78.15,Yes,Thursday,Spring
2024-04-11,16,22,176.15,No,Thursday,Spring
2024-04-11,19,12,209.85,No,Thursday,Spring
2024-04-11,24,11,297.91,No,Thursday,Spring
2024-04-11,29,15,352.17,No,Thursday,Spring
2024-04-11,33,25,12.84,No,Thursday,Spring
2024-04-11,34,19,157.47,No,Thursday,Spring
2024-04-11,39,22,256.18,No,Thursday,Spring
2024-04-11,40,14,459.32,No,Thursday,Spring
2024-04-11,41,27,356.31,No,Thursday,Spring
2024-04-12,3,18,207.54,Yes,Friday,Spring
2024-04-12,5,54,330.12,Yes,Friday,Spring
2024-04-12,18,15,33.45,No,Friday,Spring
2024-04-12,32,17,114.83,No,Friday,Spring
2024-04-12,41,32,274.73,Yes,Friday,Spring
2024-04-12,44,28,103.63,Yes,Friday,Spring
2024-04-12,45,42,11.2,Yes,Friday,Spring
2024-04-12,50,21,411.47,No,Friday,Spring
2024-04-13,7,26,17.53,No,Saturday,Spring
2024-04-13,9,18,307.03,No,Saturday,Spring
2024-04-13,9,18,307.03,No,Saturday,Spring
2024-04-13,16,22,176.15,No,Saturday,Spring
2024-04-13,19,32,209.85,No,Saturday,Spring
2024-04-13,44,28,117.8,No,Saturday,Spring
2024-04-13,48,33,395.46,No,Saturday,Spring
2024-04-13,48,22,395.46,No,Saturday,Spring
2024-04-14,8,34,218.96,No,Sunday,Spring
2024-04-14,26,33,246.4,No,Sunday,Spring
2024-04-14,35,36,302.21,Yes,Sunday,Spring
2024-04-14,36,27,399.14,No,Sunday,Spring
2024-04-14,45,22,14.32,No,Sunday,Spring
2024-04-15,4,32,342.21,Yes,Monday,Spring
2024-04-15,6,20,231.03,No,Monday,Spring
2024-04-15,10,20,283.3,No,Monday,Spring
2024-04-15,15,22,377.76,No,Monday,Spring
2024-04-15,18,28,33.45,No,Monday,Spring
2024-04-15,18,22,33.45,No,Monday,Spring
2024-04-15,21,19,121.17,No,Monday,Spring
2024-04-15,22,26,399.69,No,Monday,Spring
2024-04-15,23,17,319.08,No,Monday,Spring
2024-04-15,23,15,319.08,No,Monday,Spring
2024-04-15,29,32,294.44,Yes,Monday,Spring
2024-04-15,30,21,222.51,No,Monday,Spring
2024-04-15,33,28,10.04,Yes,Monday,Spring
2024-04-15,33,46,10.29,Yes,Monday,Spring
2024-04-15,38,21,479.93,No,Monday,Spring
2024-04-15,41,42,298.11,Yes,Monday,Spring
2024-04-15,44,19,117.8,No,Monday,Spring
2024-04-15,47,13,178.77,No,Monday,Spring
2024-04-16,2,20,231.26,No,Tuesday,Spring
2024-04-16,3,23,294.01,No,Tuesday,Spring
2024-04-16,12,19,85.5,No,Tuesday,Spring
2024-04-16,21,54,109.0,Yes,Tuesday,Spring
2024-04-16,33,27,12.84,No,Tuesday,Spring
2024-04-16,34,19,157.47,No,Tuesday,Spring
2024-04-16,42,24,301.75,Yes,Tuesday,Spring
2024-04-16,42,12,363.99,No,Tuesday,Spring
2024-04-17,2,20,231.26,No,Wednesday,Spring
2024-04-17,3,30,206.06,Yes,Wednesday,Spring
2024-04-17,9,19,307.03,No,Wednesday,Spring
2024-04-17,16,28,176.15,No,Wednesday,Spring
2024-04-17,34,18,157.47,No,Wednesday,Spring
2024-04-17,44,19,117.8,No,Wednesday,Spring
2024-04-17,48,22,395.46,No,Wednesday,Spring
2024-04-18,6,28,231.03,No,Thursday,Spring
2024-04-18,7,14,17.53,No,Thursday,Spring
2024-04-18,10,18,283.3,No,Thursday,Spring
2024-04-18,13,13,326.8,No,Thursday,Spring
2024-04-18,16,18,176.15,No,Thursday,Spring
2024-04-18,18,22,33.45,No,Thursday,Spring
2024-04-18,23,16,319.08,No,Thursday,Spring
2024-04-18,28,20,241.51,No,Thursday,Spring
2024-04-18,30,10,222.51,No,Thursday,Spring
2024-04-18,32,20,114.83,No,Thursday,Spring
2024-04-18,33,27,12.84,No,Thursday,Spring
2024-04-18,34,24,157.47,No,Thursday,Spring
2024-04-18,35,28,376.97,No,Thursday,Spring
2024-04-18,43,19,51.67,No,Thursday,Spring
2024-04-19,2,16,231.26,No,Friday,Spring
2024-04-19,13,20,326.8,No,Friday,Spring
2024-04-19,13,34,254.63,Yes,Friday,Spring
2024-04-19,25,15,183.24,No,Friday,Spring
2024-04-19,40,18,459.32,No,Friday,Spring
2024-04-19,49,21,176.08,No,Friday,Spring
2024-04-20,1,40,268.05,No,Saturday,Spring
2024-04-20,13,24,326.8,No,Saturday,Spring
2024-04-20,17,48,303.59,Yes,Saturday,Spring
2024-04-20,19,36,209.85,No,Saturday,Spring
2024-04-20,23,24,319.08,No,Saturday,Spring
2024-04-20,30,39,222.51,No,Saturday,Spring
2024-04-20,30,54,160.61,Yes,Saturday,Spring
2024-04-20,32,40,114.83,No,Saturday,Spring
2024-04-20,32,72,82.52,Yes,Saturday,Spring
2024-04-20,37,38,109.21,No,Saturday,Spring
2024-04-20,40,18,459.32,No,Saturday,Spring
2024-04-20,46,22,360.9,No,Saturday,Spring
2024-04-20,50,34,411.47,No,Saturday,Spring
2024-04-21,5,27,435.2,No,Sunday,Spring
2024-04-21,13,34,326.8,No,Sunday,Spring
2024-04-21,14,33,99.5,No,Sunday,Spring
2024-04-21,21,22,121.17,No,Sunday,Spring
2024-04-21,24,48,225.14,Yes,Sunday,Spring
2024-04-21,25,44,183.24,No,Sunday,Spring
2024-04-21,25,28,183.24,No,Sunday,Spring
2024-04-21,28,36,181.86,Yes,Sunday,Spring
2024-04-21,29,20,352.17,No,Sunday,Spring
2024-04-21,33,21,12.84,No,Sunday,Spring
2024-04-21,37,51,77.98,Yes,Sunday,Spring
2024-04-21,39,39,256.18,No,Sunday,Spring
2024-04-21,40,32,459.32,No,Sunday,Spring
2024-04-21,43,30,51.67,No,Sunday,Spring
2024-04-21,45,18,14.32,No,Sunday,Spring
2024-04-22,13,25,326.8,No,Monday,Spring
2024-04-22,14,23,99.5,No,Monday,Spring
2024-04-22,19,14,209.85,No,Monday,Spring
2024-04-22,28,20,241.51,No,Monday,Spring
2024-04-22,29,21,352.17,No,Monday,Spring
2024-04-22,30,19,222.51,No,Monday,Spring
2024-04-22,38,15,479.93,No,Monday,Spring
2024-04-22,39,26,256.18,No,Monday,Spring
2024-04-22,50,16,411.47,No,Monday,Spring
2024-04-23,8,40,183.84,Yes,Tuesday,Spring
2024-04-23,8,23,218.96,No,Tuesday,Spring
2024-04-23,22,50,316.01,Yes,Tuesday,Spring
2024-04-23,22,29,399.69,No,Tuesday,Spring
2024-04-23,27,22,302.7,No,Tuesday,Spring
2024-04-23,27,27,302.7,No,Tuesday,Spring
2024-04-23,33,22,12.84,No,Tuesday,Spring
2024-04-23,38,17,479.93,No,Tuesday,Spring
2024-04-23,45,17,14.32,No,Tuesday,Spring
2024-04-24,1,16,268.05,No,Wednesday,Spring
2024-04-24,3,21,294.01,No,Wednesday,Spring
2024-04-24,5,25,435.2,No,Wednesday,Spring
2024-04-24,6,24,231.03,No,Wednesday,Spring
2024-04-24,14,30,88.83,Yes,Wednesday,Spring
2024-04-24,17,18,357.85,No,Wednesday,Spring
2024-04-24,22,24,399.69,No,Wednesday,Spring
2024-04-24,27,17,302.7,No,Wednesday,Spring
2024-04-24,32,24,114.83,No,Wednesday,Spring
2024-04-24,33,12,12.84,No,Wednesday,Spring
2024-04-24,40,20,459.32,No,Wednesday,Spring
2024-04-24,49,17,176.08,No,Wednesday,Spring
2024-04-25,2,16,231.26,No,Thursday,Spring
2024-04-25,4,13,439.81,No,Thursday,Spring
2024-04-25,9,17,307.03,No,Thursday,Spring
2024-04-25,10,21,283.3,No,Thursday,Spring
2024-04-25,13,18,326.8,No,Thursday,Spring
2024-04-25,22,20,399.69,No,Thursday,Spring
2024-04-25,23,14,319.08,No,Thursday,Spring
2024-04-25,39,22,256.18,No,Thursday,Spring
2024-04-25,40,15,459.32,No,Thursday,Spring
2024-04-25,40,17,459.32,No,Thursday,Spring
2024-04-25,41,22,356.31,No,Thursday,Spring
2024-04-25,42,24,300.02,Yes,Thursday,Spring
2024-04-26,5,18,435.2,No,Friday,Spring
2024-04-26,22,24,399.69,No,Friday,Spring
2024-04-26,24,20,297.91,No,Friday,Spring
2024-04-26,26,31,246.4,No,Friday,Spring
2024-04-26,27,19,302.7,No,Friday,Spring
2024-04-26,30,38,192.16,Yes,Friday,Spring
2024-04-26,34,22,157.47,No,Friday,Spring
2024-04-26,38,23,479.93,No,Friday,Spring
2024-04-26,43,24,51.67,No,Friday,Spring
2024-04-26,44,19,117.8,No,Friday,Spring
2024-04-26,50,22,411.47,No,Friday,Spring
2024-04-27,13,46,326.8,No,Saturday,Spring
2024-04-27,16,28,176.15,No,Saturday,Spring
2024-04-27,17,16,357.85,No,Saturday,Spring
2024-04-27,22,51,358.87,Yes,Saturday,Spring
2024-04-27,27,27,302.7,No,Saturday,Spring
2024-04-27,29,30,352.17,No,Saturday,Spring
2024-04-27,36,30,399.14,No,Saturday,Spring
2024-04-27,42,27,363.99,No,Saturday,Spring
2024-04-27,43,33,51.67,No,Saturday,Spring
2024-04-27,44,12,117.8,No,Saturday,Spring
2024-04-27,48,51,322.68,Yes,Saturday,Spring
2024-04-27,49,40,176.08,No,Saturday,Spring
2024-04-28,10,21,283.3,No,Sunday,Spring
2024-04-28,12,33,85.5,No,Sunday,Spring
2024-04-28,29,36,352.17,No,Sunday,Spring
2024-04-28,29,22,352.17,No,Sunday,Spring
2024-04-28,33,54,10.31,Yes,Sunday,Spring
2024-04-28,33,39,12.84,No,Sunday,Spring
2024-04-29,1,12,268.05,No,Monday,Spring
2024-04-29,1,50,231.43,Yes,Monday,Spring
2024-04-29,2,13,231.26,No,Monday,Spring
2024-04-29,4,19,439.81,No,Monday,Spring
2024-04-29,7,40,13.88,Yes,Monday,Spring
2024-04-29,14,18,99.5,No,Monday,Spring
2024-04-29,14,46,74.34,Yes,Monday,Spring
2024-04-29,18,26,33.45,No,Monday,Spring
2024-04-29,18,16,33.45,No,Monday,Spring
2024-04-29,21,18,121.17,No,Monday,Spring
2024-04-29,28,48,198.83,Yes,Monday,Spring
2024-04-29,32,20,114.83,No,Monday,Spring
2024-04-29,36,44,315.12,Yes,Monday,Spring
2024-04-29,36,40,312.32,Yes,Monday,Spring
2024-04-29,47,17,178.77,No,Monday,Spring
2024-04-29,47,24,178.77,No,Monday,Spring
2024-04-29,49,26,176.08,No,Monday,Spring
2024-04-30,11,21,329.15,No,Tuesday,Spring
2024-04-30,14,44,75.6,Yes,Tuesday,Spring
2024-04-30,20,19,355.47,No,Tuesday,Spring
2024-04-30,24,17,297.91,No,Tuesday,Spring
2024-04-30,26,14,246.4,No,Tuesday,Spring
2024-04-30,27,16,302.7,No,Tuesday,Spring
2024-04-30,29,16,352.17,No,Tuesday,Spring
2024-04-30,34,38,114.25,Yes,Tuesday,Spring
2024-04-30,40,21,459.32,No,Tuesday,Spring
2024-04-30,49,16,176.08,No,Tuesday,Spring
2024-05-01,3,20,294.01,No,Wednesday,Spring
2024-05-01,14,22,99.5,No,Wednesday,Spring
2024-05-01,19,21,209.85,No,Wednesday,Spring
2024-05-01,20,27,355.47,No,Wednesday,Spring
2024-05-01,20,22,355.47,No,Wednesday,Spring
2024-05-01,28,13,241.51,No,Wednesday,Spring
2024-05-01,37,25,109.21,No,Wednesday,Spring
2024-05-01,43,26,51.67,No,Wednesday,Spring
2024-05-02,9,14,307.03,No,Thursday,Spring
2024-05-02,10,18,283.3,No,Thursday,Spring
2024-05-02,12,36,67.87,Yes,Thursday,Spring
2024-05-02,13,30,326.8,No,Thursday,Spring
2024-05-02,13,17,326.8,No,Thursday,Spring
2024-05-02,26,22,246.4,No,Thursday,Spring
2024-05-02,27,19,302.7,No,Thursday,Spring
2024-05-02,29,18,352.17,No,Thursday,Spring
2024-05-02,42,24,363.99,No,Thursday,Spring
2024-05-02,48,15,395.46,No,Thursday,Spring
2024-05-03,5,23,435.2,No,Friday,Spring
2024-05-03,11,17,329.15,No,Friday,Spring
2024-05-03,13,23,326.8,No,Friday,Spring
2024-05-03,20,27,355.47,No,Friday,Spring
2024-05-03,20,21,355.47,No,Friday,Spring
2024-05-03,26,16,246.4,No,Friday,Spring
2024-05-03,40,18,459.32,No,Friday,Spring
2024-05-03,43,46,41.11,Yes,Friday,Spring
2024-05-03,44,25,117.8,No,Friday,Spring
2024-05-03,45,48,10.6,Yes,Friday,Spring
2024-05-03,46,17,360.9,No,Friday,Spring
2024-05-04,4,39,439.81,No,Saturday,Spring
2024-05-04,10,24,283.3,No,Saturday,Spring
2024-05-04,15,33,377.76,No,Saturday,Spring
2024-05-04,20,26,355.47,No,Saturday,Spring
2024-05-04,23,33,319.08,No,Saturday,Spring
2024-05-04,26,16,246.4,No,Saturday,Spring
2024-05-04,27,22,302.7,No,Saturday,Spring
2024-05-04,33,33,12.84,No,Saturday,Spring
2024-05-04,33,26,12.84,No,Saturday,Spring
2024-05-04,34,30,157.47,No,Saturday,Spring
2024-05-04,40,22,459.32,No,Saturday,Spring
2024-05-04,42,36,363.99,No,Saturday,Spring
2024-05-04,43,69,44.0,Yes,Saturday,Spring
2024-05-04,45,40,14.32,No,Saturday,Spring
2024-05-04,46,28,360.9,No,Saturday,Spring
2024-05-05,2,78,201.45,Yes,Sunday,Spring
2024-05-05,7,51,14.42,Yes,Sunday,Spring
2024-05-05,13,27,326.8,No,Sunday,Spring
2024-05-05,31,44,109.11,No,Sunday,Spring
2024-05-05,33,63,11.12,Yes,Sunday,Spring
2024-05-05,33,28,12.84,No,Sunday,Spring
2024-05-05,39,44,256.18,No,Sunday,Spring
2024-05-05,47,21,178.77,No,Sunday,Spring
2024-05-05,48,33,395.46,No,Sunday,Spring
2024-05-05,49,39,176.08,No,Sunday,Spring
2024-05-05,50,78,364.54,Yes,Sunday,Spring
2024-05-06,5,34,314.98,Yes,Monday,Spring
2024-05-06,8,22,218.96,No,Monday,Spring
2024-05-06,8,19,218.96,No,Monday,Spring
2024-05-06,18,44,28.31,Yes,Monday,Spring
2024-05-06,26,25,246.4,No,Monday,Spring
2024-05-06,28,36,192.78,Yes,Monday,Spring
2024-05-06,39,13,256.18,No,Monday,Spring
2024-05-06,40,29,459.32,No,Monday,Spring
2024-05-06,41,16,356.31,No,Monday,Spring
2024-05-06,50,22,411.47,No,Monday,Spring
2024-05-06,50,23,411.47,No,Monday,Spring
2024-05-07,2,20,231.26,No,Tuesday,Spring
2024-05-07,5,20,435.2,No,Tuesday,Spring
2024-05-07,23,22,319.08,No,Tuesday,Spring
2024-05-07,25,34,134.9,Yes,Tuesday,Spring
2024-05-07,25,26,183.24,No,Tuesday,Spring
2024-05-07,29,21,352.17,No,Tuesday,Spring
2024-05-07,33,22,12.84,No,Tuesday,Spring
2024-05-07,36,20,399.14,No,Tuesday,Spring
2024-05-07,36,18,399.14,No,Tuesday,Spring
2024-05-07,39,17,256.18,No,Tuesday,Spring
2024-05-07,43,20,51.67,No,Tuesday,Spring
2024-05-07,44,24,117.8,No,Tuesday,Spring
2024-05-08,2,22,231.26,No,Wednesday,Spring
2024-05-08,4,19,439.81,No,Wednesday,Spring
2024-05-08,5,24,435.2,No,Wednesday,Spring
2024-05-08,12,20,85.5,No,Wednesday,Spring
2024-05-08,17,18,357.85,No,Wednesday,Spring
2024-05-08,20,54,300.57,Yes,Wednesday,Spring
2024-05-08,26,16,246.4,No,Wednesday,Spring
2024-05-08,26,30,177.0,Yes,Wednesday,Spring
2024-05-08,29,22,352.17,No,Wednesday,Spring
2024-05-08,34,14,157.47,No,Wednesday,Spring
2024-05-08,35,17,376.97,No,Wednesday,Spring
2024-05-08,39,36,223.38,Yes,Wednesday,Spring
2024-05-08,40,60,370.84,Yes,Wednesday,Spring
2024-05-08,42,30,363.99,No,Wednesday,Spring
2024-05-08,43,30,36.53,Yes,Wednesday,Spring
2024-05-08,45,17,14.32,No,Wednesday,Spring
2024-05-08,50,32,305.3,Yes,Wednesday,Spring
2024-05-08,50,18,411.47,No,Wednesday,Spring
2024-05-09,1,16,268.05,No,Thursday,Spring
2024-05-09,11,60,281.9,Yes,Thursday,Spring
2024-05-09,13,22,326.8,No,Thursday,Spring
2024-05-09,19,46,181.66,Yes,Thursday,Spring
2024-05-09,20,19,355.47,No,Thursday,Spring
2024-05-09,25,25,183.24,No,Thursday,Spring
2024-05-09,28,21,241.51,No,Thursday,Spring
2024-05-09,38,18,479.93,No,Thursday,Spring
2024-05-09,39,24,256.18,No,Thursday,Spring
2024-05-09,40,38,358.11,Yes,Thursday,Spring
2024-05-09,47,21,178.77,No,Thursday,Spring
2024-05-10,5,20,435.2,No,Friday,Spring
2024-05-10,6,16,231.03,No,Friday,Spring
2024-05-10,12,42,76.02,Yes,Friday,Spring
2024-05-10,15,40,289.11,Yes,Friday,Spring
2024-05-10,16,23,176.15,No,Friday,Spring
2024-05-10,29,20,352.17,No,Friday,Spring
2024-05-10,37,21,109.21,No,Friday,Spring
2024-05-10,40,42,373.74,Yes,Friday,Spring
2024-05-10,42,20,363.99,No,Friday,Spring
2024-05-11,4,14,439.81,No,Saturday,Spring
2024-05-11,5,36,435.2,No,Saturday,Spring
2024-05-11,16,48,176.15,No,Saturday,Spring
2024-05-11,17,38,357.85,No,Saturday,Spring
2024-05-11,19,21,209.85,No,Saturday,Spring
2024-05-11,26,24,246.4,No,Saturday,Spring
2024-05-11,38,30,479.93,No,Saturday,Spring
2024-05-11,39,28,256.18,No,Saturday,Spring
2024-05-11,41,33,356.31,No,Saturday,Spring
2024-05-11,42,42,270.6,Yes,Saturday,Spring
2024-05-11,46,32,360.9,No,Saturday,Spring
2024-05-11,48,20,395.46,No,Saturday,Spring
2024-05-12,6,28,231.03,No,Sunday,Spring
2024-05-12,12,28,85.5,No,Sunday,Spring
2024-05-12,16,28,176.15,No,Sunday,Spring
2024-05-12,16,39,176.15,No,Sunday,Spring
2024-05-12,23,22,319.08,No,Sunday,Spring
2024-05-12,31,33,109.11,No,Sunday,Spring
2024-05-12,38,54,362.43,Yes,Sunday,Spring
2024-05-12,43,33,51.67,No,Sunday,Spring
2024-05-12,46,34,360.9,No,Sunday,Spring
2024-05-12,50,28,411.47,No,Sunday,Spring
2024-05-13,1,9,268.05,No,Monday,Spring
2024-05-13,7,19,17.53,No,Monday,Spring
2024-05-13,16,48,144.71,Yes,Monday,Spring
2024-05-13,21,48,106.95,Yes,Monday,Spring
2024-05-13,24,22,297.91,No,Monday,Spring
2024-05-13,26,17,246.4,No,Monday,Spring
2024-05-13,36,36,326.93,Yes,Monday,Spring
2024-05-13,36,16,399.14,No,Monday,Spring
2024-05-13,36,16,399.14,No,Monday,Spring
2024-05-13,39,19,256.18,No,Monday,Spring
2024-05-13,44,22,117.8,No,Monday,Spring
2024-05-13,44,27,117.8,No,Monday,Spring
2024-05-13,45,12,14.32,No,Monday,Spring
2024-05-13,46,27,360.9,No,Monday,Spring
2024-05-14,9,44,222.47,Yes,Tuesday,Spring
2024-05-14,11,20,329.15,No,Tuesday,Spring
2024-05-14,15,16,377.76,No,Tuesday,Spring
2024-05-14,22,17,399.69,No,Tuesday,Spring
2024-05-14,24,21,297.91,No,Tuesday,Spring
2024-05-14,26,18,246.4,No,Tuesday,Spring
2024-05-14,27,22,302.7,No,Tuesday,Spring
2024-05-14,33,21,12.84,No,Tuesday,Spring
2024-05-14,37,24,109.21,No,Tuesday,Spring
2024-05-14,38,25,479.93,No,Tuesday,Spring
2024-05-14,45,22,14.32,No,Tuesday,Spring
2024-05-14,46,11,360.9,No,Tuesday,Spring
2024-05-14,48,16,395.46,No,Tuesday,Spring
2024-05-14,50,30,318.31,Yes,Tuesday,Spring
2024-05-15,9,18,307.03,No,Wednesday,Spring
2024-05-15,20,33,355.47,No,Wednesday,Spring
2024-05-15,30,21,222.51,No,Wednesday,Spring
2024-05-15,35,12,376.97,No,Wednesday,Spring
2024-05-15,42,34,289.89,Yes,Wednesday,Spring
2024-05-15,46,20,360.9,No,Wednesday,Spring
2024-05-15,47,50,139.78,Yes,Wednesday,Spring
2024-05-15,48,19,395.46,No,Wednesday,Spring
2024-05-16,3,15,294.01,No,Thursday,Spring
2024-05-16,10,40,212.78,Yes,Thursday,Spring
2024-05-16,11,26,329.15,No,Thursday,Spring
2024-05-16,18,40,26.58,Yes,Thursday,Spring
2024-05-16,22,23,399.69,No,Thursday,Spring
2024-05-16,27,14,302.7,No,Thursday,Spring
2024-05-16,36,12,399.14,No,Thursday,Spring
2024-05-16,37,17,109.21,No,Thursday,Spring
2024-05-16,37,30,83.33,Yes,Thursday,Spring
2024-05-16,42,25,363.99,No,Thursday,Spring
2024-05-16,48,25,395.46,No,Thursday,Spring
2024-05-17,2,19,231.26,No,Friday,Spring
2024-05-17,4,20,439.81,No,Friday,Spring
2024-05-17,11,22,329.15,No,Friday,Spring
2024-05-17,14,17,99.5,No,Friday,Spring
2024-05-17,16,21,176.15,No,Friday,Spring
2024-05-17,22,54,335.23,Yes,Friday,Spring
2024-05-17,26,21,246.4,No,Friday,Spring
2024-05-17,28,19,241.51,No,Friday,Spring
2024-05-17,35,20,338.57,Yes,Friday,Spring
2024-05-17,39,36,213.45,Yes,Friday,Spring
2024-05-17,39,29,256.18,No,Friday,Spring
2024-05-17,44,34,97.41,Yes,Friday,Spring
2024-05-17,45,15,14.32,No,Friday,Spring
2024-05-17,48,18,395.46,No,Friday,Spring
2024-05-18,6,32,231.03,No,Saturday,Spring
2024-05-18,7,30,17.53,No,Saturday,Spring
2024-05-18,9,45,260.59,Yes,Saturday,Spring
2024-05-18,11,42,270.06,Yes,Saturday,Spring
2024-05-18,11,30,329.15,No,Saturday,Spring
2024-05-18,13,51,250.83,Yes,Saturday,Spring
2024-05-18,14,57,80.24,Yes,Saturday,Spring
2024-05-18,17,27,357.85,No,Saturday,Spring
2024-05-18,32,27,114.83,No,Saturday,Spring
2024-05-18,48,24,395.46,No,Saturday,Spring
2024-05-18,48,26,395.46,No,Saturday,Spring
2024-05-18,49,38,176.08,No,Saturday,Spring
2024-05-19,6,32,231.03,No,Sunday,Spring
2024-05-19,7,32,17.53,No,Sunday,Spring
2024-05-19,9,44,307.03,No,Sunday,Spring
2024-05-19,17,36,357.85,No,Sunday,Spring
2024-05-19,23,38,319.08,No,Sunday,Spring
2024-05-19,24,33,297.91,No,Sunday,Spring
2024-05-19,24,63,247.05,Yes,Sunday,Spring
2024-05-19,35,32,376.97,No,Sunday,Spring
2024-05-19,37,52,109.21,No,Sunday,Spring
2024-05-19,37,26,109.21,No,Sunday,Spring
2024-05-19,47,28,178.77,No,Sunday,Spring
2024-05-20,6,13,231.03,No,Monday,Spring
2024-05-20,8,19,218.96,No,Monday,Spring
2024-05-20,15,21,377.76,No,Monday,Spring
2024-05-20,16,20,176.15,No,Monday,Spring
2024-05-20,23,24,319.08,No,Monday,Spring
2024-05-20,30,21,222.51,No,Monday,Spring
2024-05-20,44,24,117.8,No,Monday,Spring
2024-05-20,49,18,176.08,No,Monday,Spring
2024-05-20,50,26,411.47,No,Monday,Spring
2024-05-20,50,23,411.47,No,Monday,Spring
2024-05-21,4,56,366.43,Yes,Tuesday,Spring
2024-05-21,5,23,435.2,No,Tuesday,Spring
2024-05-21,8,19,218.96,No,Tuesday,Spring
2024-05-21,14,42,87.52,Yes,Tuesday,Spring
2024-05-21,19,17,209.85,No,Tuesday,Spring
2024-05-21,29,19,352.17,No,Tuesday,Spring
2024-05-21,33,15,12.84,No,Tuesday,Spring
2024-05-21,49,24,176.08,No,Tuesday,Spring
2024-05-22,3,44,206.15,Yes,Wednesday,Spring
2024-05-22,3,26,294.01,No,Wednesday,Spring
2024-05-22,4,17,439.81,No,Wednesday,Spring
2024-05-22,9,19,307.03,No,Wednesday,Spring
2024-05-22,12,28,85.5,No,Wednesday,Spring
2024-05-22,14,16,99.5,No,Wednesday,Spring
2024-05-22,23,19,319.08,No,Wednesday,Spring
2024-05-22,28,20,241.51,No,Wednesday,Spring
2024-05-22,31,16,109.11,No,Wednesday,Spring
2024-05-22,40,23,459.32,No,Wednesday,Spring
2024-05-22,43,19,51.67,No,Wednesday,Spring
2024-05-22,44,25,117.8,No,Wednesday,Spring
2024-05-22,47,24,178.77,No,Wednesday,Spring
2024-05-23,4,18,439.81,No,Thursday,Spring
2024-05-23,4,24,439.81,No,Thursday,Spring
2024-05-23,4,40,307.88,Yes,Thursday,Spring
2024-05-23,5,21,435.2,No,Thursday,Spring
2024-05-23,9,14,307.03,No,Thursday,Spring
2024-05-23,12,19,85.5,No,Thursday,Spring
2024-05-23,16,24,176.15,No,Thursday,Spring
2024-05-23,21,11,121.17,No,Thursday,Spring
2024-05-23,22,18,399.69,No,Thursday,Spring
2024-05-23,28,20,241.51,No,Thursday,Spring
2024-05-23,29,38,312.4,Yes,Thursday,Spring
2024-05-23,31,22,109.11,No,Thursday,Spring
2024-05-23,38,19,479.93,No,Thursday,Spring
2024-05-23,41,23,356.31,No,Thursday,Spring
2024-05-24,9,24,307.03,No,Friday,Spring
2024-05-24,25,18,183.24,No,Friday,Spring
2024-05-24,45,14,14.32,No,Friday,Spring
2024-05-24,48,31,395.46,No,Friday,Spring
2024-05-24,49,26,176.08,No,Friday,Spring
2024-05-24,49,20,176.08,No,Friday,Spring
2024-05-25,2,33,231.26,No,Saturday,Spring
2024-05-25,6,28,231.03,No,Saturday,Spring
2024-05-25,6,27,231.03,No,Saturday,Spring
2024-05-25,8,32,218.96,No,Saturday,Spring
2024-05-25,9,32,307.03,No,Saturday,Spring
2024-05-25,16,24,176.15,No,Saturday,Spring
2024-05-25,16,34,176.15,No,Saturday,Spring
2024-05-25,24,27,297.91,No,Saturday,Spring
2024-05-25,32,34,114.83,No,Saturday,Spring
2024-05-25,34,30,157.47,No,Saturday,Spring
2024-05-25,39,27,256.18,No,Saturday,Spring
2024-05-25,40,39,348.62,Yes,Saturday,Spring
2024-05-25,43,34,51.67,No,Saturday,Spring
2024-05-25,44,20,117.8,No,Saturday,Spring
2024-05-25,48,30,395.46,No,Saturday,Spring
2024-05-26,2,24,231.26,No,Sunday,Spring
2024-05-26,15,24,377.76,No,Sunday,Spring
2024-05-26,20,39,355.47,No,Sunday,Spring
2024-05-26,35,27,376.97,No,Sunday,Spring
2024-05-26,40,18,459.32,No,Sunday,Spring
2024-05-26,41,39,356.31,No,Sunday,Spring
2024-05-26,48,28,395.46,No,Sunday,Spring
2024-05-26,49,27,176.08,No,Sunday,Spring
2024-05-27,1,17,268.05,No,Monday,Spring
2024-05-27,8,18,218.96,No,Monday,Spring
2024-05-27,10,29,283.3,No,Monday,Spring
2024-05-27,25,22,183.24,No,Monday,Spring
2024-05-27,25,28,138.26,Yes,Monday,Spring
2024-05-27,26,22,246.4,No,Monday,Spring
2024-05-27,28,20,207.91,Yes,Monday,Spring
2024-05-27,30,34,156.56,Yes,Monday,Spring
2024-05-27,48,15,395.46,No,Monday,Spring
2024-05-28,7,19,17.53,No,Tuesday,Spring
2024-05-28,24,21,297.91,No,Tuesday,Spring
2024-05-28,29,11,352.17,No,Tuesday,Spring
2024-05-28,29,17,352.17,No,Tuesday,Spring
2024-05-28,31,13,109.11,No,Tuesday,Spring
2024-05-28,38,22,479.93,No,Tuesday,Spring
2024-05-28,43,23,51.67,No,Tuesday,Spring
2024-05-28,44,25,117.8,No,Tuesday,Spring
2024-05-28,47,24,178.77,No,Tuesday,Spring
2024-05-28,50,20,411.47,No,Tuesday,Spring
2024-05-29,1,15,268.05,No,Wednesday,Spring
2024-05-29,12,40,70.66,Yes,Wednesday,Spring
2024-05-29,17,15,357.85,No,Wednesday,Spring
2024-05-29,23,19,319.08,No,Wednesday,Spring
2024-05-29,31,19,109.11,No,Wednesday,Spring
2024-05-29,33,36,10.67,Yes,Wednesday,Spring
2024-05-29,35,44,264.07,Yes,Wednesday,Spring
2024-05-29,38,44,368.57,Yes,Wednesday,Spring
2024-05-29,45,30,14.32,No,Wednesday,Spring
2024-05-29,49,19,176.08,No,Wednesday,Spring
2024-05-29,50,15,411.47,No,Wednesday,Spring
2024-05-30,2,22,231.26,No,Thursday,Spring
2024-05-30,13,16,326.8,No,Thursday,Spring
2024-05-30,14,22,99.5,No,Thursday,Spring
2024-05-30,16,32,176.15,No,Thursday,Spring
2024-05-30,18,13,33.45,No,Thursday,Spring
2024-05-30,23,15,319.08,No,Thursday,Spring
2024-05-30,25,16,183.24,No,Thursday,Spring
2024-05-30,28,31,241.51,No,Thursday,Spring
2024-05-30,31,19,109.11,No,Thursday,Spring
2024-05-30,33,19,12.84,No,Thursday,Spring
2024-05-30,37,19,109.21,No,Thursday,Spring
2024-05-30,41,17,356.31,No,Thursday,Spring
2024-05-30,45,18,14.32,No,Thursday,Spring
2024-05-30,49,13,176.08,No,Thursday,Spring
2024-05-31,8,18,218.96,No,Friday,Spring
2024-05-31,8,16,218.96,No,Friday,Spring
2024-05-31,11,48,280.38,Yes,Friday,Spring
2024-05-31,15,23,377.76,No,Friday,Spring
2024-05-31,16,18,176.15,No,Friday,Spring
2024-05-31,17,52,317.71,Yes,Friday,Spring
2024-05-31,25,10,183.24,No,Friday,Spring
2024-05-31,26,19,246.4,No,Friday,Spring
2024-05-31,31,16,109.11,No,Friday,Spring
2024-05-31,31,36,94.12,Yes,Friday,Spring
2024-05-31,32,26,114.83,No,Friday,Spring
2024-05-31,36,13,399.14,No,Friday,Spring
2024-05-31,37,44,78.77,Yes,Friday,Spring
2024-05-31,40,25,459.32,No,Friday,Spring
2024-05-31,41,38,297.07,Yes,Friday,Spring
2024-05-31,49,44,125.81,Yes,Friday,Spring
2024-06-01,2,43,231.26,No,Saturday,Summer
2024-06-01,8,30,218.96,No,Saturday,Summer
2024-06-01,9,40,307.03,No,Saturday,Summer
2024-06-01,11,30,329.15,No,Saturday,Summer
2024-06-01,22,33,399.69,No,Saturday,Summer
2024-06-01,27,36,302.7,No,Saturday,Summer
2024-06-01,30,76,198.41,Yes,Saturday,Summer
2024-06-01,33,116,9.05,Yes,Saturday,Summer
2024-06-01,42,79,318.46,Yes,Saturday,Summer
2024-06-01,45,30,14.32,No,Saturday,Summer
2024-06-02,2,63,190.64,Yes,Sunday,Summer
2024-06-02,5,63,346.16,Yes,Sunday,Summer
2024-06-02,5,63,353.96,Yes,Sunday,Summer
2024-06-02,12,33,85.5,No,Sunday,Summer
2024-06-02,12,26,85.5,No,Sunday,Summer
2024-06-02,13,26,326.8,No,Sunday,Summer
2024-06-02,16,23,176.15,No,Sunday,Summer
2024-06-02,21,69,89.7,Yes,Sunday,Summer
2024-06-02,31,25,109.11,No,Sunday,Summer
2024-06-02,32,35,114.83,No,Sunday,Summer
2024-06-02,37,31,109.21,No,Sunday,Summer
2024-06-02,50,28,411.47,No,Sunday,Summer
2024-06-03,5,46,359.19,Yes,Monday,Summer
2024-06-03,5,16,435.2,No,Monday,Summer
2024-06-03,8,20,218.96,No,Monday,Summer
2024-06-03,15,19,377.76,No,Monday,Summer
2024-06-03,17,20,357.85,No,Monday,Summer
2024-06-03,19,14,209.85,No,Monday,Summer
2024-06-03,32,26,114.83,No,Monday,Summer
2024-06-03,35,35,274.93,Yes,Monday,Summer
2024-06-03,38,23,479.93,No,Monday,Summer
2024-06-03,39,21,256.18,No,Monday,Summer
2024-06-03,40,34,459.32,No,Monday,Summer
2024-06-03,43,42,38.71,Yes,Monday,Summer
2024-06-03,45,20,14.32,No,Monday,Summer
2024-06-03,48,24,395.46,No,Monday,Summer
2024-06-04,6,25,231.03,No,Tuesday,Summer
2024-06-04,6,46,162.84,Yes,Tuesday,Summer
2024-06-04,7,42,12.57,Yes,Tuesday,Summer
2024-06-04,9,23,307.03,No,Tuesday,Summer
2024-06-04,15,30,377.76,No,Tuesday,Summer
2024-06-04,18,26,33.45,No,Tuesday,Summer
2024-06-04,27,26,302.7,No,Tuesday,Summer
2024-06-04,30,18,222.51,No,Tuesday,Summer
2024-06-04,39,24,256.18,No,Tuesday,Summer
2024-06-04,44,23,117.8,No,Tuesday,Summer
2024-06-04,46,24,360.9,No,Tuesday,Summer
2024-06-04,48,25,395.46,No,Tuesday,Summer
2024-06-05,11,22,329.15,No,Wednesday,Summer
2024-06-05,11,28,329.15,No,Wednesday,Summer
2024-06-05,14,48,70.86,Yes,Wednesday,Summer
2024-06-05,24,31,223.82,Yes,Wednesday,Summer
2024-06-05,31,40,85.03,Yes,Wednesday,Summer
2024-06-05,32,20,114.83,No,Wednesday,Summer
2024-06-05,32,21,114.83,No,Wednesday,Summer
2024-06-05,36,21,399.14,No,Wednesday,Summer
2024-06-05,42,26,363.99,No,Wednesday,Summer
2024-06-05,47,33,178.77,No,Wednesday,Summer
2024-06-06,9,19,307.03,No,Thursday,Summer
2024-06-06,10,48,250.03,Yes,Thursday,Summer
2024-06-06,10,13,283.3,No,Thursday,Summer
2024-06-06,15,18,377.76,No,Thursday,Summer
2024-06-06,15,26,377.76,No,Thursday,Summer
2024-06-06,21,12,121.17,No,Thursday,Summer
2024-06-06,28,29,241.51,No,Thursday,Summer
2024-06-06,38,29,479.93,No,Thursday,Summer
2024-06-06,39,44,216.52,Yes,Thursday,Summer
2024-06-06,41,16,356.31,No,Thursday,Summer
2024-06-06,44,53,91.57,Yes,Thursday,Summer
2024-06-06,47,19,178.77,No,Thursday,Summer
2024-06-06,49,23,176.08,No,Thursday,Summer
2024-06-07,1,21,268.05,No,Friday,Summer
2024-06-07,6,24,231.03,No,Friday,Summer
2024-06-07,12,18,85.5,No,Friday,Summer
2024-06-07,13,48,292.9,Yes,Friday,Summer
2024-06-07,14,24,99.5,No,Friday,Summer
2024-06-07,24,19,297.91,No,Friday,Summer
2024-06-07,28,25,241.51,No,Friday,Summer
2024-06-07,31,57,87.22,Yes,Friday,Summer
2024-06-07,37,21,109.21,No,Friday,Summer
2024-06-07,37,23,109.21,No,Friday,Summer
2024-06-07,42,22,363.99,No,Friday,Summer
2024-06-07,49,29,176.08,No,Friday,Summer
2024-06-08,2,69,164.51,Yes,Saturday,Summer
2024-06-08,8,51,218.96,No,Saturday,Summer
2024-06-08,8,102,196.16,Yes,Saturday,Summer
2024-06-08,11,20,329.15,No,Saturday,Summer
2024-06-08,11,26,329.15,No,Saturday,Summer
2024-06-08,14,23,99.5,No,Saturday,Summer
2024-06-08,18,30,33.45,No,Saturday,Summer
2024-06-08,23,38,319.08,No,Saturday,Summer
2024-06-08,24,53,235.7,Yes,Saturday,Summer
2024-06-08,26,56,199.25,Yes,Saturday,Summer
2024-06-08,30,69,169.6,Yes,Saturday,Summer
2024-06-08,36,96,298.74,Yes,Saturday,Summer
2024-06-08,44,40,117.8,No,Saturday,Summer
2024-06-08,46,33,360.9,No,Saturday,Summer
2024-06-09,5,35,435.2,No,Sunday,Summer
2024-06-09,10,36,283.3,No,Sunday,Summer
2024-06-09,11,66,280.23,Yes,Sunday,Summer
2024-06-09,18,45,33.45,No,Sunday,Summer
2024-06-09,21,63,101.97,Yes,Sunday,Summer
2024-06-09,27,35,302.7,No,Sunday,Summer
2024-06-09,27,96,218.54,Yes,Sunday,Summer
2024-06-09,30,73,192.55,Yes,Sunday,Summer
2024-06-09,33,40,12.84,No,Sunday,Summer
2024-06-09,37,38,109.21,No,Sunday,Summer
2024-06-09,38,82,388.52,Yes,Sunday,Summer
2024-06-09,38,28,479.93,No,Sunday,Summer
2024-06-09,43,25,51.67,No,Sunday,Summer
2024-06-09,44,30,117.8,No,Sunday,Summer
2024-06-09,50,36,411.47,No,Sunday,Summer
2024-06-10,16,29,176.15,No,Monday,Summer
2024-06-10,18,51,24.98,Yes,Monday,Summer
2024-06-10,25,28,183.24,No,Monday,Summer
2024-06-10,37,20,109.21,No,Monday,Summer
2024-06-10,42,25,363.99,No,Monday,Summer
2024-06-10,43,16,51.67,No,Monday,Summer
2024-06-10,48,20,395.46,No,Monday,Summer
2024-06-11,1,29,268.05,No,Tuesday,Summer
2024-06-11,3,31,294.01,No,Tuesday,Summer
2024-06-11,7,23,17.53,No,Tuesday,Summer
2024-06-11,11,19,329.15,No,Tuesday,Summer
2024-06-11,14,16,99.5,No,Tuesday,Summer
2024-06-11,16,22,176.15,No,Tuesday,Summer
2024-06-11,21,24,121.17,No,Tuesday,Summer
2024-06-11,21,48,103.51,Yes,Tuesday,Summer
2024-06-11,23,22,319.08,No,Tuesday,Summer
2024-06-11,40,16,459.32,No,Tuesday,Summer
2024-06-11,45,53,11.57,Yes,Tuesday,Summer
2024-06-11,46,19,360.9,No,Tuesday,Summer
2024-06-11,48,51,320.73,Yes,Tuesday,Summer
2024-06-12,1,28,268.05,No,Wednesday,Summer
2024-06-12,2,37,188.36,Yes,Wednesday,Summer
2024-06-12,3,29,294.01,No,Wednesday,Summer
2024-06-12,12,23,85.5,No,Wednesday,Summer
2024-06-12,15,23,377.76,No,Wednesday,Summer
2024-06-12,19,16,209.85,No,Wednesday,Summer
2024-06-12,26,20,246.4,No,Wednesday,Summer
2024-06-12,26,25,246.4,No,Wednesday,Summer
2024-06-12,36,22,399.14,No,Wednesday,Summer
2024-06-12,36,24,399.14,No,Wednesday,Summer
2024-06-12,37,18,109.21,No,Wednesday,Summer
2024-06-12,41,46,307.84,Yes,Wednesday,Summer
2024-06-12,50,46,337.73,Yes,Wednesday,Summer
2024-06-13,3,51,235.32,Yes,Thursday,Summer
2024-06-13,6,31,231.03,No,Thursday,Summer
2024-06-13,8,44,165.57,Yes,Thursday,Summer
2024-06-13,10,18,283.3,No,Thursday,Summer
2024-06-13,13,20,326.8,No,Thursday,Summer
2024-06-13,14,30,99.5,No,Thursday,Summer
2024-06-13,14,16,99.5,No,Thursday,Summer
2024-06-13,15,25,377.76,No,Thursday,Summer
2024-06-13,16,14,176.15,No,Thursday,Summer
2024-06-13,21,21,121.17,No,Thursday,Summer
2024-06-13,23,26,319.08,No,Thursday,Summer
2024-06-13,25,29,183.24,No,Thursday,Summer
2024-06-13,29,19,352.17,No,Thursday,Summer
2024-06-13,46,18,360.9,No,Thursday,Summer
2024-06-13,49,22,176.08,No,Thursday,Summer
2024-06-14,6,53,165.86,Yes,Friday,Summer
2024-06-14,14,48,70.39,Yes,Friday,Summer
2024-06-14,18,46,25.88,Yes,Friday,Summer
2024-06-14,29,18,352.17,No,Friday,Summer
2024-06-14,37,18,109.21,No,Friday,Summer
2024-06-14,44,18,117.8,No,Friday,Summer
2024-06-15,5,40,435.2,No,Saturday,Summer
2024-06-15,6,48,231.03,No,Saturday,Summer
2024-06-15,6,36,231.03,No,Saturday,Summer
2024-06-15,7,48,17.53,No,Saturday,Summer
2024-06-15,20,26,355.47,No,Saturday,Summer
2024-06-15,23,40,319.08,No,Saturday,Summer
2024-06-15,32,50,86.86,Yes,Saturday,Summer
2024-06-15,34,45,157.47,No,Saturday,Summer
2024-06-15,42,28,363.99,No,Saturday,Summer
2024-06-15,43,31,51.67,No,Saturday,Summer
2024-06-15,45,63,11.97,Yes,Saturday,Summer
2024-06-15,48,63,337.09,Yes,Saturday,Summer
2024-06-16,1,30,268.05,No,Sunday,Summer
2024-06-16,3,26,294.01,No,Sunday,Summer
2024-06-16,10,66,218.44,Yes,Sunday,Summer
2024-06-16,14,36,99.5,No,Sunday,Summer
2024-06-16,15,26,377.76,No,Sunday,Summer
2024-06-16,22,38,399.69,No,Sunday,Summer
2024-06-16,24,30,297.91,No,Sunday,Summer
2024-06-16,28,69,194.44,Yes,Sunday,Summer
2024-06-16,33,53,9.62,Yes,Sunday,Summer
2024-06-16,45,16,14.32,No,Sunday,Summer
2024-06-16,48,36,395.46,No,Sunday,Summer
2024-06-17,1,29,268.05,No,Monday,Summer
2024-06-17,2,28,231.26,No,Monday,Summer
2024-06-17,8,28,218.96,No,Monday,Summer
2024-06-17,12,24,85.5,No,Monday,Summer
2024-06-17,28,20,241.51,No,Monday,Summer
2024-06-17,30,46,183.56,Yes,Monday,Summer
2024-06-17,35,23,376.97,No,Monday,Summer
2024-06-17,35,28,376.97,No,Monday,Summer
2024-06-17,41,33,315.96,Yes,Monday,Summer
2024-06-18,2,16,231.26,No,Tuesday,Summer
2024-06-18,5,53,358.95,Yes,Tuesday,Summer
2024-06-18,17,29,357.85,No,Tuesday,Summer
2024-06-18,34,20,157.47,No,Tuesday,Summer
2024-06-18,44,30,117.8,No,Tuesday,Summer
2024-06-18,49,23,176.08,No,Tuesday,Summer
2024-06-19,6,15,231.03,No,Wednesday,Summer
2024-06-19,7,19,17.53,No,Wednesday,Summer
2024-06-19,18,51,28.43,Yes,Wednesday,Summer
2024-06-19,21,19,121.17,No,Wednesday,Summer
2024-06-19,24,23,297.91,No,Wednesday,Summer
2024-06-19,27,21,302.7,No,Wednesday,Summer
2024-06-19,32,33,114.83,No,Wednesday,Summer
2024-06-19,32,22,114.83,No,Wednesday,Summer
2024-06-19,32,30,114.83,No,Wednesday,Summer
2024-06-20,5,21,435.2,No,Thursday,Summer
2024-06-20,7,28,17.53,No,Thursday,Summer
2024-06-20,11,19,329.15,No,Thursday,Summer
2024-06-20,16,37,135.65,Yes,Thursday,Summer
2024-06-20,17,21,357.85,No,Thursday,Summer
2024-06-20,20,19,355.47,No,Thursday,Summer
2024-06-20,21,28,121.17,No,Thursday,Summer
2024-06-20,25,15,183.24,No,Thursday,Summer
2024-06-20,27,57,234.08,Yes,Thursday,Summer
2024-06-20,28,21,241.51,No,Thursday,Summer
2024-06-20,33,15,12.84,No,Thursday,Summer
2024-06-20,34,16,157.47,No,Thursday,Summer
2024-06-20,38,46,419.24,Yes,Thursday,Summer
2024-06-20,38,18,479.93,No,Thursday,Summer
2024-06-20,41,19,356.31,No,Thursday,Summer
2024-06-20,44,24,117.8,No,Thursday,Summer
2024-06-21,9,25,307.03,No,Friday,Summer
2024-06-21,9,37,271.73,Yes,Friday,Summer
2024-06-21,14,24,99.5,No,Friday,Summer
2024-06-21,14,22,99.5,No,Friday,Summer
2024-06-21,20,22,355.47,No,Friday,Summer
2024-06-21,24,20,297.91,No,Friday,Summer
2024-06-21,30,29,177.5,Yes,Friday,Summer
2024-06-21,40,20,459.32,No,Friday,Summer
2024-06-21,40,12,459.32,No,Friday,Summer
2024-06-21,43,26,51.67,No,Friday,Summer
2024-06-21,50,18,411.47,No,Friday,Summer
2024-06-22,5,43,435.2,No,Saturday,Summer
2024-06-22,8,31,218.96,No,Saturday,Summer
2024-06-22,12,59,60.95,Yes,Saturday,Summer
2024-06-22,43,26,51.67,No,Saturday,Summer
2024-06-22,46,33,360.9,No,Saturday,Summer
2024-06-23,3,31,294.01,No,Sunday,Summer
2024-06-23,6,26,231.03,No,Sunday,Summer
2024-06-23,10,23,283.3,No,Sunday,Summer
2024-06-23,11,35,329.15,No,Sunday,Summer
2024-06-23,11,23,329.15,No,Sunday,Summer
2024-06-23,14,76,74.29,Yes,Sunday,Summer
2024-06-23,21,40,121.17,No,Sunday,Summer
2024-06-23,22,53,316.22,Yes,Sunday,Summer
2024-06-23,32,45,114.83,No,Sunday,Summer
2024-06-23,35,33,376.97,No,Sunday,Summer
2024-06-23,35,41,376.97,No,Sunday,Summer
2024-06-23,44,43,117.8,No,Sunday,Summer
2024-06-23,44,31,117.8,No,Sunday,Summer
2024-06-23,50,89,361.02,Yes,Sunday,Summer
2024-06-24,8,23,218.96,No,Monday,Summer
2024-06-24,18,30,33.45,No,Monday,Summer
2024-06-24,19,18,209.85,No,Monday,Summer
2024-06-24,20,51,302.47,Yes,Monday,Summer
2024-06-24,22,28,399.69,No,Monday,Summer
2024-06-24,28,23,241.51,No,Monday,Summer
2024-06-24,38,16,479.93,No,Monday,Summer
2024-06-24,44,31,117.8,No,Monday,Summer
2024-06-24,49,42,154.98,Yes,Monday,Summer
2024-06-25,4,26,439.81,No,Tuesday,Summer
2024-06-25,11,24,329.15,No,Tuesday,Summer
2024-06-25,14,31,99.5,No,Tuesday,Summer
2024-06-25,18,21,33.45,No,Tuesday,Summer
2024-06-25,18,24,33.45,No,Tuesday,Summer
2024-06-25,25,23,183.24,No,Tuesday,Summer
2024-06-25,34,23,157.47,No,Tuesday,Summer
2024-06-25,44,53,86.82,Yes,Tuesday,Summer
2024-06-25,45,46,10.59,Yes,Tuesday,Summer
2024-06-25,45,25,14.32,No,Tuesday,Summer
2024-06-25,46,21,360.9,No,Tuesday,Summer
2024-06-25,48,51,350.03,Yes,Tuesday,Summer
2024-06-25,50,22,411.47,No,Tuesday,Summer
2024-06-26,4,20,439.81,No,Wednesday,Summer
2024-06-26,9,16,307.03,No,Wednesday,Summer
2024-06-26,20,26,355.47,No,Wednesday,Summer
2024-06-26,22,15,399.69,No,Wednesday,Summer
2024-06-26,48,22,395.46,No,Wednesday,Summer
2024-06-26,50,25,411.47,No,Wednesday,Summer
2024-06-27,1,21,268.05,No,Thursday,Summer
2024-06-27,6,33,231.03,No,Thursday,Summer
2024-06-27,13,21,326.8,No,Thursday,Summer
2024-06-27,13,28,326.8,No,Thursday,Summer
2024-06-27,13,20,326.8,No,Thursday,Summer
2024-06-27,18,23,33.45,No,Thursday,Summer
2024-06-27,31,16,109.11,No,Thursday,Summer
2024-06-27,36,16,399.14,No,Thursday,Summer
2024-06-27,38,26,479.93,No,Thursday,Summer
2024-06-27,40,48,350.85,Yes,Thursday,Summer
2024-06-27,50,26,411.47,No,Thursday,Summer
2024-06-28,25,25,183.24,No,Friday,Summer
2024-06-28,26,26,246.4,No,Friday,Summer
2024-06-29,1,69,196.16,Yes,Saturday,Summer
2024-06-29,2,46,231.26,No,Saturday,Summer
2024-06-29,3,41,294.01,No,Saturday,Summer
2024-06-29,4,33,439.81,No,Saturday,Summer
2024-06-29,7,82,14.46,Yes,Saturday,Summer
2024-06-29,11,73,275.32,Yes,Saturday,Summer
2024-06-29,21,40,121.17,No,Saturday,Summer
2024-06-29,25,36,183.24,No,Saturday,Summer
2024-06-29,33,28,12.84,No,Saturday,Summer
2024-06-29,34,46,157.47,No,Saturday,Summer
2024-06-29,35,41,376.97,No,Saturday,Summer
2024-06-29,35,41,376.97,No,Saturday,Summer
2024-06-29,38,38,479.93,No,Saturday,Summer
2024-06-30,1,31,268.05,No,Sunday,Summer
2024-06-30,4,30,439.81,No,Sunday,Summer
2024-06-30,6,56,207.04,Yes,Sunday,Summer
2024-06-30,7,46,17.53,No,Sunday,Summer
2024-06-30,9,35,307.03,No,Sunday,Summer
2024-06-30,17,30,357.85,No,Sunday,Summer
2024-06-30,19,43,209.85,No,Sunday,Summer
2024-06-30,21,36,121.17,No,Sunday,Summer
2024-06-30,24,28,297.91,No,Sunday,Summer
2024-06-30,25,43,183.24,No,Sunday,Summer
2024-06-30,29,21,352.17,No,Sunday,Summer
2024-06-30,31,46,109.11,No,Sunday,Summer
2024-06-30,47,63,151.58,Yes,Sunday,Summer
2024-06-30,48,41,395.46,No,Sunday,Summer
2024-06-30,49,26,176.08,No,Sunday,Summer
2024-07-01,12,10,85.5,No,Monday,Summer
2024-07-01,14,18,99.5,No,Monday,Summer
2024-07-01,17,46,294.56,Yes,Monday,Summer
2024-07-01,19,24,209.85,No,Monday,Summer
2024-07-01,25,20,183.24,No,Monday,Summer
2024-07-01,31,57,95.66,Yes,Monday,Summer
2024-07-01,32,28,114.83,No,Monday,Summer
2024-07-01,33,33,10.76,Yes,Monday,Summer
2024-07-01,37,11,109.21,No,Monday,Summer
2024-07-01,38,22,479.93,No,Monday,Summer
2024-07-01,42,15,363.99,No,Monday,Summer
2024-07-02,8,26,192.9,Yes,Tuesday,Summer
2024-07-02,8,23,218.96,No,Tuesday,Summer
2024-07-02,17,26,357.85,No,Tuesday,Summer
2024-07-02,28,79,170.17,Yes,Tuesday,Summer
2024-07-02,30,20,222.51,No,Tuesday,Summer
2024-07-02,33,19,12.84,No,Tuesday,Summer
2024-07-02,40,20,459.32,No,Tuesday,Summer
2024-07-02,46,46,300.16,Yes,Tuesday,Summer
2024-07-02,47,23,178.77,No,Tuesday,Summer
2024-07-02,50,31,348.31,Yes,Tuesday,Summer
2024-07-03,3,34,294.01,No,Wednesday,Summer
2024-07-03,6,15,231.03,No,Wednesday,Summer
2024-07-03,9,15,307.03,No,Wednesday,Summer
2024-07-03,10,24,283.3,No,Wednesday,Summer
2024-07-03,14,18,99.5,No,Wednesday,Summer
2024-07-03,14,28,99.5,No,Wednesday,Summer
2024-07-03,17,16,357.85,No,Wednesday,Summer
2024-07-03,22,16,399.69,No,Wednesday,Summer
2024-07-03,24,57,211.96,Yes,Wednesday,Summer
2024-07-03,28,16,241.51,No,Wednesday,Summer
2024-07-03,37,48,87.49,Yes,Wednesday,Summer
2024-07-03,39,42,199.28,Yes,Wednesday,Summer
2024-07-03,44,19,117.8,No,Wednesday,Summer
2024-07-03,46,31,360.9,No,Wednesday,Summer
2024-07-03,49,59,147.16,Yes,Wednesday,Summer
2024-07-04,7,19,17.53,No,Thursday,Summer
2024-07-04,11,20,329.15,No,Thursday,Summer
2024-07-04,14,37,72.42,Yes,Thursday,Summer
2024-07-04,15,22,377.76,No,Thursday,Summer
2024-07-04,15,46,338.56,Yes,Thursday,Summer
2024-07-04,21,22,121.17,No,Thursday,Summer
2024-07-04,22,29,399.69,No,Thursday,Summer
2024-07-04,27,51,241.65,Yes,Thursday,Summer
2024-07-04,35,22,376.97,No,Thursday,Summer
2024-07-04,41,15,356.31,No,Thursday,Summer
2024-07-04,42,25,363.99,No,Thursday,Summer
2024-07-04,43,26,51.67,No,Thursday,Summer
2024-07-04,46,24,360.9,No,Thursday,Summer
2024-07-04,46,14,360.9,No,Thursday,Summer
2024-07-04,47,23,178.77,No,Thursday,Summer
2024-07-04,48,24,395.46,No,Thursday,Summer
2024-07-05,9,16,307.03,No,Friday,Summer
2024-07-05,10,24,283.3,No,Friday,Summer
2024-07-05,17,44,298.03,Yes,Friday,Summer
2024-07-05,37,11,109.21,No,Friday,Summer
2024-07-05,41,22,356.31,No,Friday,Summer
2024-07-05,44,18,117.8,No,Friday,Summer
2024-07-05,49,29,176.08,No,Friday,Summer
2024-07-06,3,38,294.01,No,Saturday,Summer
2024-07-06,4,31,439.81,No,Saturday,Summer
2024-07-06,9,79,236.97,Yes,Saturday,Summer
2024-07-06,12,35,85.5,No,Saturday,Summer
2024-07-06,18,25,33.45,No,Saturday,Summer
2024-07-06,20,86,274.48,Yes,Saturday,Summer
2024-07-06,28,40,241.51,No,Saturday,Summer
2024-07-06,29,26,352.17,No,Saturday,Summer
2024-07-06,34,33,157.47,No,Saturday,Summer
2024-07-06,34,26,157.47,No,Saturday,Summer
2024-07-07,19,45,209.85,No,Sunday,Summer
2024-07-07,20,63,259.96,Yes,Sunday,Summer
2024-07-07,24,23,297.91,No,Sunday,Summer
2024-07-07,24,35,297.91,No,Sunday,Summer
2024-07-07,25,35,183.24,No,Sunday,Summer
2024-07-07,27,26,302.7,No,Sunday,Summer
2024-07-07,30,53,172.82,Yes,Sunday,Summer
2024-07-07,34,28,157.47,No,Sunday,Summer
2024-07-07,36,73,291.15,Yes,Sunday,Summer
2024-07-07,37,28,109.21,No,Sunday,Summer
2024-07-07,37,30,109.21,No,Sunday,Summer
2024-07-07,41,25,356.31,No,Sunday,Summer
2024-07-07,42,43,278.38,Yes,Sunday,Summer
2024-07-07,47,36,178.77,No,Sunday,Summer
2024-07-07,50,26,411.47,No,Sunday,Summer
2024-07-07,50,31,411.47,No,Sunday,Summer
2024-07-08,6,30,231.03,No,Monday,Summer
2024-07-08,18,21,33.45,No,Monday,Summer
2024-07-08,19,20,209.85,No,Monday,Summer
2024-07-08,21,31,121.17,No,Monday,Summer
2024-07-08,26,13,246.4,No,Monday,Summer
2024-07-08,50,20,411.47,No,Monday,Summer
2024-07-09,3,40,222.43,Yes,Tuesday,Summer
2024-07-09,12,19,85.5,No,Tuesday,Summer
2024-07-09,19,23,209.85,No,Tuesday,Summer
2024-07-09,21,15,121.17,No,Tuesday,Summer
2024-07-09,21,19,121.17,No,Tuesday,Summer
2024-07-09,21,29,121.17,No,Tuesday,Summer
2024-07-09,23,57,250.13,Yes,Tuesday,Summer
2024-07-09,25,16,183.24,No,Tuesday,Summer
2024-07-09,27,33,232.34,Yes,Tuesday,Summer
2024-07-09,28,24,241.51,No,Tuesday,Summer
2024-07-09,28,40,213.92,Yes,Tuesday,Summer
2024-07-09,30,23,222.51,No,Tuesday,Summer
2024-07-09,31,14,109.11,No,Tuesday,Summer
2024-07-09,35,24,376.97,No,Tuesday,Summer
2024-07-09,50,20,411.47,No,Tuesday,Summer
2024-07-10,1,30,268.05,No,Wednesday,Summer
2024-07-10,7,42,15.53,Yes,Wednesday,Summer
2024-07-10,17,13,357.85,No,Wednesday,Summer
2024-07-10,18,18,33.45,No,Wednesday,Summer
2024-07-10,18,23,33.45,No,Wednesday,Summer
2024-07-10,22,22,399.69,No,Wednesday,Summer
2024-07-10,26,29,246.4,No,Wednesday,Summer
2024-07-10,29,31,295.21,Yes,Wednesday,Summer
2024-07-10,29,42,256.14,Yes,Wednesday,Summer
2024-07-10,30,22,222.51,No,Wednesday,Summer
2024-07-10,43,22,51.67,No,Wednesday,Summer
2024-07-10,46,33,305.24,Yes,Wednesday,Summer
2024-07-11,1,51,220.26,Yes,Thursday,Summer
2024-07-11,2,26,231.26,No,Thursday,Summer
2024-07-11,5,21,435.2,No,Thursday,Summer
2024-07-11,6,22,231.03,No,Thursday,Summer
2024-07-11,7,33,15.7,Yes,Thursday,Summer
2024-07-11,11,20,329.15,No,Thursday,Summer
2024-07-11,18,26,33.45,No,Thursday,Summer
2024-07-11,21,26,121.17,No,Thursday,Summer
2024-07-11,28,59,212.6,Yes,Thursday,Summer
2024-07-11,29,25,352.17,No,Thursday,Summer
2024-07-11,33,16,12.84,No,Thursday,Summer
2024-07-11,44,13,117.8,No,Thursday,Summer
2024-07-11,47,29,178.77,No,Thursday,Summer
2024-07-11,49,44,129.52,Yes,Thursday,Summer
2024-07-12,4,22,439.81,No,Friday,Summer
2024-07-12,9,23,307.03,No,Friday,Summer
2024-07-12,9,24,307.03,No,Friday,Summer
2024-07-12,10,31,283.3,No,Friday,Summer
2024-07-12,16,44,136.35,Yes,Friday,Summer
2024-07-12,17,15,357.85,No,Friday,Summer
2024-07-12,18,22,33.45,No,Friday,Summer
2024-07-12,24,19,297.91,No,Friday,Summer
2024-07-12,25,59,162.24,Yes,Friday,Summer
2024-07-12,25,15,183.24,No,Friday,Summer
2024-07-12,27,18,302.7,No,Friday,Summer
2024-07-12,28,28,241.51,No,Friday,Summer
2024-07-12,28,22,241.51,No,Friday,Summer
2024-07-12,29,21,352.17,No,Friday,Summer
2024-07-12,38,26,479.93,No,Friday,Summer
2024-07-12,44,15,117.8,No,Friday,Summer
2024-07-13,2,26,231.26,No,Saturday,Summer
2024-07-13,6,79,162.27,Yes,Saturday,Summer
2024-07-13,7,35,17.53,No,Saturday,Summer
2024-07-13,9,41,307.03,No,Saturday,Summer
2024-07-13,9,36,307.03,No,Saturday,Summer
2024-07-13,9,48,307.03,No,Saturday,Summer
2024-07-13,18,38,33.45,No,Saturday,Summer
2024-07-13,18,40,33.45,No,Saturday,Summer
2024-07-13,36,23,399.14,No,Saturday,Summer
2024-07-13,41,36,356.31,No,Saturday,Summer
2024-07-13,43,36,51.67,No,Saturday,Summer
2024-07-13,43,33,51.67,No,Saturday,Summer
2024-07-13,45,36,10.3,Yes,Saturday,Summer
2024-07-14,9,33,307.03,No,Sunday,Summer
2024-07-14,13,53,286.93,Yes,Sunday,Summer
2024-07-14,14,26,99.5,No,Sunday,Summer
2024-07-14,17,63,269.71,Yes,Sunday,Summer
2024-07-14,23,35,319.08,No,Sunday,Summer
2024-07-14,27,69,272.31,Yes,Sunday,Summer
2024-07-14,31,69,83.77,Yes,Sunday,Summer
2024-07-14,33,28,12.84,No,Sunday,Summer
2024-07-14,38,40,479.93,No,Sunday,Summer
2024-07-14,38,46,479.93,No,Sunday,Summer
2024-07-14,39,28,256.18,No,Sunday,Summer
2024-07-14,43,31,51.67,No,Sunday,Summer
2024-07-14,45,28,14.32,No,Sunday,Summer
2024-07-14,46,36,360.9,No,Sunday,Summer
2024-07-15,1,20,268.05,No,Monday,Summer
2024-07-15,9,21,307.03,No,Monday,Summer
2024-07-15,10,21,283.3,No,Monday,Summer
2024-07-15,11,23,329.15,No,Monday,Summer
2024-07-15,17,28,357.85,No,Monday,Summer
2024-07-15,36,15,399.14,No,Monday,Summer
2024-07-15,37,53,85.7,Yes,Monday,Summer
2024-07-15,44,23,117.8,No,Monday,Summer
2024-07-16,2,21,231.26,No,Tuesday,Summer
2024-07-16,2,22,231.26,No,Tuesday,Summer
2024-07-16,6,18,231.03,No,Tuesday,Summer
2024-07-16,9,24,307.03,No,Tuesday,Summer
2024-07-16,12,19,85.5,No,Tuesday,Summer
2024-07-16,12,16,85.5,No,Tuesday,Summer
2024-07-16,22,25,399.69,No,Tuesday,Summer
2024-07-16,25,18,183.24,No,Tuesday,Summer
2024-07-16,37,21,109.21,No,Tuesday,Summer
2024-07-16,39,19,256.18,No,Tuesday,Summer
2024-07-16,41,19,356.31,No,Tuesday,Summer
2024-07-16,48,51,296.1,Yes,Tuesday,Summer
2024-07-16,49,59,136.87,Yes,Tuesday,Summer
2024-07-16,50,20,411.47,No,Tuesday,Summer
2024-07-17,4,29,439.81,No,Wednesday,Summer
2024-07-17,10,23,283.3,No,Wednesday,Summer
2024-07-17,14,25,99.5,No,Wednesday,Summer
2024-07-17,15,18,377.76,No,Wednesday,Summer
2024-07-17,26,28,246.4,No,Wednesday,Summer
2024-07-17,30,20,222.51,No,Wednesday,Summer
2024-07-17,34,75,120.84,Yes,Wednesday,Summer
2024-07-17,36,53,351.57,Yes,Wednesday,Summer
2024-07-17,36,23,399.14,No,Wednesday,Summer
2024-07-17,45,15,14.32,No,Wednesday,Summer
2024-07-18,1,57,224.39,Yes,Thursday,Summer
2024-07-18,7,30,17.53,No,Thursday,Summer
2024-07-18,18,15,33.45,No,Thursday,Summer
2024-07-18,23,40,233.05,Yes,Thursday,Summer
2024-07-18,23,21,319.08,No,Thursday,Summer
2024-07-18,40,16,459.32,No,Thursday,Summer
2024-07-18,44,48,85.91,Yes,Thursday,Summer
2024-07-18,48,19,395.46,No,Thursday,Summer
2024-07-18,48,21,395.46,No,Thursday,Summer
2024-07-18,49,25,176.08,No,Thursday,Summer
2024-07-19,6,16,231.03,No,Friday,Summer
2024-07-19,8,20,218.96,No,Friday,Summer
2024-07-19,10,35,283.3,No,Friday,Summer
2024-07-19,14,28,99.5,No,Friday,Summer
2024-07-19,17,26,357.85,No,Friday,Summer
2024-07-19,26,20,246.4,No,Friday,Summer
2024-07-19,27,25,302.7,No,Friday,Summer
2024-07-19,37,31,109.21,No,Friday,Summer
2024-07-19,45,18,14.32,No,Friday,Summer
2024-07-19,48,18,395.46,No,Friday,Summer
2024-07-19,50,42,323.82,Yes,Friday,Summer
2024-07-19,50,25,411.47,No,Friday,Summer
2024-07-20,3,25,294.01,No,Saturday,Summer
2024-07-20,12,28,85.5,No,Saturday,Summer
2024-07-20,12,35,85.5,No,Saturday,Summer
2024-07-20,12,33,85.5,No,Saturday,Summer
2024-07-20,14,33,99.5,No,Saturday,Summer
2024-07-20,31,40,109.11,No,Saturday,Summer
2024-07-20,31,28,109.11,No,Saturday,Summer
2024-07-20,32,35,114.83,No,Saturday,Summer
2024-07-20,35,31,376.97,No,Saturday,Summer
2024-07-20,36,26,399.14,No,Saturday,Summer
2024-07-20,36,40,399.14,No,Saturday,Summer
2024-07-20,49,69,131.35,Yes,Saturday,Summer
2024-07-20,50,36,411.47,No,Saturday,Summer
2024-07-21,2,33,231.26,No,Sunday,Summer
2024-07-21,3,35,294.01,No,Sunday,Summer
2024-07-21,13,76,232.38,Yes,Sunday,Summer
2024-07-21,22,26,399.69,No,Sunday,Summer
2024-07-21,29,38,352.17,No,Sunday,Summer
2024-07-21,31,46,109.11,No,Sunday,Summer
2024-07-21,31,25,109.11,No,Sunday,Summer
2024-07-21,32,38,114.83,No,Sunday,Summer
2024-07-21,46,28,360.9,No,Sunday,Summer
2024-07-22,9,51,250.76,Yes,Monday,Summer
2024-07-22,12,15,85.5,No,Monday,Summer
2024-07-22,16,24,176.15,No,Monday,Summer
2024-07-22,18,18,33.45,No,Monday,Summer
2024-07-22,24,44,227.93,Yes,Monday,Summer
2024-07-22,30,22,222.51,No,Monday,Summer
2024-07-22,39,23,256.18,No,Monday,Summer
2024-07-22,43,24,51.67,No,Monday,Summer
2024-07-23,1,23,268.05,No,Tuesday,Summer
2024-07-23,5,15,435.2,No,Tuesday,Summer
2024-07-23,9,21,307.03,No,Tuesday,Summer
2024-07-23,14,21,99.5,No,Tuesday,Summer
2024-07-23,27,16,302.7,No,Tuesday,Summer
2024-07-23,27,30,302.7,No,Tuesday,Summer
2024-07-23,28,24,241.51,No,Tuesday,Summer
2024-07-23,31,18,109.11,No,Tuesday,Summer
2024-07-23,31,24,109.11,No,Tuesday,Summer
2024-07-23,45,20,14.32,No,Tuesday,Summer
2024-07-24,2,31,231.26,No,Wednesday,Summer
2024-07-24,7,19,17.53,No,Wednesday,Summer
2024-07-24,7,59,14.12,Yes,Wednesday,Summer
2024-07-24,13,30,326.8,No,Wednesday,Summer
2024-07-24,14,19,99.5,No,Wednesday,Summer
2024-07-24,24,15,297.91,No,Wednesday,Summer
2024-07-24,27,15,302.7,No,Wednesday,Summer
2024-07-24,32,42,94.51,Yes,Wednesday,Summer
2024-07-24,35,32,376.97,No,Wednesday,Summer
2024-07-24,36,20,399.14,No,Wednesday,Summer
2024-07-24,41,21,356.31,No,Wednesday,Summer
2024-07-24,44,29,117.8,No,Wednesday,Summer
2024-07-24,48,16,395.46,No,Wednesday,Summer
2024-07-24,50,48,322.33,Yes,Wednesday,Summer
2024-07-25,12,30,85.5,No,Thursday,Summer
2024-07-25,16,22,176.15,No,Thursday,Summer
2024-07-25,21,22,121.17,No,Thursday,Summer
2024-07-25,26,24,246.4,No,Thursday,Summer
2024-07-25,31,19,109.11,No,Thursday,Summer
2024-07-25,39,22,256.18,No,Thursday,Summer
2024-07-25,46,26,360.9,No,Thursday,Summer
2024-07-25,47,23,178.77,No,Thursday,Summer
2024-07-25,47,20,178.77,No,Thursday,Summer
2024-07-26,5,55,362.35,Yes,Friday,Summer
2024-07-26,8,16,218.96,No,Friday,Summer
2024-07-26,10,40,229.04,Yes,Friday,Summer
2024-07-26,12,24,85.5,No,Friday,Summer
2024-07-26,12,53,65.81,Yes,Friday,Summer
2024-07-26,19,18,209.85,No,Friday,Summer
2024-07-26,21,20,121.17,No,Friday,Summer
2024-07-26,24,23,297.91,No,Friday,Summer
2024-07-26,26,18,246.4,No,Friday,Summer
2024-07-26,27,59,254.42,Yes,Friday,Summer
2024-07-26,28,19,241.51,No,Friday,Summer
2024-07-26,35,28,376.97,No,Friday,Summer
2024-07-26,37,19,109.21,No,Friday,Summer
2024-07-26,41,28,356.31,No,Friday,Summer
2024-07-26,41,24,356.31,No,Friday,Summer
2024-07-27,2,43,231.26,No,Saturday,Summer
2024-07-27,5,26,435.2,No,Saturday,Summer
2024-07-27,6,28,231.03,No,Saturday,Summer
2024-07-27,11,36,329.15,No,Saturday,Summer
2024-07-27,13,38,326.8,No,Saturday,Summer
2024-07-27,18,56,33.45,No,Saturday,Summer
2024-07-27,19,69,171.49,Yes,Saturday,Summer
2024-07-27,26,38,246.4,No,Saturday,Summer
2024-07-27,28,40,241.51,No,Saturday,Summer
2024-07-27,33,28,12.84,No,Saturday,Summer
2024-07-27,34,28,157.47,No,Saturday,Summer
2024-07-27,35,20,376.97,No,Saturday,Summer
2024-07-27,36,33,399.14,No,Saturday,Summer
2024-07-27,39,26,256.18,No,Saturday,Summer
2024-07-27,43,40,51.67,No,Saturday,Summer
2024-07-27,50,63,317.2,Yes,Saturday,Summer
2024-07-28,3,63,234.55,Yes,Sunday,Summer
2024-07-28,7,50,17.53,No,Sunday,Summer
2024-07-28,8,56,160.3,Yes,Sunday,Summer
2024-07-28,12,30,85.5,No,Sunday,Summer
2024-07-28,13,41,326.8,No,Sunday,Summer
2024-07-28,13,66,276.57,Yes,Sunday,Summer
2024-07-28,22,35,399.69,No,Sunday,Summer
2024-07-28,24,28,297.91,No,Sunday,Summer
2024-07-28,32,33,114.83,No,Sunday,Summer
2024-07-28,33,31,12.84,No,Sunday,Summer
2024-07-28,33,35,12.84,No,Sunday,Summer
2024-07-28,35,21,376.97,No,Sunday,Summer
2024-07-28,37,40,93.07,Yes,Sunday,Summer
2024-07-28,38,69,426.84,Yes,Sunday,Summer
2024-07-28,40,40,459.32,No,Sunday,Summer
2024-07-28,40,31,459.32,No,Sunday,Summer
2024-07-28,42,40,363.99,No,Sunday,Summer
2024-07-29,4,28,439.81,No,Monday,Summer
2024-07-29,10,19,283.3,No,Monday,Summer
2024-07-29,17,29,287.85,Yes,Monday,Summer
2024-07-29,19,30,209.85,No,Monday,Summer
2024-07-29,22,31,399.69,No,Monday,Summer
2024-07-29,29,19,352.17,No,Monday,Summer
2024-07-29,31,24,109.11,No,Monday,Summer
2024-07-29,33,31,12.84,No,Monday,Summer
2024-07-29,41,51,271.63,Yes,Monday,Summer
2024-07-30,11,48,270.21,Yes,Tuesday,Summer
2024-07-30,16,20,176.15,No,Tuesday,Summer
2024-07-30,16,23,176.15,No,Tuesday,Summer
2024-07-30,18,23,33.45,No,Tuesday,Summer
2024-07-30,32,30,114.83,No,Tuesday,Summer
2024-07-30,36,22,399.14,No,Tuesday,Summer
2024-07-31,4,51,358.43,Yes,Wednesday,Summer
2024-07-31,7,18,17.53,No,Wednesday,Summer
2024-07-31,9,16,307.03,No,Wednesday,Summer
2024-07-31,32,25,114.83,No,Wednesday,Summer
2024-07-31,36,24,399.14,No,Wednesday,Summer
2024-07-31,37,75,80.66,Yes,Wednesday,Summer
2024-07-31,45,25,14.32,No,Wednesday,Summer
2024-07-31,47,18,178.77,No,Wednesday,Summer
2024-08-01,7,35,13.31,Yes,Thursday,Summer
2024-08-01,9,16,307.03,No,Thursday,Summer
2024-08-01,11,22,329.15,No,Thursday,Summer
2024-08-01,13,40,291.04,Yes,Thursday,Summer
2024-08-01,17,21,357.85,No,Thursday,Summer
2024-08-01,19,44,183.22,Yes,Thursday,Summer
2024-08-01,25,32,183.24,No,Thursday,Summer
2024-08-01,25,46,146.3,Yes,Thursday,Summer
2024-08-01,38,21,479.93,No,Thursday,Summer
2024-08-01,44,19,117.8,No,Thursday,Summer
2024-08-02,8,11,218.96,No,Friday,Summer
2024-08-02,12,26,85.5,No,Friday,Summer
2024-08-02,24,22,297.91,No,Friday,Summer
2024-08-02,24,24,297.91,No,Friday,Summer
2024-08-02,26,20,246.4,No,Friday,Summer
2024-08-02,27,21,302.7,No,Friday,Summer
2024-08-02,32,20,114.83,No,Friday,Summer
2024-08-02,35,48,309.16,Yes,Friday,Summer
2024-08-02,37,20,109.21,No,Friday,Summer
2024-08-02,44,33,90.49,Yes,Friday,Summer
2024-08-02,48,19,395.46,No,Friday,Summer
2024-08-02,48,14,395.46,No,Friday,Summer
2024-08-03,1,48,268.05,No,Saturday,Summer
2024-08-03,3,21,294.01,No,Saturday,Summer
2024-08-03,4,20,439.81,No,Saturday,Summer
2024-08-03,11,50,287.17,Yes,Saturday,Summer
2024-08-03,14,21,99.5,No,Saturday,Summer
2024-08-03,21,26,121.17,No,Saturday,Summer
2024-08-03,24,73,214.15,Yes,Saturday,Summer
2024-08-03,25,36,183.24,No,Saturday,Summer
2024-08-03,36,36,399.14,No,Saturday,Summer
2024-08-03,46,31,360.9,No,Saturday,Summer
2024-08-04,1,21,268.05,No,Sunday,Summer
2024-08-04,3,66,241.99,Yes,Sunday,Summer
2024-08-04,9,59,263.27,Yes,Sunday,Summer
2024-08-04,19,33,209.85,No,Sunday,Summer
2024-08-04,21,25,121.17,No,Sunday,Summer
2024-08-04,28,73,206.14,Yes,Sunday,Summer
2024-08-04,31,30,109.11,No,Sunday,Summer
2024-08-04,35,31,376.97,No,Sunday,Summer
2024-08-04,38,40,479.93,No,Sunday,Summer
2024-08-04,41,36,356.31,No,Sunday,Summer
2024-08-04,42,41,363.99,No,Sunday,Summer
2024-08-04,46,33,360.9,No,Sunday,Summer
2024-08-04,48,23,395.46,No,Sunday,Summer
2024-08-05,11,31,295.87,Yes,Monday,Summer
2024-08-05,16,14,176.15,No,Monday,Summer
2024-08-05,16,22,176.15,No,Monday,Summer
2024-08-05,17,23,357.85,No,Monday,Summer
2024-08-05,44,34,117.8,No,Monday,Summer
2024-08-05,49,25,176.08,No,Monday,Summer
2024-08-05,50,18,411.47,No,Monday,Summer
2024-08-06,2,13,231.26,No,Tuesday,Summer
2024-08-06,7,24,17.53,No,Tuesday,Summer
2024-08-06,10,46,239.54,Yes,Tuesday,Summer
2024-08-06,13,9,326.8,No,Tuesday,Summer
2024-08-06,15,20,377.76,No,Tuesday,Summer
2024-08-06,19,23,209.85,No,Tuesday,Summer
2024-08-06,31,21,109.11,No,Tuesday,Summer
2024-08-06,33,46,11.09,Yes,Tuesday,Summer
2024-08-06,33,18,12.84,No,Tuesday,Summer
2024-08-06,38,16,479.93,No,Tuesday,Summer
2024-08-06,39,48,193.07,Yes,Tuesday,Summer
2024-08-06,41,19,356.31,No,Tuesday,Summer
2024-08-06,44,16,117.8,No,Tuesday,Summer
2024-08-06,48,21,395.46,No,Tuesday,Summer
2024-08-06,50,26,411.47,No,Tuesday,Summer
2024-08-07,10,15,283.3,No,Wednesday,Summer
2024-08-07,18,20,33.45,No,Wednesday,Summer
2024-08-07,38,19,479.93,No,Wednesday,Summer
2024-08-07,48,20,395.46,No,Wednesday,Summer
2024-08-08,5,14,435.2,No,Thursday,Summer
2024-08-08,13,30,326.8,No,Thursday,Summer
2024-08-08,13,21,326.8,No,Thursday,Summer
2024-08-08,19,64,184.56,Yes,Thursday,Summer
2024-08-08,21,19,121.17,No,Thursday,Summer
2024-08-08,22,16,399.69,No,Thursday,Summer
2024-08-08,26,15,246.4,No,Thursday,Summer
2024-08-08,28,10,241.51,No,Thursday,Summer
2024-08-08,31,18,109.11,No,Thursday,Summer
2024-08-08,35,57,296.42,Yes,Thursday,Summer
2024-08-08,39,16,256.18,No,Thursday,Summer
2024-08-08,44,18,117.8,No,Thursday,Summer
2024-08-09,2,23,231.26,No,Friday,Summer
2024-08-09,9,46,216.96,Yes,Friday,Summer
2024-08-09,14,24,99.5,No,Friday,Summer
2024-08-09,18,21,33.45,No,Friday,Summer
2024-08-09,26,20,246.4,No,Friday,Summer
2024-08-09,27,16,302.7,No,Friday,Summer
2024-08-09,31,42,79.87,Yes,Friday,Summer
2024-08-09,49,25,176.08,No,Friday,Summer
2024-08-10,1,73,188.74,Yes,Saturday,Summer
2024-08-10,11,26,329.15,No,Saturday,Summer
2024-08-10,12,43,85.5,No,Saturday,Summer
2024-08-10,17,45,357.85,No,Saturday,Summer
2024-08-10,19,23,209.85,No,Saturday,Summer
2024-08-10,20,63,301.41,Yes,Saturday,Summer
2024-08-10,23,35,319.08,No,Saturday,Summer
2024-08-10,30,33,222.51,No,Saturday,Summer
2024-08-10,33,50,11.29,Yes,Saturday,Summer
2024-08-10,33,50,10.77,Yes,Saturday,Summer
2024-08-10,34,38,157.47,No,Saturday,Summer
2024-08-10,35,31,376.97,No,Saturday,Summer
2024-08-10,36,31,399.14,No,Saturday,Summer
2024-08-10,41,20,356.31,No,Saturday,Summer
2024-08-10,44,76,100.63,Yes,Saturday,Summer
2024-08-10,44,30,117.8,No,Saturday,Summer
2024-08-10,50,28,411.47,No,Saturday,Summer
2024-08-11,3,33,294.01,No,Sunday,Summer
2024-08-11,4,38,439.81,No,Sunday,Summer
2024-08-11,5,33,435.2,No,Sunday,Summer
2024-08-11,16,38,176.15,No,Sunday,Summer
2024-08-11,22,25,399.69,No,Sunday,Summer
2024-08-11,22,33,399.69,No,Sunday,Summer
2024-08-11,27,66,272.25,Yes,Sunday,Summer
2024-08-11,27,36,302.7,No,Sunday,Summer
2024-08-11,30,26,222.51,No,Sunday,Summer
2024-08-11,33,26,12.84,No,Sunday,Summer
2024-08-11,35,59,329.33,Yes,Sunday,Summer
2024-08-11,40,73,329.39,Yes,Sunday,Summer
2024-08-12,7,15,17.53,No,Monday,Summer
2024-08-12,15,26,377.76,No,Monday,Summer
2024-08-12,16,22,176.15,No,Monday,Summer
2024-08-12,16,19,176.15,No,Monday,Summer
2024-08-12,24,40,244.71,Yes,Monday,Summer
2024-08-12,27,15,302.7,No,Monday,Summer
2024-08-12,32,23,114.83,No,Monday,Summer
2024-08-12,44,23,117.8,No,Monday,Summer
2024-08-13,10,26,283.3,No,Tuesday,Summer
2024-08-13,17,22,357.85,No,Tuesday,Summer
2024-08-13,22,29,399.69,No,Tuesday,Summer
2024-08-13,30,15,222.51,No,Tuesday,Summer
2024-08-13,34,21,157.47,No,Tuesday,Summer
2024-08-13,35,31,376.97,No,Tuesday,Summer
2024-08-13,42,15,363.99,No,Tuesday,Summer
2024-08-13,50,14,411.47,No,Tuesday,Summer
2024-08-14,2,23,231.26,No,Wednesday,Summer
2024-08-14,10,19,283.3,No,Wednesday,Summer
2024-08-14,11,28,329.15,No,Wednesday,Summer
2024-08-14,13,16,326.8,No,Wednesday,Summer
2024-08-14,20,19,355.47,No,Wednesday,Summer
2024-08-14,26,20,246.4,No,Wednesday,Summer
2024-08-14,47,29,178.77,No,Wednesday,Summer
2024-08-15,2,31,231.26,No,Thursday,Summer
2024-08-15,2,24,231.26,No,Thursday,Summer
2024-08-15,3,12,294.01,No,Thursday,Summer
2024-08-15,10,16,283.3,No,Thursday,Summer
2024-08-15,24,40,243.2,Yes,Thursday,Summer
2024-08-15,39,25,256.18,No,Thursday,Summer
2024-08-15,39,16,256.18,No,Thursday,Summer
2024-08-15,40,21,459.32,No,Thursday,Summer
2024-08-16,9,22,307.03,No,Friday,Summer
2024-08-16,10,24,283.3,No,Friday,Summer
2024-08-16,25,46,160.86,Yes,Friday,Summer
2024-08-16,26,19,246.4,No,Friday,Summer
2024-08-16,27,13,302.7,No,Friday,Summer
2024-08-16,28,20,241.51,No,Friday,Summer
2024-08-16,37,23,109.21,No,Friday,Summer
2024-08-16,38,21,479.93,No,Friday,Summer
2024-08-16,40,23,459.32,No,Friday,Summer
2024-08-16,46,28,360.9,No,Friday,Summer
2024-08-16,49,23,176.08,No,Friday,Summer
2024-08-16,50,22,411.47,No,Friday,Summer
2024-08-17,4,35,439.81,No,Saturday,Summer
2024-08-17,17,26,357.85,No,Saturday,Summer
2024-08-17,28,35,241.51,No,Saturday,Summer
2024-08-17,45,23,14.32,No,Saturday,Summer
2024-08-17,47,23,178.77,No,Saturday,Summer
2024-08-17,47,43,178.77,No,Saturday,Summer
2024-08-18,3,76,229.58,Yes,Sunday,Summer
2024-08-18,4,53,394.78,Yes,Sunday,Summer
2024-08-18,5,79,374.82,Yes,Sunday,Summer
2024-08-18,10,23,283.3,No,Sunday,Summer
2024-08-18,14,21,99.5,No,Sunday,Summer
2024-08-18,16,33,176.15,No,Sunday,Summer
2024-08-18,17,53,357.85,No,Sunday,Summer
2024-08-18,24,31,297.91,No,Sunday,Summer
2024-08-18,26,51,246.4,No,Sunday,Summer
2024-08-18,35,56,307.86,Yes,Sunday,Summer
2024-08-18,36,28,399.14,No,Sunday,Summer
2024-08-18,40,79,400.28,Yes,Sunday,Summer
2024-08-18,48,21,395.46,No,Sunday,Summer
2024-08-18,49,76,153.59,Yes,Sunday,Summer
2024-08-19,2,40,172.66,Yes,Monday,Summer
2024-08-19,10,25,283.3,No,Monday,Summer
2024-08-19,11,23,329.15,No,Monday,Summer
2024-08-19,28,15,241.51,No,Monday,Summer
2024-08-19,28,19,241.51,No,Monday,Summer
2024-08-19,33,22,12.84,No,Monday,Summer
2024-08-19,40,28,459.32,No,Monday,Summer
2024-08-20,1,31,268.05,No,Tuesday,Summer
2024-08-20,11,24,329.15,No,Tuesday,Summer
2024-08-20,13,12,326.8,No,Tuesday,Summer
2024-08-20,17,30,357.85,No,Tuesday,Summer
2024-08-20,22,23,399.69,No,Tuesday,Summer
2024-08-20,24,46,234.62,Yes,Tuesday,Summer
2024-08-20,24,29,297.91,No,Tuesday,Summer
2024-08-20,25,22,183.24,No,Tuesday,Summer
2024-08-20,26,25,246.4,No,Tuesday,Summer
2024-08-20,31,23,109.11,No,Tuesday,Summer
2024-08-20,34,42,127.42,Yes,Tuesday,Summer
2024-08-21,9,21,307.03,No,Wednesday,Summer
2024-08-21,9,9,307.03,No,Wednesday,Summer
2024-08-21,13,18,326.8,No,Wednesday,Summer
2024-08-21,19,28,209.85,No,Wednesday,Summer
2024-08-21,20,20,355.47,No,Wednesday,Summer
2024-08-21,30,23,222.51,No,Wednesday,Summer
2024-08-21,31,22,109.11,No,Wednesday,Summer
2024-08-21,38,18,479.93,No,Wednesday,Summer
2024-08-21,45,21,14.32,No,Wednesday,Summer
2024-08-21,47,23,178.77,No,Wednesday,Summer
2024-08-22,6,21,231.03,No,Thursday,Summer
2024-08-22,8,21,218.96,No,Thursday,Summer
2024-08-22,22,44,308.3,Yes,Thursday,Summer
2024-08-22,48,22,395.46,No,Thursday,Summer
2024-08-23,4,15,439.81,No,Friday,Summer
2024-08-23,5,24,435.2,No,Friday,Summer
2024-08-23,13,33,326.8,No,Friday,Summer
2024-08-23,20,31,294.82,Yes,Friday,Summer
2024-08-23,28,15,241.51,No,Friday,Summer
2024-08-23,37,16,109.21,No,Friday,Summer
2024-08-23,38,23,479.93,No,Friday,Summer
2024-08-23,39,48,206.84,Yes,Friday,Summer
2024-08-23,39,51,181.37,Yes,Friday,Summer
2024-08-23,40,23,459.32,No,Friday,Summer
2024-08-23,43,15,51.67,No,Friday,Summer
2024-08-23,43,20,51.67,No,Friday,Summer
2024-08-23,43,19,51.67,No,Friday,Summer
2024-08-23,43,14,51.67,No,Friday,Summer
2024-08-23,49,23,176.08,No,Friday,Summer
2024-08-24,3,26,294.01,No,Saturday,Summer
2024-08-24,4,30,439.81,No,Saturday,Summer
2024-08-24,13,30,326.8,No,Saturday,Summer
2024-08-24,15,41,377.76,No,Saturday,Summer
2024-08-24,15,31,377.76,No,Saturday,Summer
2024-08-24,18,28,33.45,No,Saturday,Summer
2024-08-24,22,33,399.69,No,Saturday,Summer
2024-08-24,24,26,297.91,No,Saturday,Summer
2024-08-24,26,40,246.4,No,Saturday,Summer
2024-08-24,30,21,222.51,No,Saturday,Summer
2024-08-24,31,25,109.11,No,Saturday,Summer
2024-08-24,41,35,356.31,No,Saturday,Summer
2024-08-24,47,35,178.77,No,Saturday,Summer
2024-08-24,47,25,178.77,No,Saturday,Summer
2024-08-25,1,13,268.05,No,Sunday,Summer
2024-08-25,6,21,231.03,No,Sunday,Summer
2024-08-25,18,31,33.45,No,Sunday,Summer
2024-08-25,22,35,399.69,No,Sunday,Summer
2024-08-25,48,28,395.46,No,Sunday,Summer
2024-08-26,2,19,231.26,No,Monday,Summer
2024-08-26,4,19,439.81,No,Monday,Summer
2024-08-26,5,28,435.2,No,Monday,Summer
2024-08-26,9,30,307.03,No,Monday,Summer
2024-08-26,11,22,329.15,No,Monday,Summer
2024-08-26,12,23,85.5,No,Monday,Summer
2024-08-26,15,25,377.76,No,Monday,Summer
2024-08-26,24,23,297.91,No,Monday,Summer
2024-08-26,30,26,222.51,No,Monday,Summer
2024-08-26,35,23,376.97,No,Monday,Summer
2024-08-26,41,46,258.49,Yes,Monday,Summer
2024-08-27,6,26,231.03,No,Tuesday,Summer
2024-08-27,7,15,17.53,No,Tuesday,Summer
2024-08-27,8,64,153.59,Yes,Tuesday,Summer
2024-08-27,13,29,326.8,No,Tuesday,Summer
2024-08-27,15,22,377.76,No,Tuesday,Summer
2024-08-27,19,19,209.85,No,Tuesday,Summer
2024-08-27,19,25,209.85,No,Tuesday,Summer
2024-08-27,20,23,355.47,No,Tuesday,Summer
2024-08-27,25,37,147.49,Yes,Tuesday,Summer
2024-08-27,36,15,399.14,No,Tuesday,Summer
2024-08-27,40,24,459.32,No,Tuesday,Summer
2024-08-27,41,18,356.31,No,Tuesday,Summer
2024-08-28,9,19,307.03,No,Wednesday,Summer
2024-08-28,16,25,176.15,No,Wednesday,Summer
2024-08-28,19,24,209.85,No,Wednesday,Summer
2024-08-28,24,32,297.91,No,Wednesday,Summer
2024-08-28,29,33,352.17,No,Wednesday,Summer
2024-08-28,33,15,12.84,No,Wednesday,Summer
2024-08-28,41,21,356.31,No,Wednesday,Summer
2024-08-28,42,18,363.99,No,Wednesday,Summer
2024-08-28,43,16,51.67,No,Wednesday,Summer
2024-08-28,43,25,51.67,No,Wednesday,Summer
2024-08-28,46,19,360.9,No,Wednesday,Summer
2024-08-28,46,16,360.9,No,Wednesday,Summer
2024-08-28,48,20,395.46,No,Wednesday,Summer
2024-08-29,4,16,439.81,No,Thursday,Summer
2024-08-29,6,19,231.03,No,Thursday,Summer
2024-08-29,11,40,242.23,Yes,Thursday,Summer
2024-08-29,12,26,60.18,Yes,Thursday,Summer
2024-08-29,14,28,99.5,No,Thursday,Summer
2024-08-29,17,26,357.85,No,Thursday,Summer
2024-08-29,19,31,209.85,No,Thursday,Summer
2024-08-29,26,16,246.4,No,Thursday,Summer
2024-08-29,27,28,302.7,No,Thursday,Summer
2024-08-29,29,25,352.17,No,Thursday,Summer
2024-08-29,36,20,399.14,No,Thursday,Summer
2024-08-29,38,34,479.93,No,Thursday,Summer
2024-08-29,42,25,363.99,No,Thursday,Summer
2024-08-30,4,51,322.13,Yes,Friday,Summer
2024-08-30,10,44,251.44,Yes,Friday,Summer
2024-08-30,17,46,260.53,Yes,Friday,Summer
2024-08-30,17,64,321.03,Yes,Friday,Summer
2024-08-30,21,18,121.17,No,Friday,Summer
2024-08-30,22,30,399.69,No,Friday,Summer
2024-08-30,28,15,241.51,No,Friday,Summer
2024-08-30,36,18,399.14,No,Friday,Summer
2024-08-30,39,21,256.18,No,Friday,Summer
2024-08-30,44,64,99.56,Yes,Friday,Summer
2024-08-30,49,33,176.08,No,Friday,Summer
2024-08-30,49,59,134.11,Yes,Friday,Summer
2024-08-31,13,40,326.8,No,Saturday,Summer
2024-08-31,17,26,357.85,No,Saturday,Summer
2024-08-31,17,35,357.85,No,Saturday,Summer
2024-08-31,19,53,155.74,Yes,Saturday,Summer
2024-08-31,28,26,241.51,No,Saturday,Summer
2024-08-31,29,48,352.17,No,Saturday,Summer
2024-08-31,34,28,157.47,No,Saturday,Summer
2024-08-31,34,26,157.47,No,Saturday,Summer
2024-08-31,38,46,479.93,No,Saturday,Summer
2024-08-31,43,25,51.67,No,Saturday,Summer
2024-08-31,46,38,360.9,No,Saturday,Summer
2024-09-01,6,24,231.03,No,Sunday,Autumn
2024-09-01,7,20,17.53,No,Sunday,Autumn
2024-09-01,7,65,13.24,Yes,Sunday,Autumn
2024-09-01,11,36,329.15,No,Sunday,Autumn
2024-09-01,15,46,304.49,Yes,Sunday,Autumn
2024-09-01,16,49,139.06,Yes,Sunday,Autumn
2024-09-01,17,22,357.85,No,Sunday,Autumn
2024-09-01,17,30,357.85,No,Sunday,Autumn
2024-09-01,18,39,33.45,No,Sunday,Autumn
2024-09-01,22,22,399.69,No,Sunday,Autumn
2024-09-01,24,32,236.97,Yes,Sunday,Autumn
2024-09-01,24,24,297.91,No,Sunday,Autumn
2024-09-01,24,27,297.91,No,Sunday,Autumn
2024-09-01,24,27,297.91,No,Sunday,Autumn
2024-09-01,28,34,241.51,No,Sunday,Autumn
2024-09-01,30,34,222.51,No,Sunday,Autumn
2024-09-01,41,36,356.31,No,Sunday,Autumn
2024-09-01,41,28,356.31,No,Sunday,Autumn
2024-09-01,41,26,356.31,No,Sunday,Autumn
2024-09-02,14,40,80.12,Yes,Monday,Autumn
2024-09-02,15,18,377.76,No,Monday,Autumn
2024-09-02,17,13,357.85,No,Monday,Autumn
2024-09-02,19,12,209.85,No,Monday,Autumn
2024-09-02,26,18,246.4,No,Monday,Autumn
2024-09-02,26,31,178.42,Yes,Monday,Autumn
2024-09-02,26,22,246.4,No,Monday,Autumn
2024-09-02,29,18,352.17,No,Monday,Autumn
2024-09-02,32,21,114.83,No,Monday,Autumn
2024-09-02,34,17,157.47,No,Monday,Autumn
2024-09-02,35,16,376.97,No,Monday,Autumn
2024-09-02,38,17,479.93,No,Monday,Autumn
2024-09-02,49,13,176.08,No,Monday,Autumn
2024-09-02,49,40,123.92,Yes,Monday,Autumn
2024-09-03,3,21,294.01,No,Tuesday,Autumn
2024-09-03,7,14,17.53,No,Tuesday,Autumn
2024-09-03,7,16,17.53,No,Tuesday,Autumn
2024-09-03,9,22,307.03,No,Tuesday,Autumn
2024-09-03,14,22,99.5,No,Tuesday,Autumn
2024-09-03,15,20,377.76,No,Tuesday,Autumn
2024-09-03,17,21,357.85,No,Tuesday,Autumn
2024-09-03,21,17,121.17,No,Tuesday,Autumn
2024-09-03,24,20,297.91,No,Tuesday,Autumn
2024-09-03,32,15,114.83,No,Tuesday,Autumn
2024-09-03,36,21,399.14,No,Tuesday,Autumn
2024-09-03,46,15,360.9,No,Tuesday,Autumn
2024-09-03,48,23,395.46,No,Tuesday,Autumn
2024-09-04,3,21,294.01,No,Wednesday,Autumn
2024-09-04,4,10,439.81,No,Wednesday,Autumn
2024-09-04,5,20,435.2,No,Wednesday,Autumn
2024-09-04,6,41,181.22,Yes,Wednesday,Autumn
2024-09-04,7,17,17.53,No,Wednesday,Autumn
2024-09-04,7,15,17.53,No,Wednesday,Autumn
2024-09-04,19,18,209.85,No,Wednesday,Autumn
2024-09-04,20,14,355.47,No,Wednesday,Autumn
2024-09-04,30,22,222.51,No,Wednesday,Autumn
2024-09-04,35,22,376.97,No,Wednesday,Autumn
2024-09-04,36,32,399.14,No,Wednesday,Autumn
2024-09-04,39,17,256.18,No,Wednesday,Autumn
2024-09-04,39,19,256.18,No,Wednesday,Autumn
2024-09-04,43,18,51.67,No,Wednesday,Autumn
2024-09-04,45,38,12.76,Yes,Wednesday,Autumn
2024-09-04,49,15,176.08,No,Wednesday,Autumn
2024-09-05,6,45,190.7,Yes,Thursday,Autumn
2024-09-05,9,22,307.03,No,Thursday,Autumn
2024-09-05,10,38,229.34,Yes,Thursday,Autumn
2024-09-05,25,16,183.24,No,Thursday,Autumn
2024-09-05,26,22,246.4,No,Thursday,Autumn
2024-09-05,35,23,376.97,No,Thursday,Autumn
2024-09-05,44,45,88.11,Yes,Thursday,Autumn
2024-09-06,1,25,268.05,No,Friday,Autumn
2024-09-06,4,30,439.81,No,Friday,Autumn
2024-09-06,6,32,169.69,Yes,Friday,Autumn
2024-09-06,15,11,377.76,No,Friday,Autumn
2024-09-06,23,13,319.08,No,Friday,Autumn
2024-09-06,28,18,241.51,No,Friday,Autumn
2024-09-06,36,31,329.94,Yes,Friday,Autumn
2024-09-06,38,14,479.93,No,Friday,Autumn
2024-09-06,39,19,256.18,No,Friday,Autumn
2024-09-06,42,17,363.99,No,Friday,Autumn
2024-09-06,42,23,363.99,No,Friday,Autumn
2024-09-06,50,21,411.47,No,Friday,Autumn
2024-09-07,8,38,218.96,No,Saturday,Autumn
2024-09-07,25,23,183.24,No,Saturday,Autumn
2024-09-07,26,31,246.4,No,Saturday,Autumn
2024-09-07,29,30,352.17,No,Saturday,Autumn
2024-09-07,31,51,85.37,Yes,Saturday,Autumn
2024-09-07,37,46,77.44,Yes,Saturday,Autumn
2024-09-07,39,20,256.18,No,Saturday,Autumn
2024-09-07,42,28,363.99,No,Saturday,Autumn
2024-09-07,42,19,363.99,No,Saturday,Autumn
2024-09-07,43,54,43.18,Yes,Saturday,Autumn
2024-09-07,43,22,51.67,No,Saturday,Autumn
2024-09-07,50,19,411.47,No,Saturday,Autumn
2024-09-07,50,28,411.47,No,Saturday,Autumn
2024-09-08,6,23,231.03,No,Sunday,Autumn
2024-09-08,6,27,231.03,No,Sunday,Autumn
2024-09-08,8,23,218.96,No,Sunday,Autumn
2024-09-08,10,27,283.3,No,Sunday,Autumn
2024-09-08,12,22,85.5,No,Sunday,Autumn
2024-09-08,26,30,246.4,No,Sunday,Autumn
2024-09-08,40,26,459.32,No,Sunday,Autumn
2024-09-09,1,23,268.05,No,Monday,Autumn
2024-09-09,1,18,268.05,No,Monday,Autumn
2024-09-09,12,32,74.17,Yes,Monday,Autumn
2024-09-09,12,18,85.5,No,Monday,Autumn
2024-09-09,13,20,326.8,No,Monday,Autumn
2024-09-09,20,17,355.47,No,Monday,Autumn
2024-09-09,28,14,241.51,No,Monday,Autumn
2024-09-09,29,40,265.66,Yes,Monday,Autumn
2024-09-09,34,11,157.47,No,Monday,Autumn
2024-09-09,40,13,459.32,No,Monday,Autumn
2024-09-09,41,19,356.31,No,Monday,Autumn
2024-09-09,41,22,356.31,No,Monday,Autumn
2024-09-09,42,22,279.98,Yes,Monday,Autumn
2024-09-09,43,19,51.67,No,Monday,Autumn
2024-09-09,48,24,395.46,No,Monday,Autumn
2024-09-10,2,22,177.48,Yes,Tuesday,Autumn
2024-09-10,3,11,294.01,No,Tuesday,Autumn
2024-09-10,7,36,14.59,Yes,Tuesday,Autumn
2024-09-10,12,11,85.5,No,Tuesday,Autumn
2024-09-10,21,18,121.17,No,Tuesday,Autumn
2024-09-10,22,41,339.58,Yes,Tuesday,Autumn
2024-09-10,26,21,246.4,No,Tuesday,Autumn
2024-09-10,29,22,352.17,No,Tuesday,Autumn
2024-09-10,30,34,180.13,Yes,Tuesday,Autumn
2024-09-10,42,14,363.99,No,Tuesday,Autumn
2024-09-11,5,16,435.2,No,Wednesday,Autumn
2024-09-11,8,19,218.96,No,Wednesday,Autumn
2024-09-11,11,17,329.15,No,Wednesday,Autumn
2024-09-11,13,40,253.41,Yes,Wednesday,Autumn
2024-09-11,13,34,277.97,Yes,Wednesday,Autumn
2024-09-11,15,22,377.76,No,Wednesday,Autumn
2024-09-11,16,19,176.15,No,Wednesday,Autumn
2024-09-11,16,18,176.15,No,Wednesday,Autumn
2024-09-11,19,22,209.85,No,Wednesday,Autumn
2024-09-11,22,10,399.69,No,Wednesday,Autumn
2024-09-11,28,11,241.51,No,Wednesday,Autumn
2024-09-11,35,21,376.97,No,Wednesday,Autumn
2024-09-11,39,22,256.18,No,Wednesday,Autumn
2024-09-11,40,31,379.89,Yes,Wednesday,Autumn
2024-09-11,41,14,356.31,No,Wednesday,Autumn
2024-09-11,42,21,363.99,No,Wednesday,Autumn
2024-09-11,48,13,395.46,No,Wednesday,Autumn
2024-09-12,3,15,294.01,No,Thursday,Autumn
2024-09-12,5,22,359.77,Yes,Thursday,Autumn
2024-09-12,10,41,198.68,Yes,Thursday,Autumn
2024-09-12,11,16,329.15,No,Thursday,Autumn
2024-09-12,13,11,326.8,No,Thursday,Autumn
2024-09-12,17,19,357.85,No,Thursday,Autumn
2024-09-12,21,18,121.17,No,Thursday,Autumn
2024-09-12,25,22,183.24,No,Thursday,Autumn
2024-09-12,36,17,399.14,No,Thursday,Autumn
2024-09-12,48,17,395.46,No,Thursday,Autumn
2024-09-13,6,19,231.03,No,Friday,Autumn
2024-09-13,11,38,247.66,Yes,Friday,Autumn
2024-09-13,12,36,73.64,Yes,Friday,Autumn
2024-09-13,13,22,326.8,No,Friday,Autumn
2024-09-13,15,14,377.76,No,Friday,Autumn
2024-09-13,18,40,28.1,Yes,Friday,Autumn
2024-09-13,24,22,297.91,No,Friday,Autumn
2024-09-13,26,27,246.4,No,Friday,Autumn
2024-09-13,33,22,12.84,No,Friday,Autumn
2024-09-13,47,31,157.11,Yes,Friday,Autumn
2024-09-13,50,14,411.47,No,Friday,Autumn
2024-09-14,5,32,435.2,No,Saturday,Autumn
2024-09-14,11,23,329.15,No,Saturday,Autumn
2024-09-14,26,26,246.4,No,Saturday,Autumn
2024-09-14,31,35,109.11,No,Saturday,Autumn
2024-09-14,36,24,399.14,No,Saturday,Autumn
2024-09-14,36,40,297.64,Yes,Saturday,Autumn
2024-09-14,38,23,479.93,No,Saturday,Autumn
2024-09-14,41,73,300.56,Yes,Saturday,Autumn
2024-09-14,44,36,117.8,No,Saturday,Autumn
2024-09-14,45,22,14.32,No,Saturday,Autumn
2024-09-14,48,23,395.46,No,Saturday,Autumn
2024-09-15,4,26,439.81,No,Sunday,Autumn
2024-09-15,5,20,435.2,No,Sunday,Autumn
2024-09-15,9,20,307.03,No,Sunday,Autumn
2024-09-15,13,62,231.32,Yes,Sunday,Autumn
2024-09-15,15,28,377.76,No,Sunday,Autumn
2024-09-15,16,16,176.15,No,Sunday,Autumn
2024-09-15,39,26,256.18,No,Sunday,Autumn
2024-09-15,41,54,255.68,Yes,Sunday,Autumn
2024-09-15,47,28,178.77,No,Sunday,Autumn
2024-09-16,10,34,198.82,Yes,Monday,Autumn
2024-09-16,12,23,59.88,Yes,Monday,Autumn
2024-09-16,13,24,326.8,No,Monday,Autumn
2024-09-16,18,36,24.78,Yes,Monday,Autumn
2024-09-16,18,20,33.45,No,Monday,Autumn
2024-09-16,22,22,399.69,No,Monday,Autumn
2024-09-16,23,18,319.08,No,Monday,Autumn
2024-09-16,23,18,319.08,No,Monday,Autumn
2024-09-16,29,22,352.17,No,Monday,Autumn
2024-09-16,39,21,256.18,No,Monday,Autumn
2024-09-17,1,21,268.05,No,Tuesday,Autumn
2024-09-17,4,16,439.81,No,Tuesday,Autumn
2024-09-17,5,11,435.2,No,Tuesday,Autumn
2024-09-17,12,36,68.72,Yes,Tuesday,Autumn
2024-09-17,22,21,399.69,No,Tuesday,Autumn
2024-09-17,31,24,109.11,No,Tuesday,Autumn
2024-09-17,44,29,88.99,Yes,Tuesday,Autumn
2024-09-17,44,14,117.8,No,Tuesday,Autumn
2024-09-18,4,14,439.81,No,Wednesday,Autumn
2024-09-18,12,40,62.24,Yes,Wednesday,Autumn
2024-09-18,13,19,326.8,No,Wednesday,Autumn
2024-09-18,24,17,297.91,No,Wednesday,Autumn
2024-09-18,49,18,176.08,No,Wednesday,Autumn
2024-09-19,1,16,268.05,No,Thursday,Autumn
2024-09-19,10,14,283.3,No,Thursday,Autumn
2024-09-19,12,14,85.5,No,Thursday,Autumn
2024-09-19,13,21,326.8,No,Thursday,Autumn
2024-09-19,14,12,99.5,No,Thursday,Autumn
2024-09-19,16,24,176.15,No,Thursday,Autumn
2024-09-19,20,13,355.47,No,Thursday,Autumn
2024-09-19,21,13,121.17,No,Thursday,Autumn
2024-09-19,26,16,246.4,No,Thursday,Autumn
2024-09-19,28,22,241.51,No,Thursday,Autumn
2024-09-19,31,15,109.11,No,Thursday,Autumn
2024-09-19,32,25,114.83,No,Thursday,Autumn
2024-09-19,34,22,157.47,No,Thursday,Autumn
2024-09-19,50,14,411.47,No,Thursday,Autumn
2024-09-20,1,14,268.05,No,Friday,Autumn
2024-09-20,6,17,231.03,No,Friday,Autumn
2024-09-20,12,20,85.5,No,Friday,Autumn
2024-09-20,13,21,326.8,No,Friday,Autumn
2024-09-20,14,18,99.5,No,Friday,Autumn
2024-09-20,28,18,241.51,No,Friday,Autumn
2024-09-20,28,14,241.51,No,Friday,Autumn
2024-09-20,38,13,479.93,No,Friday,Autumn
2024-09-20,39,45,223.51,Yes,Friday,Autumn
2024-09-20,43,17,51.67,No,Friday,Autumn
2024-09-20,44,15,117.8,No,Friday,Autumn
2024-09-20,48,38,280.0,Yes,Friday,Autumn
2024-09-21,2,28,231.26,No,Saturday,Autumn
2024-09-21,8,28,218.96,No,Saturday,Autumn
2024-09-21,13,23,326.8,No,Saturday,Autumn
2024-09-21,20,92,253.22,Yes,Saturday,Autumn
2024-09-21,25,23,183.24,No,Saturday,Autumn
2024-09-21,25,38,183.24,No,Saturday,Autumn
2024-09-21,29,24,352.17,No,Saturday,Autumn
2024-09-21,33,24,12.84,No,Saturday,Autumn
2024-09-21,43,59,45.68,Yes,Saturday,Autumn
2024-09-21,44,28,117.8,No,Saturday,Autumn
2024-09-21,45,49,12.21,Yes,Saturday,Autumn
2024-09-21,46,24,360.9,No,Saturday,Autumn
2024-09-21,47,30,178.77,No,Saturday,Autumn
2024-09-22,8,35,194.04,Yes,Sunday,Autumn
2024-09-22,9,40,307.03,No,Sunday,Autumn
2024-09-22,18,31,33.45,No,Sunday,Autumn
2024-09-22,19,35,209.85,No,Sunday,Autumn
2024-09-22,24,34,297.91,No,Sunday,Autumn
2024-09-22,34,73,110.37,Yes,Sunday,Autumn
2024-09-22,38,31,479.93,No,Sunday,Autumn
2024-09-22,38,59,397.58,Yes,Sunday,Autumn
2024-09-22,39,36,256.18,No,Sunday,Autumn
2024-09-22,41,28,356.31,No,Sunday,Autumn
2024-09-22,49,35,176.08,No,Sunday,Autumn
2024-09-23,9,27,307.03,No,Monday,Autumn
2024-09-23,26,22,246.4,No,Monday,Autumn
2024-09-23,26,22,246.4,No,Monday,Autumn
2024-09-23,34,25,115.43,Yes,Monday,Autumn
2024-09-23,37,40,78.09,Yes,Monday,Autumn
2024-09-23,39,15,256.18,No,Monday,Autumn
2024-09-23,45,24,14.32,No,Monday,Autumn
2024-09-23,49,14,176.08,No,Monday,Autumn
2024-09-24,10,22,283.3,No,Tuesday,Autumn
2024-09-24,16,25,176.15,No,Tuesday,Autumn
2024-09-24,23,22,319.08,No,Tuesday,Autumn
2024-09-24,30,14,222.51,No,Tuesday,Autumn
2024-09-24,38,16,479.93,No,Tuesday,Autumn
2024-09-24,47,29,178.77,No,Tuesday,Autumn
2024-09-24,49,25,176.08,No,Tuesday,Autumn
2024-09-24,50,40,295.22,Yes,Tuesday,Autumn
2024-09-25,2,21,231.26,No,Wednesday,Autumn
2024-09-25,2,18,231.26,No,Wednesday,Autumn
2024-09-25,3,14,294.01,No,Wednesday,Autumn
2024-09-25,3,20,294.01,No,Wednesday,Autumn
2024-09-25,6,24,231.03,No,Wednesday,Autumn
2024-09-25,12,16,85.5,No,Wednesday,Autumn
2024-09-25,13,23,326.8,No,Wednesday,Autumn
2024-09-25,14,10,99.5,No,Wednesday,Autumn
2024-09-25,16,14,176.15,No,Wednesday,Autumn
2024-09-25,25,22,183.24,No,Wednesday,Autumn
2024-09-25,31,23,109.11,No,Wednesday,Autumn
2024-09-25,43,18,51.67,No,Wednesday,Autumn
2024-09-25,44,32,101.53,Yes,Wednesday,Autumn
2024-09-26,2,18,231.26,No,Thursday,Autumn
2024-09-26,3,14,294.01,No,Thursday,Autumn
2024-09-26,7,34,13.33,Yes,Thursday,Autumn
2024-09-26,12,20,85.5,No,Thursday,Autumn
2024-09-26,15,12,377.76,No,Thursday,Autumn
2024-09-26,39,13,256.18,No,Thursday,Autumn
2024-09-26,44,19,117.8,No,Thursday,Autumn
2024-09-26,48,14,395.46,No,Thursday,Autumn
2024-09-27,13,17,326.8,No,Friday,Autumn
2024-09-27,17,40,309.03,Yes,Friday,Autumn
2024-09-27,19,29,148.64,Yes,Friday,Autumn
2024-09-27,27,15,302.7,No,Friday,Autumn
2024-09-27,28,16,241.51,No,Friday,Autumn
2024-09-27,41,15,356.31,No,Friday,Autumn
2024-09-28,5,57,348.81,Yes,Saturday,Autumn
2024-09-28,7,54,12.61,Yes,Saturday,Autumn
2024-09-28,14,24,99.5,No,Saturday,Autumn
2024-09-28,16,40,128.62,Yes,Saturday,Autumn
2024-09-28,19,31,209.85,No,Saturday,Autumn
2024-09-28,24,26,297.91,No,Saturday,Autumn
2024-09-28,32,28,114.83,No,Saturday,Autumn
2024-09-28,39,27,256.18,No,Saturday,Autumn
2024-09-28,45,30,14.32,No,Saturday,Autumn
2024-09-28,50,42,411.47,No,Saturday,Autumn
2024-09-29,3,24,294.01,No,Sunday,Autumn
2024-09-29,7,31,17.53,No,Sunday,Autumn
2024-09-29,14,27,99.5,No,Sunday,Autumn
2024-09-29,19,24,209.85,No,Sunday,Autumn
2024-09-29,21,43,88.52,Yes,Sunday,Autumn
2024-09-29,23,54,246.61,Yes,Sunday,Autumn
2024-09-29,26,42,246.4,No,Sunday,Autumn
2024-09-29,28,18,241.51,No,Sunday,Autumn
2024-09-29,29,31,352.17,No,Sunday,Autumn
2024-09-29,33,57,10.75,Yes,Sunday,Autumn
2024-09-29,35,30,376.97,No,Sunday,Autumn
2024-09-29,44,18,117.8,No,Sunday,Autumn
2024-09-29,48,34,395.46,No,Sunday,Autumn
2024-09-30,1,14,268.05,No,Monday,Autumn
2024-09-30,5,31,306.52,Yes,Monday,Autumn
2024-09-30,5,15,435.2,No,Monday,Autumn
2024-09-30,6,19,231.03,No,Monday,Autumn
2024-09-30,8,27,218.96,No,Monday,Autumn
2024-09-30,14,15,99.5,No,Monday,Autumn
2024-09-30,17,43,266.42,Yes,Monday,Autumn
2024-09-30,21,16,121.17,No,Monday,Autumn
2024-09-30,22,19,399.69,No,Monday,Autumn
2024-09-30,23,14,319.08,No,Monday,Autumn
2024-09-30,28,21,241.51,No,Monday,Autumn
2024-09-30,30,19,222.51,No,Monday,Autumn
2024-09-30,31,16,109.11,No,Monday,Autumn
2024-10-01,2,15,231.26,No,Tuesday,Autumn
2024-10-01,9,23,307.03,No,Tuesday,Autumn
2024-10-01,14,22,99.5,No,Tuesday,Autumn
2024-10-01,19,31,159.33,Yes,Tuesday,Autumn
2024-10-01,20,32,303.55,Yes,Tuesday,Autumn
2024-10-01,28,18,241.51,No,Tuesday,Autumn
2024-10-01,34,24,157.47,No,Tuesday,Autumn
2024-10-01,37,14,109.21,No,Tuesday,Autumn
2024-10-01,42,25,363.99,No,Tuesday,Autumn
2024-10-02,3,47,248.52,Yes,Wednesday,Autumn
2024-10-02,9,26,307.03,No,Wednesday,Autumn
2024-10-02,16,36,145.35,Yes,Wednesday,Autumn
2024-10-02,18,43,25.12,Yes,Wednesday,Autumn
2024-10-02,19,21,209.85,No,Wednesday,Autumn
2024-10-02,23,17,319.08,No,Wednesday,Autumn
2024-10-02,33,31,9.37,Yes,Wednesday,Autumn
2024-10-02,43,14,51.67,No,Wednesday,Autumn
2024-10-02,49,22,176.08,No,Wednesday,Autumn
2024-10-03,5,22,435.2,No,Thursday,Autumn
2024-10-03,12,22,85.5,No,Thursday,Autumn
2024-10-03,25,25,183.24,No,Thursday,Autumn
2024-10-03,25,15,183.24,No,Thursday,Autumn
2024-10-03,32,20,114.83,No,Thursday,Autumn
2024-10-03,33,18,12.84,No,Thursday,Autumn
2024-10-03,35,26,376.97,No,Thursday,Autumn
2024-10-03,41,16,356.31,No,Thursday,Autumn
2024-10-03,48,19,395.46,No,Thursday,Autumn
2024-10-04,5,15,435.2,No,Friday,Autumn
2024-10-04,15,17,377.76,No,Friday,Autumn
2024-10-04,16,15,176.15,No,Friday,Autumn
2024-10-04,20,21,355.47,No,Friday,Autumn
2024-10-04,30,22,222.51,No,Friday,Autumn
2024-10-04,42,21,363.99,No,Friday,Autumn
2024-10-04,49,36,156.63,Yes,Friday,Autumn
2024-10-05,6,36,231.03,No,Saturday,Autumn
2024-10-05,8,43,218.96,No,Saturday,Autumn
2024-10-05,12,23,85.5,No,Saturday,Autumn
2024-10-05,20,30,355.47,No,Saturday,Autumn
2024-10-05,37,16,109.21,No,Saturday,Autumn
2024-10-05,45,38,12.58,Yes,Saturday,Autumn
2024-10-05,47,32,178.77,No,Saturday,Autumn
2024-10-05,48,22,395.46,No,Saturday,Autumn
2024-10-06,7,31,17.53,No,Sunday,Autumn
2024-10-06,9,26,307.03,No,Sunday,Autumn
2024-10-06,14,34,99.5,No,Sunday,Autumn
2024-10-06,16,20,176.15,No,Sunday,Autumn
2024-10-06,16,38,154.07,Yes,Sunday,Autumn
2024-10-06,26,26,246.4,No,Sunday,Autumn
2024-10-06,29,54,299.66,Yes,Sunday,Autumn
2024-10-06,38,32,479.93,No,Sunday,Autumn
2024-10-06,40,12,459.32,No,Sunday,Autumn
2024-10-06,42,28,363.99,No,Sunday,Autumn
2024-10-06,48,9,395.46,No,Sunday,Autumn
2024-10-07,10,17,283.3,No,Monday,Autumn
2024-10-07,13,18,326.8,No,Monday,Autumn
2024-10-07,14,23,99.5,No,Monday,Autumn
2024-10-07,21,10,121.17,No,Monday,Autumn
2024-10-07,22,34,280.14,Yes,Monday,Autumn
2024-10-07,27,23,302.7,No,Monday,Autumn
2024-10-07,30,22,222.51,No,Monday,Autumn
2024-10-07,32,14,114.83,No,Monday,Autumn
2024-10-07,36,12,399.14,No,Monday,Autumn
2024-10-07,38,18,479.93,No,Monday,Autumn
2024-10-07,42,52,301.07,Yes,Monday,Autumn
2024-10-07,46,18,318.06,Yes,Monday,Autumn
2024-10-07,50,40,291.66,Yes,Monday,Autumn
2024-10-08,6,17,231.03,No,Tuesday,Autumn
2024-10-08,23,23,319.08,No,Tuesday,Autumn
2024-10-08,37,14,109.21,No,Tuesday,Autumn
2024-10-08,47,50,150.99,Yes,Tuesday,Autumn
2024-10-08,48,24,395.46,No,Tuesday,Autumn
2024-10-09,9,18,307.03,No,Wednesday,Autumn
2024-10-09,9,21,307.03,No,Wednesday,Autumn
2024-10-09,11,16,329.15,No,Wednesday,Autumn
2024-10-09,23,16,319.08,No,Wednesday,Autumn
2024-10-09,27,15,302.7,No,Wednesday,Autumn
2024-10-09,28,18,241.51,No,Wednesday,Autumn
2024-10-09,30,20,222.51,No,Wednesday,Autumn
2024-10-09,31,26,109.11,No,Wednesday,Autumn
2024-10-09,33,25,12.84,No,Wednesday,Autumn
2024-10-09,35,13,376.97,No,Wednesday,Autumn
2024-10-09,40,16,459.32,No,Wednesday,Autumn
2024-10-09,41,18,296.97,Yes,Wednesday,Autumn
2024-10-10,2,18,231.26,No,Thursday,Autumn
2024-10-10,6,18,231.03,No,Thursday,Autumn
2024-10-10,16,13,176.15,No,Thursday,Autumn
2024-10-10,19,14,209.85,No,Thursday,Autumn
2024-10-10,26,22,246.4,No,Thursday,Autumn
2024-10-10,27,22,302.7,No,Thursday,Autumn
2024-10-10,29,23,352.17,No,Thursday,Autumn
2024-10-10,31,14,109.11,No,Thursday,Autumn
2024-10-10,35,20,298.3,Yes,Thursday,Autumn
2024-10-11,3,16,294.01,No,Friday,Autumn
2024-10-11,4,14,439.81,No,Friday,Autumn
2024-10-11,17,12,357.85,No,Friday,Autumn
2024-10-11,18,15,33.45,No,Friday,Autumn
2024-10-11,28,10,241.51,No,Friday,Autumn
2024-10-11,28,21,241.51,No,Friday,Autumn
2024-10-11,29,21,352.17,No,Friday,Autumn
2024-10-11,31,13,109.11,No,Friday,Autumn
2024-10-11,33,15,12.84,No,Friday,Autumn
2024-10-11,38,18,479.93,No,Friday,Autumn
2024-10-11,40,15,459.32,No,Friday,Autumn
2024-10-11,43,20,40.6,Yes,Friday,Autumn
2024-10-11,49,40,136.1,Yes,Friday,Autumn
2024-10-12,3,28,294.01,No,Saturday,Autumn
2024-10-12,5,22,435.2,No,Saturday,Autumn
2024-10-12,17,59,297.81,Yes,Saturday,Autumn
2024-10-12,17,23,357.85,No,Saturday,Autumn
2024-10-12,18,23,33.45,No,Saturday,Autumn
2024-10-12,21,40,91.76,Yes,Saturday,Autumn
2024-10-12,37,39,109.21,No,Saturday,Autumn
2024-10-12,45,43,11.92,Yes,Saturday,Autumn
2024-10-13,4,40,312.14,Yes,Sunday,Autumn
2024-10-13,7,30,17.53,No,Sunday,Autumn
2024-10-13,11,19,329.15,No,Sunday,Autumn
2024-10-13,18,22,33.45,No,Sunday,Autumn
2024-10-13,22,30,399.69,No,Sunday,Autumn
2024-10-13,29,15,352.17,No,Sunday,Autumn
2024-10-13,40,28,459.32,No,Sunday,Autumn
2024-10-13,46,20,360.9,No,Sunday,Autumn
2024-10-14,9,15,307.03,No,Monday,Autumn
2024-10-14,13,21,326.8,No,Monday,Autumn
2024-10-14,16,25,176.15,No,Monday,Autumn
2024-10-14,31,19,109.11,No,Monday,Autumn
2024-10-14,32,16,114.83,No,Monday,Autumn
2024-10-14,32,13,114.83,No,Monday,Autumn
2024-10-14,34,10,157.47,No,Monday,Autumn
2024-10-14,38,25,338.18,Yes,Monday,Autumn
2024-10-14,40,21,459.32,No,Monday,Autumn
2024-10-14,45,22,14.32,No,Monday,Autumn
2024-10-14,49,22,176.08,No,Monday,Autumn
2024-10-14,50,19,411.47,No,Monday,Autumn
2024-10-15,13,27,326.8,No,Tuesday,Autumn
2024-10-15,13,23,326.8,No,Tuesday,Autumn
2024-10-15,15,12,377.76,No,Tuesday,Autumn
2024-10-15,15,14,377.76,No,Tuesday,Autumn
2024-10-15,25,20,183.24,No,Tuesday,Autumn
2024-10-15,34,40,119.78,Yes,Tuesday,Autumn
2024-10-15,35,30,376.97,No,Tuesday,Autumn
2024-10-15,43,16,51.67,No,Tuesday,Autumn
2024-10-15,49,21,176.08,No,Tuesday,Autumn
2024-10-16,2,17,231.26,No,Wednesday,Autumn
2024-10-16,2,21,231.26,No,Wednesday,Autumn
2024-10-16,9,22,307.03,No,Wednesday,Autumn
2024-10-16,10,36,247.49,Yes,Wednesday,Autumn
2024-10-16,13,16,326.8,No,Wednesday,Autumn
2024-10-16,16,18,176.15,No,Wednesday,Autumn
2024-10-16,23,18,319.08,No,Wednesday,Autumn
2024-10-16,25,22,183.24,No,Wednesday,Autumn
2024-10-16,31,38,86.12,Yes,Wednesday,Autumn
2024-10-16,31,14,109.11,No,Wednesday,Autumn
2024-10-16,42,20,363.99,No,Wednesday,Autumn
2024-10-16,47,23,178.77,No,Wednesday,Autumn
2024-10-17,3,18,294.01,No,Thursday,Autumn
2024-10-17,4,18,439.81,No,Thursday,Autumn
2024-10-17,14,22,99.5,No,Thursday,Autumn
2024-10-17,16,18,176.15,No,Thursday,Autumn
2024-10-17,24,17,297.91,No,Thursday,Autumn
2024-10-17,25,20,183.24,No,Thursday,Autumn
2024-10-17,28,24,241.51,No,Thursday,Autumn
2024-10-17,33,19,12.84,No,Thursday,Autumn
2024-10-17,40,21,459.32,No,Thursday,Autumn
2024-10-17,43,15,51.67,No,Thursday,Autumn
2024-10-18,5,31,337.52,Yes,Friday,Autumn
2024-10-18,9,19,307.03,No,Friday,Autumn
2024-10-18,12,19,85.5,No,Friday,Autumn
2024-10-18,13,19,326.8,No,Friday,Autumn
2024-10-18,16,17,176.15,No,Friday,Autumn
2024-10-18,17,18,357.85,No,Friday,Autumn
2024-10-18,22,29,354.63,Yes,Friday,Autumn
2024-10-18,25,15,183.24,No,Friday,Autumn
2024-10-18,25,41,143.66,Yes,Friday,Autumn
2024-10-18,34,20,157.47,No,Friday,Autumn
2024-10-18,44,20,117.8,No,Friday,Autumn
2024-10-18,47,38,160.38,Yes,Friday,Autumn
2024-10-18,49,15,176.08,No,Friday,Autumn
2024-10-19,1,36,268.05,No,Saturday,Autumn
2024-10-19,5,24,435.2,No,Saturday,Autumn
2024-10-19,6,59,199.26,Yes,Saturday,Autumn
2024-10-19,6,28,231.03,No,Saturday,Autumn
2024-10-19,10,43,283.3,No,Saturday,Autumn
2024-10-19,19,27,209.85,No,Saturday,Autumn
2024-10-19,19,27,162.12,Yes,Saturday,Autumn
2024-10-19,20,70,252.55,Yes,Saturday,Autumn
2024-10-19,27,51,238.18,Yes,Saturday,Autumn
2024-10-19,35,24,376.97,No,Saturday,Autumn
2024-10-19,36,54,282.84,Yes,Saturday,Autumn
2024-10-19,36,43,399.14,No,Saturday,Autumn
2024-10-19,37,22,109.21,No,Saturday,Autumn
2024-10-19,40,22,459.32,No,Saturday,Autumn
2024-10-19,41,30,272.64,Yes,Saturday,Autumn
2024-10-19,43,26,51.67,No,Saturday,Autumn
2024-10-19,47,26,178.77,No,Saturday,Autumn
2024-10-19,48,34,395.46,No,Saturday,Autumn
2024-10-20,9,35,307.03,No,Sunday,Autumn
2024-10-20,10,27,283.3,No,Sunday,Autumn
2024-10-20,13,30,326.8,No,Sunday,Autumn
2024-10-20,16,31,176.15,No,Sunday,Autumn
2024-10-20,30,27,222.51,No,Sunday,Autumn
2024-10-20,30,27,222.51,No,Sunday,Autumn
2024-10-20,31,28,109.11,No,Sunday,Autumn
2024-10-20,33,20,12.84,No,Sunday,Autumn
2024-10-20,39,59,223.41,Yes,Sunday,Autumn
2024-10-20,39,38,226.49,Yes,Sunday,Autumn
2024-10-20,40,31,459.32,No,Sunday,Autumn
2024-10-20,40,54,368.93,Yes,Sunday,Autumn
2024-10-20,42,14,363.99,No,Sunday,Autumn
2024-10-20,44,73,84.38,Yes,Sunday,Autumn
2024-10-20,47,24,178.77,No,Sunday,Autumn
2024-10-21,2,14,231.26,No,Monday,Autumn
2024-10-21,5,47,312.62,Yes,Monday,Autumn
2024-10-21,8,18,218.96,No,Monday,Autumn
2024-10-21,8,14,218.96,No,Monday,Autumn
2024-10-21,10,29,283.3,No,Monday,Autumn
2024-10-21,14,19,99.5,No,Monday,Autumn
2024-10-21,22,45,334.34,Yes,Monday,Autumn
2024-10-21,24,24,297.91,No,Monday,Autumn
2024-10-21,28,14,241.51,No,Monday,Autumn
2024-10-21,29,14,352.17,No,Monday,Autumn
2024-10-21,29,18,352.17,No,Monday,Autumn
2024-10-21,40,17,459.32,No,Monday,Autumn
2024-10-21,45,18,14.32,No,Monday,Autumn
2024-10-21,46,27,253.73,Yes,Monday,Autumn
2024-10-21,46,36,255.98,Yes,Monday,Autumn
2024-10-21,49,14,176.08,No,Monday,Autumn
2024-10-22,1,21,268.05,No,Tuesday,Autumn
2024-10-22,2,19,231.26,No,Tuesday,Autumn
2024-10-22,8,18,218.96,No,Tuesday,Autumn
2024-10-22,12,9,85.5,No,Tuesday,Autumn
2024-10-22,12,23,85.5,No,Tuesday,Autumn
2024-10-22,13,36,235.65,Yes,Tuesday,Autumn
2024-10-22,22,16,399.69,No,Tuesday,Autumn
2024-10-22,29,15,352.17,No,Tuesday,Autumn
2024-10-22,29,20,352.17,No,Tuesday,Autumn
2024-10-22,30,32,192.82,Yes,Tuesday,Autumn
2024-10-22,36,13,399.14,No,Tuesday,Autumn
2024-10-22,39,32,217.12,Yes,Tuesday,Autumn
2024-10-22,41,22,356.31,No,Tuesday,Autumn
2024-10-22,41,13,356.31,No,Tuesday,Autumn
2024-10-22,48,12,395.46,No,Tuesday,Autumn
2024-10-22,48,16,395.46,No,Tuesday,Autumn
2024-10-23,1,40,228.52,Yes,Wednesday,Autumn
2024-10-23,2,25,231.26,No,Wednesday,Autumn
2024-10-23,5,11,435.2,No,Wednesday,Autumn
2024-10-23,5,31,353.27,Yes,Wednesday,Autumn
2024-10-23,6,14,231.03,No,Wednesday,Autumn
2024-10-23,8,11,218.96,No,Wednesday,Autumn
2024-10-23,21,20,121.17,No,Wednesday,Autumn
2024-10-23,23,15,319.08,No,Wednesday,Autumn
2024-10-23,23,14,319.08,No,Wednesday,Autumn
2024-10-23,26,20,246.4,No,Wednesday,Autumn
2024-10-23,28,14,241.51,No,Wednesday,Autumn
2024-10-23,34,18,157.47,No,Wednesday,Autumn
2024-10-23,36,40,356.64,Yes,Wednesday,Autumn
2024-10-23,43,15,51.67,No,Wednesday,Autumn
2024-10-23,44,14,117.8,No,Wednesday,Autumn
2024-10-24,2,19,231.26,No,Thursday,Autumn
2024-10-24,6,52,161.97,Yes,Thursday,Autumn
2024-10-24,15,22,377.76,No,Thursday,Autumn
2024-10-24,15,21,377.76,No,Thursday,Autumn
2024-10-24,16,22,176.15,No,Thursday,Autumn
2024-10-24,26,16,246.4,No,Thursday,Autumn
2024-10-24,31,38,81.87,Yes,Thursday,Autumn
2024-10-24,33,21,12.84,No,Thursday,Autumn
2024-10-24,34,20,157.47,No,Thursday,Autumn
2024-10-24,35,40,285.73,Yes,Thursday,Autumn
2024-10-24,38,20,479.93,No,Thursday,Autumn
2024-10-24,39,14,256.18,No,Thursday,Autumn
2024-10-24,41,25,356.31,No,Thursday,Autumn
2024-10-24,43,16,51.67,No,Thursday,Autumn
2024-10-24,43,22,51.67,No,Thursday,Autumn
2024-10-24,46,34,298.73,Yes,Thursday,Autumn
2024-10-25,5,16,435.2,No,Friday,Autumn
2024-10-25,12,17,85.5,No,Friday,Autumn
2024-10-25,17,23,357.85,No,Friday,Autumn
2024-10-25,20,23,355.47,No,Friday,Autumn
2024-10-25,21,29,96.78,Yes,Friday,Autumn
2024-10-25,23,20,319.08,No,Friday,Autumn
2024-10-25,26,22,246.4,No,Friday,Autumn
2024-10-25,28,16,241.51,No,Friday,Autumn
2024-10-25,29,24,352.17,No,Friday,Autumn
2024-10-25,30,9,222.51,No,Friday,Autumn
2024-10-25,31,16,109.11,No,Friday,Autumn
2024-10-25,31,16,109.11,No,Friday,Autumn
2024-10-25,32,12,114.83,No,Friday,Autumn
2024-10-25,36,23,399.14,No,Friday,Autumn
2024-10-25,42,17,363.99,No,Friday,Autumn
2024-10-25,43,20,42.19,Yes,Friday,Autumn
2024-10-25,43,22,51.67,No,Friday,Autumn
2024-10-25,43,16,51.67,No,Friday,Autumn
2024-10-26,2,18,231.26,No,Saturday,Autumn
2024-10-26,2,31,231.26,No,Saturday,Autumn
2024-10-26,4,20,439.81,No,Saturday,Autumn
2024-10-26,6,32,231.03,No,Saturday,Autumn
2024-10-26,17,24,357.85,No,Saturday,Autumn
2024-10-26,23,86,251.07,Yes,Saturday,Autumn
2024-10-26,34,24,157.47,No,Saturday,Autumn
2024-10-26,38,65,401.57,Yes,Saturday,Autumn
2024-10-26,38,26,479.93,No,Saturday,Autumn
2024-10-26,48,27,395.46,No,Saturday,Autumn
2024-10-27,2,35,231.26,No,Sunday,Autumn
2024-10-27,2,22,231.26,No,Sunday,Autumn
2024-10-27,5,30,435.2,No,Sunday,Autumn
2024-10-27,6,57,192.86,Yes,Sunday,Autumn
2024-10-27,8,23,218.96,No,Sunday,Autumn
2024-10-27,11,32,329.15,No,Sunday,Autumn
2024-10-27,13,31,326.8,No,Sunday,Autumn
2024-10-27,17,36,357.85,No,Sunday,Autumn
2024-10-27,17,62,262.6,Yes,Sunday,Autumn
2024-10-27,23,59,277.27,Yes,Sunday,Autumn
2024-10-27,37,31,109.21,No,Sunday,Autumn
2024-10-27,42,40,363.99,No,Sunday,Autumn
2024-10-27,45,86,11.67,Yes,Sunday,Autumn
2024-10-27,46,36,360.9,No,Sunday,Autumn
2024-10-27,49,16,176.08,No,Sunday,Autumn
2024-10-27,49,78,135.1,Yes,Sunday,Autumn
2024-10-28,19,38,180.4,Yes,Monday,Autumn
2024-10-28,30,16,222.51,No,Monday,Autumn
2024-10-28,33,27,10.36,Yes,Monday,Autumn
2024-10-28,33,21,12.84,No,Monday,Autumn
2024-10-28,34,26,157.47,No,Monday,Autumn
2024-10-28,39,17,256.18,No,Monday,Autumn
2024-10-28,43,15,51.67,No,Monday,Autumn
2024-10-28,45,15,14.32,No,Monday,Autumn
2024-10-29,1,18,268.05,No,Tuesday,Autumn
2024-10-29,11,43,266.53,Yes,Tuesday,Autumn
2024-10-29,21,49,85.74,Yes,Tuesday,Autumn
2024-10-29,28,22,241.51,No,Tuesday,Autumn
2024-10-29,28,20,241.51,No,Tuesday,Autumn
2024-10-29,30,38,166.1,Yes,Tuesday,Autumn
2024-10-29,31,15,109.11,No,Tuesday,Autumn
2024-10-29,37,13,109.21,No,Tuesday,Autumn
2024-10-29,38,16,479.93,No,Tuesday,Autumn
2024-10-30,4,38,361.29,Yes,Wednesday,Autumn
2024-10-30,6,12,231.03,No,Wednesday,Autumn
2024-10-30,24,19,297.91,No,Wednesday,Autumn
2024-10-30,30,17,222.51,No,Wednesday,Autumn
2024-10-30,36,19,399.14,No,Wednesday,Autumn
2024-10-30,38,24,479.93,No,Wednesday,Autumn
2024-10-30,41,20,356.31,No,Wednesday,Autumn
2024-10-30,48,15,395.46,No,Wednesday,Autumn
2024-10-30,50,20,411.47,No,Wednesday,Autumn
2024-10-31,2,22,231.26,No,Thursday,Autumn
2024-10-31,3,41,230.53,Yes,Thursday,Autumn
2024-10-31,3,16,294.01,No,Thursday,Autumn
2024-10-31,23,18,319.08,No,Thursday,Autumn
2024-10-31,24,21,297.91,No,Thursday,Autumn
2024-10-31,26,19,246.4,No,Thursday,Autumn
2024-10-31,27,17,302.7,No,Thursday,Autumn
2024-10-31,27,19,302.7,No,Thursday,Autumn
2024-10-31,28,24,241.51,No,Thursday,Autumn
2024-10-31,29,23,352.17,No,Thursday,Autumn
2024-10-31,33,12,12.84,No,Thursday,Autumn
2024-10-31,36,12,399.14,No,Thursday,Autumn
2024-10-31,38,20,479.93,No,Thursday,Autumn
2024-10-31,41,18,356.31,No,Thursday,Autumn
2024-10-31,46,16,360.9,No,Thursday,Autumn
2024-10-31,48,22,395.46,No,Thursday,Autumn
2024-10-31,48,19,395.46,No,Thursday,Autumn
2024-11-01,5,12,435.2,No,Friday,Autumn
2024-11-01,18,16,33.45,No,Friday,Autumn
2024-11-01,19,32,179.85,Yes,Friday,Autumn
2024-11-01,26,12,246.4,No,Friday,Autumn
2024-11-02,5,78,379.52,Yes,Saturday,Autumn
2024-11-02,12,32,85.5,No,Saturday,Autumn
2024-11-02,13,43,244.57,Yes,Saturday,Autumn
2024-11-02,15,39,377.76,No,Saturday,Autumn
2024-11-02,15,30,377.76,No,Saturday,Autumn
2024-11-02,22,38,399.69,No,Saturday,Autumn
2024-11-02,25,30,183.24,No,Saturday,Autumn
2024-11-02,31,27,109.11,No,Saturday,Autumn
2024-11-02,31,24,109.11,No,Saturday,Autumn
2024-11-02,34,34,157.47,No,Saturday,Autumn
2024-11-02,39,34,256.18,No,Saturday,Autumn
2024-11-02,42,26,363.99,No,Saturday,Autumn
2024-11-02,44,31,117.8,No,Saturday,Autumn
2024-11-02,47,51,149.66,Yes,Saturday,Autumn
2024-11-03,2,49,166.47,Yes,Sunday,Autumn
2024-11-03,4,20,439.81,No,Sunday,Autumn
2024-11-03,7,40,17.53,No,Sunday,Autumn
2024-11-03,12,36,85.5,No,Sunday,Autumn
2024-11-03,17,57,285.77,Yes,Sunday,Autumn
2024-11-03,23,30,319.08,No,Sunday,Autumn
2024-11-03,27,28,302.7,No,Sunday,Autumn
2024-11-03,34,15,157.47,No,Sunday,Autumn
2024-11-03,40,32,459.32,No,Sunday,Autumn
2024-11-03,41,35,356.31,No,Sunday,Autumn
2024-11-03,41,54,310.7,Yes,Sunday,Autumn
2024-11-04,7,22,17.53,No,Monday,Autumn
2024-11-04,12,21,85.5,No,Monday,Autumn
2024-11-04,15,17,377.76,No,Monday,Autumn
2024-11-04,27,18,302.7,No,Monday,Autumn
2024-11-04,27,14,302.7,No,Monday,Autumn
2024-11-04,31,20,109.11,No,Monday,Autumn
2024-11-04,33,40,9.14,Yes,Monday,Autumn
2024-11-04,39,20,256.18,No,Monday,Autumn
2024-11-04,44,29,117.8,No,Monday,Autumn
2024-11-04,46,19,360.9,No,Monday,Autumn
2024-11-04,48,36,284.22,Yes,Monday,Autumn
2024-11-05,3,19,294.01,No,Tuesday,Autumn
2024-11-05,4,19,439.81,No,Tuesday,Autumn
2024-11-05,6,15,231.03,No,Tuesday,Autumn
2024-11-05,7,22,17.53,No,Tuesday,Autumn
2024-11-05,12,16,85.5,No,Tuesday,Autumn
2024-11-05,12,20,85.5,No,Tuesday,Autumn
2024-11-05,13,18,326.8,No,Tuesday,Autumn
2024-11-05,22,14,399.69,No,Tuesday,Autumn
2024-11-05,39,21,256.18,No,Tuesday,Autumn
2024-11-05,44,15,117.8,No,Tuesday,Autumn
2024-11-05,44,41,87.17,Yes,Tuesday,Autumn
2024-11-05,48,14,395.46,No,Tuesday,Autumn
2024-11-06,2,32,204.45,Yes,Wednesday,Autumn
2024-11-06,7,16,17.53,No,Wednesday,Autumn
2024-11-06,12,25,85.5,No,Wednesday,Autumn
2024-11-06,18,25,33.45,No,Wednesday,Autumn
2024-11-06,18,22,33.45,No,Wednesday,Autumn
2024-11-06,19,16,209.85,No,Wednesday,Autumn
2024-11-06,22,17,399.69,No,Wednesday,Autumn
2024-11-06,22,22,326.66,Yes,Wednesday,Autumn
2024-11-06,25,29,160.3,Yes,Wednesday,Autumn
2024-11-06,35,22,376.97,No,Wednesday,Autumn
2024-11-06,35,14,376.97,No,Wednesday,Autumn
2024-11-06,39,18,256.18,No,Wednesday,Autumn
2024-11-06,42,11,363.99,No,Wednesday,Autumn
2024-11-06,50,16,411.47,No,Wednesday,Autumn
2024-11-07,2,17,231.26,No,Thursday,Autumn
2024-11-07,4,47,320.66,Yes,Thursday,Autumn
2024-11-07,12,14,85.5,No,Thursday,Autumn
2024-11-07,23,22,319.08,No,Thursday,Autumn
2024-11-07,24,12,297.91,No,Thursday,Autumn
2024-11-07,40,22,459.32,No,Thursday,Autumn
2024-11-07,41,23,356.31,No,Thursday,Autumn
2024-11-07,47,20,178.77,No,Thursday,Autumn
2024-11-08,1,22,268.05,No,Friday,Autumn
2024-11-08,6,15,231.03,No,Friday,Autumn
2024-11-08,10,14,283.3,No,Friday,Autumn
2024-11-08,13,18,326.8,No,Friday,Autumn
2024-11-08,14,13,99.5,No,Friday,Autumn
2024-11-08,15,43,290.84,Yes,Friday,Autumn
2024-11-08,19,16,209.85,No,Friday,Autumn
2024-11-08,23,22,319.08,No,Friday,Autumn
2024-11-08,27,19,302.7,No,Friday,Autumn
2024-11-08,39,17,256.18,No,Friday,Autumn
2024-11-08,41,16,356.31,No,Friday,Autumn
2024-11-08,47,23,178.77,No,Friday,Autumn
2024-11-09,3,26,294.01,No,Saturday,Autumn
2024-11-09,9,23,307.03,No,Saturday,Autumn
2024-11-09,13,26,326.8,No,Saturday,Autumn
2024-11-09,19,18,209.85,No,Saturday,Autumn
2024-11-09,25,57,149.73,Yes,Saturday,Autumn
2024-11-09,42,31,363.99,No,Saturday,Autumn
2024-11-09,45,62,11.51,Yes,Saturday,Autumn
2024-11-09,45,59,11.42,Yes,Saturday,Autumn
2024-11-09,46,35,360.9,No,Saturday,Autumn
2024-11-09,49,24,176.08,No,Saturday,Autumn
2024-11-10,10,16,283.3,No,Sunday,Autumn
2024-11-10,13,26,326.8,No,Sunday,Autumn
2024-11-10,22,23,399.69,No,Sunday,Autumn
2024-11-10,35,32,376.97,No,Sunday,Autumn
2024-11-10,41,20,356.31,No,Sunday,Autumn
2024-11-10,46,57,258.23,Yes,Sunday,Autumn
2024-11-11,3,14,294.01,No,Monday,Autumn
2024-11-11,4,17,439.81,No,Monday,Autumn
2024-11-11,8,20,218.96,No,Monday,Autumn
2024-11-11,8,19,218.96,No,Monday,Autumn
2024-11-11,15,19,377.76,No,Monday,Autumn
2024-11-11,15,40,339.49,Yes,Monday,Autumn
2024-11-11,19,19,209.85,No,Monday,Autumn
2024-11-11,30,12,222.51,No,Monday,Autumn
2024-11-11,37,21,109.21,No,Monday,Autumn
2024-11-11,41,14,356.31,No,Monday,Autumn
2024-11-11,42,15,363.99,No,Monday,Autumn
2024-11-11,46,41,301.05,Yes,Monday,Autumn
2024-11-12,2,23,231.26,No,Tuesday,Autumn
2024-11-12,4,18,439.81,No,Tuesday,Autumn
2024-11-12,4,18,439.81,No,Tuesday,Autumn
2024-11-12,6,15,231.03,No,Tuesday,Autumn
2024-11-12,6,15,231.03,No,Tuesday,Autumn
2024-11-12,7,23,15.52,Yes,Tuesday,Autumn
2024-11-12,14,21,99.5,No,Tuesday,Autumn
2024-11-12,18,17,33.45,No,Tuesday,Autumn
2024-11-12,27,15,302.7,No,Tuesday,Autumn
2024-11-12,29,19,352.17,No,Tuesday,Autumn
2024-11-12,39,16,256.18,No,Tuesday,Autumn
2024-11-12,41,18,356.31,No,Tuesday,Autumn
2024-11-13,1,19,268.05,No,Wednesday,Autumn
2024-11-13,9,17,307.03,No,Wednesday,Autumn
2024-11-13,10,50,239.23,Yes,Wednesday,Autumn
2024-11-13,12,21,85.5,No,Wednesday,Autumn
2024-11-13,24,26,297.91,No,Wednesday,Autumn
2024-11-13,26,13,246.4,No,Wednesday,Autumn
2024-11-13,31,41,97.26,Yes,Wednesday,Autumn
2024-11-13,34,23,157.47,No,Wednesday,Autumn
2024-11-13,35,20,376.97,No,Wednesday,Autumn
2024-11-14,14,17,99.5,No,Thursday,Autumn
2024-11-14,21,10,121.17,No,Thursday,Autumn
2024-11-14,28,19,241.51,No,Thursday,Autumn
2024-11-14,39,38,218.86,Yes,Thursday,Autumn
2024-11-14,45,23,14.32,No,Thursday,Autumn
2024-11-14,50,21,411.47,No,Thursday,Autumn
2024-11-15,7,34,14.75,Yes,Friday,Autumn
2024-11-15,9,22,251.58,Yes,Friday,Autumn
2024-11-15,11,25,280.61,Yes,Friday,Autumn
2024-11-15,12,14,85.5,No,Friday,Autumn
2024-11-15,12,24,85.5,No,Friday,Autumn
2024-11-15,12,20,85.5,No,Friday,Autumn
2024-11-15,18,25,28.0,Yes,Friday,Autumn
2024-11-15,21,32,89.01,Yes,Friday,Autumn
2024-11-15,27,16,302.7,No,Friday,Autumn
2024-11-15,28,30,241.51,No,Friday,Autumn
2024-11-15,29,22,352.17,No,Friday,Autumn
2024-11-15,36,11,399.14,No,Friday,Autumn
2024-11-15,39,16,256.18,No,Friday,Autumn
2024-11-15,39,21,256.18,No,Friday,Autumn
2024-11-15,47,19,178.77,No,Friday,Autumn
2024-11-15,47,20,178.77,No,Friday,Autumn
2024-11-15,48,16,395.46,No,Friday,Autumn
2024-11-15,50,22,411.47,No,Friday,Autumn
2024-11-16,4,16,439.81,No,Saturday,Autumn
2024-11-16,6,57,162.53,Yes,Saturday,Autumn
2024-11-16,11,22,329.15,No,Saturday,Autumn
2024-11-16,14,34,99.5,No,Saturday,Autumn
2024-11-16,17,40,357.85,No,Saturday,Autumn
2024-11-16,26,24,246.4,No,Saturday,Autumn
2024-11-16,28,23,241.51,No,Saturday,Autumn
2024-11-16,31,32,109.11,No,Saturday,Autumn
2024-11-16,33,40,10.24,Yes,Saturday,Autumn
2024-11-16,42,32,363.99,No,Saturday,Autumn
2024-11-16,45,34,14.32,No,Saturday,Autumn
2024-11-17,5,18,435.2,No,Sunday,Autumn
2024-11-17,6,36,231.03,No,Sunday,Autumn
2024-11-17,7,34,17.53,No,Sunday,Autumn
2024-11-17,8,34,218.96,No,Sunday,Autumn
2024-11-17,9,22,307.03,No,Sunday,Autumn
2024-11-17,13,51,287.28,Yes,Sunday,Autumn
2024-11-17,16,31,176.15,No,Sunday,Autumn
2024-11-17,30,23,222.51,No,Sunday,Autumn
2024-11-17,31,23,109.11,No,Sunday,Autumn
2024-11-17,35,30,376.97,No,Sunday,Autumn
2024-11-17,35,35,376.97,No,Sunday,Autumn
2024-11-17,42,32,363.99,No,Sunday,Autumn
2024-11-17,48,31,395.46,No,Sunday,Autumn
2024-11-18,2,15,231.26,No,Monday,Autumn
2024-11-18,4,22,439.81,No,Monday,Autumn
2024-11-18,13,15,326.8,No,Monday,Autumn
2024-11-18,16,27,125.53,Yes,Monday,Autumn
2024-11-18,19,20,209.85,No,Monday,Autumn
2024-11-18,19,21,209.85,No,Monday,Autumn
2024-11-18,22,15,399.69,No,Monday,Autumn
2024-11-18,22,15,399.69,No,Monday,Autumn
2024-11-18,22,21,399.69,No,Monday,Autumn
2024-11-18,24,13,297.91,No,Monday,Autumn
2024-11-18,39,25,256.18,No,Monday,Autumn
2024-11-18,41,18,356.31,No,Monday,Autumn
2024-11-18,43,15,51.67,No,Monday,Autumn
2024-11-18,44,15,117.8,No,Monday,Autumn
2024-11-18,48,20,395.46,No,Monday,Autumn
2024-11-19,13,22,326.8,No,Tuesday,Autumn
2024-11-19,13,17,326.8,No,Tuesday,Autumn
2024-11-19,20,17,355.47,No,Tuesday,Autumn
2024-11-19,23,18,319.08,No,Tuesday,Autumn
2024-11-19,24,18,297.91,No,Tuesday,Autumn
2024-11-19,26,21,246.4,No,Tuesday,Autumn
2024-11-19,28,19,241.51,No,Tuesday,Autumn
2024-11-19,30,18,222.51,No,Tuesday,Autumn
2024-11-19,33,16,12.84,No,Tuesday,Autumn
2024-11-19,43,17,51.67,No,Tuesday,Autumn
2024-11-19,46,21,360.9,No,Tuesday,Autumn
2024-11-20,7,19,17.53,No,Wednesday,Autumn
2024-11-20,10,16,283.3,No,Wednesday,Autumn
2024-11-20,15,41,265.62,Yes,Wednesday,Autumn
2024-11-20,15,16,377.76,No,Wednesday,Autumn
2024-11-20,24,45,264.35,Yes,Wednesday,Autumn
2024-11-20,27,18,302.7,No,Wednesday,Autumn
2024-11-20,29,16,352.17,No,Wednesday,Autumn
2024-11-20,32,20,114.83,No,Wednesday,Autumn
2024-11-20,32,17,114.83,No,Wednesday,Autumn
2024-11-20,34,22,124.0,Yes,Wednesday,Autumn
2024-11-20,35,16,376.97,No,Wednesday,Autumn
2024-11-21,1,13,268.05,No,Thursday,Autumn
2024-11-21,1,14,268.05,No,Thursday,Autumn
2024-11-21,16,14,176.15,No,Thursday,Autumn
2024-11-21,16,14,176.15,No,Thursday,Autumn
2024-11-21,20,17,355.47,No,Thursday,Autumn
2024-11-21,30,27,193.25,Yes,Thursday,Autumn
2024-11-21,34,32,134.89,Yes,Thursday,Autumn
2024-11-21,37,19,109.21,No,Thursday,Autumn
2024-11-21,40,16,459.32,No,Thursday,Autumn
2024-11-21,44,22,117.8,No,Thursday,Autumn
2024-11-21,45,19,14.32,No,Thursday,Autumn
2024-11-21,48,41,352.07,Yes,Thursday,Autumn
2024-11-21,48,58,336.95,Yes,Thursday,Autumn
2024-11-22,2,17,231.26,No,Friday,Autumn
2024-11-22,10,21,283.3,No,Friday,Autumn
2024-11-22,17,17,357.85,No,Friday,Autumn
2024-11-22,17,13,357.85,No,Friday,Autumn
2024-11-22,29,22,352.17,No,Friday,Autumn
2024-11-22,38,17,479.93,No,Friday,Autumn
2024-11-22,44,14,117.8,No,Friday,Autumn
2024-11-22,47,17,178.77,No,Friday,Autumn
2024-11-22,49,14,176.08,No,Friday,Autumn
2024-11-23,3,22,294.01,No,Saturday,Autumn
2024-11-23,8,12,218.96,No,Saturday,Autumn
2024-11-23,9,28,307.03,No,Saturday,Autumn
2024-11-23,10,28,283.3,No,Saturday,Autumn
2024-11-23,13,35,326.8,No,Saturday,Autumn
2024-11-23,14,30,99.5,No,Saturday,Autumn
2024-11-23,23,19,319.08,No,Saturday,Autumn
2024-11-23,24,18,297.91,No,Saturday,Autumn
2024-11-23,33,38,9.19,Yes,Saturday,Autumn
2024-11-23,34,59,133.35,Yes,Saturday,Autumn
2024-11-23,34,51,114.94,Yes,Saturday,Autumn
2024-11-23,34,23,157.47,No,Saturday,Autumn
2024-11-23,36,36,399.14,No,Saturday,Autumn
2024-11-23,36,23,399.14,No,Saturday,Autumn
2024-11-23,42,30,363.99,No,Saturday,Autumn
2024-11-23,44,27,117.8,No,Saturday,Autumn
2024-11-23,44,28,117.8,No,Saturday,Autumn
2024-11-23,48,15,395.46,No,Saturday,Autumn
2024-11-23,49,24,176.08,No,Saturday,Autumn
2024-11-24,12,28,85.5,No,Sunday,Autumn
2024-11-24,16,38,176.15,No,Sunday,Autumn
2024-11-24,21,32,121.17,No,Sunday,Autumn
2024-11-24,28,70,200.62,Yes,Sunday,Autumn
2024-11-24,32,28,114.83,No,Sunday,Autumn
2024-11-24,39,57,209.5,Yes,Sunday,Autumn
2024-11-24,39,31,256.18,No,Sunday,Autumn
2024-11-24,40,23,459.32,No,Sunday,Autumn
2024-11-24,46,24,360.9,No,Sunday,Autumn
2024-11-24,48,36,395.46,No,Sunday,Autumn
2024-11-24,50,28,411.47,No,Sunday,Autumn
2024-11-25,8,28,218.96,No,Monday,Autumn
2024-11-25,11,34,272.83,Yes,Monday,Autumn
2024-11-25,13,32,231.96,Yes,Monday,Autumn
2024-11-25,13,26,326.8,No,Monday,Autumn
2024-11-25,28,22,241.51,No,Monday,Autumn
2024-11-25,35,15,376.97,No,Monday,Autumn
2024-11-25,44,18,117.8,No,Monday,Autumn
2024-11-26,2,12,231.26,No,Tuesday,Autumn
2024-11-26,3,19,294.01,No,Tuesday,Autumn
2024-11-26,4,15,439.81,No,Tuesday,Autumn
2024-11-26,16,23,176.15,No,Tuesday,Autumn
2024-11-26,17,17,357.85,No,Tuesday,Autumn
2024-11-26,21,21,121.17,No,Tuesday,Autumn
2024-11-26,26,14,246.4,No,Tuesday,Autumn
2024-11-26,41,22,356.31,No,Tuesday,Autumn
2024-11-26,43,20,51.67,No,Tuesday,Autumn
2024-11-26,45,14,14.32,No,Tuesday,Autumn
2024-11-27,4,15,439.81,No,Wednesday,Autumn
2024-11-27,12,29,74.52,Yes,Wednesday,Autumn
2024-11-27,15,47,289.82,Yes,Wednesday,Autumn
2024-11-27,15,20,377.76,No,Wednesday,Autumn
2024-11-27,18,10,33.45,No,Wednesday,Autumn
2024-11-27,20,14,355.47,No,Wednesday,Autumn
2024-11-27,48,47,335.44,Yes,Wednesday,Autumn
2024-11-28,3,20,294.01,No,Thursday,Autumn
2024-11-28,6,30,231.03,No,Thursday,Autumn
2024-11-28,12,15,85.5,No,Thursday,Autumn
2024-11-28,16,23,176.15,No,Thursday,Autumn
2024-11-28,19,26,209.85,No,Thursday,Autumn
2024-11-28,21,25,106.28,Yes,Thursday,Autumn
2024-11-28,22,14,399.69,No,Thursday,Autumn
2024-11-28,30,21,222.51,No,Thursday,Autumn
2024-11-28,32,43,84.93,Yes,Thursday,Autumn
2024-11-28,40,19,459.32,No,Thursday,Autumn
2024-11-28,42,14,363.99,No,Thursday,Autumn
2024-11-28,42,21,363.99,No,Thursday,Autumn
2024-11-28,44,18,117.8,No,Thursday,Autumn
2024-11-29,1,13,268.05,No,Friday,Autumn
2024-11-29,3,14,294.01,No,Friday,Autumn
2024-11-29,8,18,218.96,No,Friday,Autumn
2024-11-29,18,15,33.45,No,Friday,Autumn
2024-11-29,20,40,286.72,Yes,Friday,Autumn
2024-11-29,21,40,87.03,Yes,Friday,Autumn
2024-11-29,21,18,121.17,No,Friday,Autumn
2024-11-29,25,34,156.44,Yes,Friday,Autumn
2024-11-29,29,13,352.17,No,Friday,Autumn
2024-11-29,33,22,12.84,No,Friday,Autumn
2024-11-29,35,40,310.49,Yes,Friday,Autumn
2024-11-29,36,18,399.14,No,Friday,Autumn
2024-11-29,36,20,399.14,No,Friday,Autumn
2024-11-29,39,18,256.18,No,Friday,Autumn
2024-11-29,49,19,176.08,No,Friday,Autumn
2024-11-30,3,30,294.01,No,Saturday,Autumn
2024-11-30,5,65,324.75,Yes,Saturday,Autumn
2024-11-30,7,35,17.53,No,Saturday,Autumn
2024-11-30,8,62,169.03,Yes,Saturday,Autumn
2024-11-30,10,28,283.3,No,Saturday,Autumn
2024-11-30,11,51,241.32,Yes,Saturday,Autumn
2024-11-30,13,49,278.03,Yes,Saturday,Autumn
2024-11-30,15,28,377.76,No,Saturday,Autumn
2024-11-30,16,46,127.84,Yes,Saturday,Autumn
2024-11-30,17,35,357.85,No,Saturday,Autumn
2024-11-30,18,23,33.45,No,Saturday,Autumn
2024-11-30,19,49,168.84,Yes,Saturday,Autumn
2024-11-30,23,30,319.08,No,Saturday,Autumn
2024-11-30,23,26,319.08,No,Saturday,Autumn
2024-11-30,26,34,246.4,No,Saturday,Autumn
2024-11-30,26,27,246.4,No,Saturday,Autumn
2024-11-30,32,18,114.83,No,Saturday,Autumn
2024-12-01,7,31,17.53,No,Sunday,Winter
2024-12-01,15,47,336.11,Yes,Sunday,Winter
2024-12-01,16,29,176.15,No,Sunday,Winter
2024-12-01,21,38,121.17,No,Sunday,Winter
2024-12-01,25,27,183.24,No,Sunday,Winter
2024-12-01,25,31,183.24,No,Sunday,Winter
2024-12-01,28,36,241.51,No,Sunday,Winter
2024-12-01,31,31,109.11,No,Sunday,Winter
2024-12-01,42,50,363.99,No,Sunday,Winter
2024-12-01,43,36,51.67,No,Sunday,Winter
2024-12-01,45,36,14.32,No,Sunday,Winter
2024-12-02,7,46,15.61,Yes,Monday,Winter
2024-12-02,12,17,85.5,No,Monday,Winter
2024-12-02,16,50,133.79,Yes,Monday,Winter
2024-12-02,19,22,209.85,No,Monday,Winter
2024-12-02,24,26,297.91,No,Monday,Winter
2024-12-02,27,20,302.7,No,Monday,Winter
2024-12-02,31,25,109.11,No,Monday,Winter
2024-12-02,33,26,12.84,No,Monday,Winter
2024-12-02,38,53,394.04,Yes,Monday,Winter
2024-12-02,44,43,95.07,Yes,Monday,Winter
2024-12-02,50,46,330.73,Yes,Monday,Winter
2024-12-03,1,77,200.26,Yes,Tuesday,Winter
2024-12-03,6,55,162.62,Yes,Tuesday,Winter
2024-12-03,14,17,99.5,No,Tuesday,Winter
2024-12-03,19,30,209.85,No,Tuesday,Winter
2024-12-03,24,25,297.91,No,Tuesday,Winter
2024-12-03,27,53,242.83,Yes,Tuesday,Winter
2024-12-03,41,14,356.31,No,Tuesday,Winter
2024-12-03,48,22,395.46,No,Tuesday,Winter
2024-12-03,48,20,395.46,No,Tuesday,Winter
2024-12-03,48,17,395.46,No,Tuesday,Winter
2024-12-04,3,17,294.01,No,Wednesday,Winter
2024-12-04,7,29,17.53,No,Wednesday,Winter
2024-12-04,11,18,329.15,No,Wednesday,Winter
2024-12-04,12,36,85.5,No,Wednesday,Winter
2024-12-04,21,25,121.17,No,Wednesday,Winter
2024-12-04,26,43,207.91,Yes,Wednesday,Winter
2024-12-04,28,26,241.51,No,Wednesday,Winter
2024-12-04,31,62,85.94,Yes,Wednesday,Winter
2024-12-04,37,36,109.21,No,Wednesday,Winter
2024-12-04,41,23,356.31,No,Wednesday,Winter
2024-12-04,41,20,356.31,No,Wednesday,Winter
2024-12-04,42,32,363.99,No,Wednesday,Winter
2024-12-04,43,24,51.67,No,Wednesday,Winter
2024-12-04,44,24,117.8,No,Wednesday,Winter
2024-12-04,45,28,14.32,No,Wednesday,Winter
2024-12-05,16,29,176.15,No,Thursday,Winter
2024-12-05,19,53,173.64,Yes,Thursday,Winter
2024-12-05,22,20,399.69,No,Thursday,Winter
2024-12-05,34,20,157.47,No,Thursday,Winter
2024-12-05,43,26,51.67,No,Thursday,Winter
2024-12-06,6,20,231.03,No,Friday,Winter
2024-12-06,11,31,329.15,No,Friday,Winter
2024-12-06,50,23,411.47,No,Friday,Winter
2024-12-07,17,36,357.85,No,Saturday,Winter
2024-12-07,22,29,399.69,No,Saturday,Winter
2024-12-07,28,31,241.51,No,Saturday,Winter
2024-12-07,29,27,352.17,No,Saturday,Winter
2024-12-07,30,32,222.51,No,Saturday,Winter
2024-12-07,42,49,363.99,No,Saturday,Winter
2024-12-08,1,50,188.43,Yes,Sunday,Winter
2024-12-08,14,45,99.5,No,Sunday,Winter
2024-12-08,21,34,121.17,No,Sunday,Winter
2024-12-08,22,32,399.69,No,Sunday,Winter
2024-12-08,22,86,356.29,Yes,Sunday,Winter
2024-12-08,23,79,276.43,Yes,Sunday,Winter
2024-12-08,28,45,241.51,No,Sunday,Winter
2024-12-08,39,34,256.18,No,Sunday,Winter
2024-12-08,50,43,411.47,No,Sunday,Winter
2024-12-09,5,34,435.2,No,Monday,Winter
2024-12-09,9,22,307.03,No,Monday,Winter
2024-12-09,17,14,357.85,No,Monday,Winter
2024-12-09,19,20,209.85,No,Monday,Winter
2024-12-09,23,16,319.08,No,Monday,Winter
2024-12-09,24,24,297.91,No,Monday,Winter
2024-12-09,26,14,246.4,No,Monday,Winter
2024-12-09,27,20,302.7,No,Monday,Winter
2024-12-09,28,23,241.51,No,Monday,Winter
2024-12-09,31,55,79.92,Yes,Monday,Winter
2024-12-09,34,22,157.47,No,Monday,Winter
2024-12-09,43,17,51.67,No,Monday,Winter
2024-12-10,1,24,268.05,No,Tuesday,Winter
2024-12-10,2,41,202.33,Yes,Tuesday,Winter
2024-12-10,13,32,326.8,No,Tuesday,Winter
2024-12-10,19,19,209.85,No,Tuesday,Winter
2024-12-10,19,53,167.36,Yes,Tuesday,Winter
2024-12-10,27,17,302.7,No,Tuesday,Winter
2024-12-10,33,25,12.84,No,Tuesday,Winter
2024-12-10,33,29,12.84,No,Tuesday,Winter
2024-12-10,35,26,303.49,Yes,Tuesday,Winter
2024-12-10,38,58,393.88,Yes,Tuesday,Winter
2024-12-10,39,25,256.18,No,Tuesday,Winter
2024-12-10,40,30,459.32,No,Tuesday,Winter
2024-12-10,45,53,10.21,Yes,Tuesday,Winter
2024-12-10,50,32,411.47,No,Tuesday,Winter
2024-12-11,8,17,218.96,No,Wednesday,Winter
2024-12-11,10,30,283.3,No,Wednesday,Winter
2024-12-11,22,23,399.69,No,Wednesday,Winter
2024-12-11,31,22,109.11,No,Wednesday,Winter
2024-12-11,39,30,256.18,No,Wednesday,Winter
2024-12-11,48,28,395.46,No,Wednesday,Winter
2024-12-11,49,23,176.08,No,Wednesday,Winter
2024-12-12,1,25,268.05,No,Thursday,Winter
2024-12-12,9,28,307.03,No,Thursday,Winter
2024-12-12,15,25,377.76,No,Thursday,Winter
2024-12-12,17,29,357.85,No,Thursday,Winter
2024-12-12,23,23,319.08,No,Thursday,Winter
2024-12-12,23,23,319.08,No,Thursday,Winter
2024-12-12,27,36,302.7,No,Thursday,Winter
2024-12-12,30,35,222.51,No,Thursday,Winter
2024-12-12,35,50,295.55,Yes,Thursday,Winter
2024-12-12,41,43,268.7,Yes,Thursday,Winter
2024-12-13,1,31,268.05,No,Friday,Winter
2024-12-13,13,17,326.8,No,Friday,Winter
2024-12-13,14,25,99.5,No,Friday,Winter
2024-12-13,26,20,246.4,No,Friday,Winter
2024-12-13,36,20,399.14,No,Friday,Winter
2024-12-13,37,26,109.21,No,Friday,Winter
2024-12-13,45,31,14.32,No,Friday,Winter
2024-12-14,10,86,227.27,Yes,Saturday,Winter
2024-12-14,16,27,176.15,No,Saturday,Winter
2024-12-14,29,41,352.17,No,Saturday,Winter
2024-12-14,37,38,109.21,No,Saturday,Winter
2024-12-14,40,38,459.32,No,Saturday,Winter
2024-12-14,43,72,43.9,Yes,Saturday,Winter
2024-12-14,43,25,51.67,No,Saturday,Winter
2024-12-14,44,49,117.8,No,Saturday,Winter
2024-12-14,45,58,11.66,Yes,Saturday,Winter
2024-12-14,48,47,395.46,No,Saturday,Winter
2024-12-14,49,29,176.08,No,Saturday,Winter
2024-12-15,2,41,231.26,No,Sunday,Winter
2024-12-15,3,34,294.01,No,Sunday,Winter
2024-12-15,6,29,231.03,No,Sunday,Winter
2024-12-15,7,36,17.53,No,Sunday,Winter
2024-12-15,13,20,326.8,No,Sunday,Winter
2024-12-15,13,76,264.24,Yes,Sunday,Winter
2024-12-15,23,34,319.08,No,Sunday,Winter
2024-12-15,23,29,319.08,No,Sunday,Winter
2024-12-15,28,23,241.51,No,Sunday,Winter
2024-12-15,48,29,395.46,No,Sunday,Winter
2024-12-16,19,24,209.85,No,Monday,Winter
2024-12-16,19,53,146.98,Yes,Monday,Winter
2024-12-16,32,29,114.83,No,Monday,Winter
2024-12-16,39,46,216.99,Yes,Monday,Winter
2024-12-16,44,32,117.8,No,Monday,Winter
2024-12-16,45,31,14.32,No,Monday,Winter
2024-12-16,48,55,300.06,Yes,Monday,Winter
2024-12-17,24,29,297.91,No,Tuesday,Winter
2024-12-17,26,19,246.4,No,Tuesday,Winter
2024-12-17,35,25,376.97,No,Tuesday,Winter
2024-12-17,41,18,356.31,No,Tuesday,Winter
2024-12-17,46,46,255.75,Yes,Tuesday,Winter
2024-12-18,2,24,231.26,No,Wednesday,Winter
2024-12-18,17,18,357.85,No,Wednesday,Winter
2024-12-18,21,30,121.17,No,Wednesday,Winter
2024-12-18,24,18,297.91,No,Wednesday,Winter
2024-12-18,25,20,183.24,No,Wednesday,Winter
2024-12-18,31,60,87.88,Yes,Wednesday,Winter
2024-12-18,32,32,114.83,No,Wednesday,Winter
2024-12-18,40,25,459.32,No,Wednesday,Winter
2024-12-18,41,50,305.85,Yes,Wednesday,Winter
2024-12-19,32,20,114.83,No,Thursday,Winter
2024-12-19,41,23,356.31,No,Thursday,Winter
2024-12-19,45,28,14.32,No,Thursday,Winter
2024-12-19,47,19,178.77,No,Thursday,Winter
2024-12-20,7,28,17.53,No,Friday,Winter
2024-12-20,11,62,257.3,Yes,Friday,Winter
2024-12-20,13,28,326.8,No,Friday,Winter
2024-12-20,15,23,377.76,No,Friday,Winter
2024-12-20,17,24,357.85,No,Friday,Winter
2024-12-20,22,22,399.69,No,Friday,Winter
2024-12-20,26,24,246.4,No,Friday,Winter
2024-12-20,26,26,246.4,No,Friday,Winter
2024-12-20,27,24,302.7,No,Friday,Winter
2024-12-20,27,18,302.7,No,Friday,Winter
2024-12-20,33,18,12.84,No,Friday,Winter
2024-12-20,38,25,479.93,No,Friday,Winter
2024-12-20,42,17,363.99,No,Friday,Winter
2024-12-20,45,25,14.32,No,Friday,Winter
2024-12-20,45,17,14.32,No,Friday,Winter
2024-12-20,45,32,14.32,No,Friday,Winter
2024-12-20,50,19,411.47,No,Friday,Winter
2024-12-21,3,45,294.01,No,Saturday,Winter
2024-12-21,6,90,170.39,Yes,Saturday,Winter
2024-12-21,21,25,121.17,No,Saturday,Winter
2024-12-21,22,36,399.69,No,Saturday,Winter
2024-12-21,23,41,319.08,No,Saturday,Winter
2024-12-21,25,40,183.24,No,Saturday,Winter
2024-12-21,30,58,222.51,No,Saturday,Winter
2024-12-21,31,27,109.11,No,Saturday,Winter
2024-12-21,44,23,117.8,No,Saturday,Winter
2024-12-21,45,31,14.32,No,Saturday,Winter
2024-12-21,48,38,395.46,No,Saturday,Winter
2024-12-22,3,25,294.01,No,Sunday,Winter
2024-12-22,9,32,307.03,No,Sunday,Winter
2024-12-22,11,40,329.15,No,Sunday,Winter
2024-12-22,17,27,357.85,No,Sunday,Winter
2024-12-22,24,68,250.39,Yes,Sunday,Winter
2024-12-22,25,36,183.24,No,Sunday,Winter
2024-12-22,27,40,302.7,No,Sunday,Winter
2024-12-22,37,72,95.88,Yes,Sunday,Winter
2024-12-23,5,25,435.2,No,Monday,Winter
2024-12-23,5,18,435.2,No,Monday,Winter
2024-12-23,8,14,218.96,No,Monday,Winter
2024-12-23,26,23,246.4,No,Monday,Winter
2024-12-23,43,30,51.67,No,Monday,Winter
2024-12-23,44,31,117.8,No,Monday,Winter
2024-12-23,47,28,178.77,No,Monday,Winter
2024-12-24,2,26,231.26,No,Tuesday,Winter
2024-12-24,14,46,80.78,Yes,Tuesday,Winter
2024-12-24,18,23,33.45,No,Tuesday,Winter
2024-12-24,32,24,114.83,No,Tuesday,Winter
2024-12-24,37,16,109.21,No,Tuesday,Winter
2024-12-24,42,19,363.99,No,Tuesday,Winter
2024-12-24,45,48,10.53,Yes,Tuesday,Winter
2024-12-25,13,16,326.8,No,Wednesday,Winter
2024-12-25,13,60,266.55,Yes,Wednesday,Winter
2024-12-25,23,14,319.08,No,Wednesday,Winter
2024-12-25,25,25,183.24,No,Wednesday,Winter
2024-12-25,25,22,183.24,No,Wednesday,Winter
2024-12-25,30,31,197.63,Yes,Wednesday,Winter
2024-12-25,34,37,157.47,No,Wednesday,Winter
2024-12-25,34,25,157.47,No,Wednesday,Winter
2024-12-25,37,25,109.21,No,Wednesday,Winter
2024-12-25,41,17,356.31,No,Wednesday,Winter
2024-12-25,42,25,363.99,No,Wednesday,Winter
2024-12-25,45,18,14.32,No,Wednesday,Winter
2024-12-26,1,16,268.05,No,Thursday,Winter
2024-12-26,2,48,189.45,Yes,Thursday,Winter
2024-12-26,4,41,358.85,Yes,Thursday,Winter
2024-12-26,13,26,326.8,No,Thursday,Winter
2024-12-26,13,38,277.93,Yes,Thursday,Winter
2024-12-26,14,29,99.5,No,Thursday,Winter
2024-12-26,14,32,99.5,No,Thursday,Winter
2024-12-26,15,19,377.76,No,Thursday,Winter
2024-12-26,18,30,33.45,No,Thursday,Winter
2024-12-26,19,23,209.85,No,Thursday,Winter
2024-12-26,19,23,209.85,No,Thursday,Winter
2024-12-26,20,28,355.47,No,Thursday,Winter
2024-12-26,22,67,317.76,Yes,Thursday,Winter
2024-12-26,28,20,241.51,No,Thursday,Winter
2024-12-26,29,34,276.1,Yes,Thursday,Winter
2024-12-26,29,25,352.17,No,Thursday,Winter
2024-12-26,35,17,376.97,No,Thursday,Winter
2024-12-26,39,22,256.18,No,Thursday,Winter
2024-12-26,42,26,363.99,No,Thursday,Winter
2024-12-26,44,24,117.8,No,Thursday,Winter
2024-12-26,45,38,10.57,Yes,Thursday,Winter
2024-12-26,45,22,14.32,No,Thursday,Winter
2024-12-26,45,23,14.32,No,Thursday,Winter
2024-12-27,10,30,283.3,No,Friday,Winter
2024-12-27,10,29,283.3,No,Friday,Winter
2024-12-27,13,26,326.8,No,Friday,Winter
2024-12-27,15,19,377.76,No,Friday,Winter
2024-12-27,16,20,176.15,No,Friday,Winter
2024-12-27,17,26,357.85,No,Friday,Winter
2024-12-27,17,20,357.85,No,Friday,Winter
2024-12-27,40,43,393.76,Yes,Friday,Winter
2024-12-27,41,23,356.31,No,Friday,Winter
2024-12-27,42,30,363.99,No,Friday,Winter
2024-12-27,45,26,14.32,No,Friday,Winter
2024-12-27,46,26,360.9,No,Friday,Winter
2024-12-27,46,25,360.9,No,Friday,Winter
2024-12-27,49,18,176.08,No,Friday,Winter
2024-12-28,5,32,435.2,No,Saturday,Winter
2024-12-28,9,90,216.83,Yes,Saturday,Winter
2024-12-28,18,29,33.45,No,Saturday,Winter
2024-12-28,21,68,92.65,Yes,Saturday,Winter
2024-12-28,23,38,319.08,No,Saturday,Winter
2024-12-28,24,32,297.91,No,Saturday,Winter
2024-12-28,25,32,183.24,No,Saturday,Winter
2024-12-28,27,34,302.7,No,Saturday,Winter
2024-12-28,33,72,9.44,Yes,Saturday,Winter
2024-12-28,36,31,399.14,No,Saturday,Winter
2024-12-28,39,83,207.23,Yes,Saturday,Winter
2024-12-28,41,86,308.71,Yes,Saturday,Winter
2024-12-28,45,34,14.32,No,Saturday,Winter
2024-12-28,46,31,360.9,No,Saturday,Winter
2024-12-28,47,29,178.77,No,Saturday,Winter
2024-12-29,1,29,268.05,No,Sunday,Winter
2024-12-29,2,50,193.21,Yes,Sunday,Winter
2024-12-29,4,38,439.81,No,Sunday,Winter
2024-12-29,11,50,329.15,No,Sunday,Winter
2024-12-29,11,47,329.15,No,Sunday,Winter
2024-12-29,17,25,357.85,No,Sunday,Winter
2024-12-29,19,54,180.29,Yes,Sunday,Winter
2024-12-29,25,25,183.24,No,Sunday,Winter
2024-12-29,49,36,176.08,No,Sunday,Winter
2024-12-30,1,60,210.25,Yes,Monday,Winter
2024-12-30,3,25,294.01,No,Monday,Winter
2024-12-30,3,25,294.01,No,Monday,Winter
2024-12-30,10,20,283.3,No,Monday,Winter
2024-12-30,17,29,280.14,Yes,Monday,Winter
2024-12-30,24,20,297.91,No,Monday,Winter
2024-12-30,29,22,352.17,No,Monday,Winter
2024-12-30,41,36,297.6,Yes,Monday,Winter
2024-12-30,43,60,45.4,Yes,Monday,Winter
2024-12-30,49,35,176.08,No,Monday,Winter
2024-12-30,49,35,176.08,No,Monday,Winter
